
root@OpenWrt:~# root@OpenWrt:~# 
root@OpenWrt:~# ip addr flush dev br-lan 2>/dev/null || true
root@OpenWrt:~# 
root@OpenWrt:~# ip addr flush dev eth0
[ 1828.430871] bcmgenet 12c00000.ethernet eth0: tc7200u tx submit ring=0 q=0 len=110 frags=0 free_now=248 sw_prod=16 hw_before(p=0 c=8) hw_after(p=1 c=240) first=0x06e00802 first_stat=0x00ae6fc0 last=0x06e00802 last_stat=0x00ae6fc0
[ 1828.644468] bcmgenet 12c00000.ethernet eth0: tc7200u tx submit ring=0 q=0 len=110 frags=0 free_now=247 sw_prod=17 hw_before(p=0 c=8) hw_after(p=1 c=0) first=0x06837802 first_stat=0x00ae6fc0 last=0x06837802 last_stat=0x00ae6fc0
root@OpenWrt:~# 
root@OpenWrt:~# ip addr add 192.168.77.1/24 dev eth0
root@OpenWrt:~# 
root@OpenWrt:~# ip link set eth0 up
root@OpenWrt:~# 
root@OpenWrt:~# ip route replace 192.168.77.0/24 dev eth0
root@OpenWrt:~# 
root@OpenWrt:~# 
root@OpenWrt:~# 
root@OpenWrt:~# echo "=== hold bridge detach in background ==="
=== hold bridge detach in background ===
root@OpenWrt:~# 
root@OpenWrt:~# (
> 
>   while :; do
> 
>     hold_detach
> 
>     sleep 2
> 
>   done
> 
> ) &
root@OpenWrt:~# 
root@OpenWrt:~# DETACH_PID=$!
root@OpenWrt:~# 
root@OpenWrt:~# trap 'kill "$DETACH_PID" 2>/dev/null || true' EXIT
root@OpenWrt:~# 
root@OpenWrt:~# 
root@OpenWrt:~# 
root@OpenWrt:~# echo "=== force 10/half autoneg off ==="
=== force 10/half autoneg off ===
root@OpenWrt:~# 
root@OpenWrt:~# command -v ethtool >/dev/null 2>&1 && ethtool -s eth0 speed 10 d
uplex half autoneg off || true
[ 1852.913923] bcmgenet 12c00000.ethernet eth0: Link is Up - 10Mbps/Half - flow control off
root@OpenWrt:~# 
root@OpenWrt:~# sleep 2
root@OpenWrt:~# 
root@OpenWrt:~# command -v ethtool >/dev/null 2>&1 && ethtool eth0 || true
Settings for eth0:
	Supported ports: [ TP MII ]
	Supported link modes:   1000baseT/Full 
	Supported pause frame use: Symmetric Receive-only
	Supports auto-negotiation: Yes
	Supported FEC modes: Not reported
	Advertised link modes:  Not reported
	Advertised pause frame use: Symmetric Receive-only
	Advertised auto-negotiation: No
	Advertised FEC modes: Not reported
	Speed: 10Mb/s
	Duplex: Half
	Port: MII
	PHYAD: 0
	Transceiver: external
	Auto-negotiation: off
	Supports Wake-on: d
	Wake-on: d
	Current message level: 0x00000007 (7)
			       drv probe link
	Link detected: yes
root@OpenWrt:~# 
root@OpenWrt:~# 
root@OpenWrt:~# 
root@OpenWrt:~# OWRT_MAC="$(cat /sys/class/net/eth0/address 2>/dev/null || echo 
unknown)"
root@OpenWrt:~# 
root@OpenWrt:~# echo "=== owrt eth0 mac ==="
=== owrt eth0 mac ===
root@OpenWrt:~# 
root@OpenWrt:~# echo "$OWRT_MAC"
32:85:9a:5d:b3:cc
root@OpenWrt:~# 
root@OpenWrt:~# echo "Use this MAC in Windows script parameter -OwrtMac."
Use this MAC in Windows script parameter -OwrtMac.
root@OpenWrt:~# 
root@OpenWrt:~# 
root@OpenWrt:~# 
root@OpenWrt:~# # Keep ARP out of dataplane question.
root@OpenWrt:~# 
root@OpenWrt:~# ip neigh replace 192.168.77.2 lladdr bc:ec:a0:2d:6c:9b nud perma
nent dev eth0
root@OpenWrt:~# 
root@OpenWrt:~# 
root@OpenWrt:~# 
root@OpenWrt:~# echo "=== pre ==="
=== pre ===
root@OpenWrt:~# 
root@OpenWrt:~# date
Thu Jan  1 00:31:23 GMT 1970
root@OpenWrt:~# 
root@OpenWrt:~# ip -d link show dev eth0
2: [1;36meth0: [0m<BROADCAST,MULTICAST,UP,LOWER_UP> mtu 1500 qdisc mq state [1;32mUP [0mmode DEFAULT group default qlen 1000
    link/ether [1;33m32:85:9a:5d:b3:cc[0m brd [1;33mff:ff:ff:ff:ff:ff[0m promiscuity 0 allmulti 0 minmtu 68 maxmtu 1500 addrgenmode eui64 numtxqueues 5 numrxqueues 5 gso_max_size 65536 gso_max_segs 65535 tso_max_size 65536 tso_max_segs 65535 gro_max_size 65536 gso_ipv4_max_size 65536 gro_ipv4_max_size 65536 parentbus platform parentdev 12c00000.ethernet 
root@OpenWrt:~# 
root@OpenWrt:~# ip -s link show dev eth0
2: [1;36meth0: [0m<BROADCAST,MULTICAST,UP,LOWER_UP> mtu 1500 qdisc mq state [1;32mUP [0mmode DEFAULT group default qlen 1000
    link/ether [1;33m32:85:9a:5d:b3:cc[0m brd [1;33mff:ff:ff:ff:ff:ff[0m
    RX:  bytes packets errors dropped  missed   mcast           
             0       0      0       0       0       0 
    TX:  bytes packets errors dropped carrier collsns           
          1629       8      9       0       0       0 
root@OpenWrt:~# 
root@OpenWrt:~# ip neigh show dev eth0 || true
[1;35m192.168.77.2 [0mlladdr [1;33mbc:ec:a0:2d:6c:9b [0mPERMANENT 
root@OpenWrt:~# 
root@OpenWrt:~# cat /proc/net/arp || true
IP address       HW type     Flags       HW address            Mask     Device
192.168.77.2     0x1         0x6         bc:ec:a0:2d:6c:9b     *        eth0
root@OpenWrt:~# 
root@OpenWrt:~# cat /proc/interrupts | grep -Ei ' 64:| 66:|ERR'
 64:      13226  periph_intc@14e00048  64  eth0
 66:          0  periph_intc@14e00048  66  eth0
ERR:      46421
root@OpenWrt:~# 
root@OpenWrt:~# dump 0x12c03804
0x12c03804 = 0x00000001
root@OpenWrt:~# 
root@OpenWrt:~# dump 0x12c03808
0x12c03808 = 0x00000001
root@OpenWrt:~# 
root@OpenWrt:~# dump 0x12c03c44
0x12c03c44 = 0x00000001
root@OpenWrt:~# 
root@OpenWrt:~# dump 0x12c02c44
0x12c02c44 = 0x00000001
root@OpenWrt:~# 
root@OpenWrt:~# 
root@OpenWrt:~# 
root@OpenWrt:~# echo "=== phase1 fill tx ring (8 rounds x 300 flood) ==="
=== phase1 fill tx ring (8 rounds x 300 flood) ===
root@OpenWrt:~# 
root@OpenWrt:~# date
Thu Jan  1 00:32:01 GMT 1970
root@OpenWrt:~# 
root@OpenWrt:~# i=1
root@OpenWrt:~# 
root@OpenWrt:~# while [ "$i" -le 8 ]; do
> 
>   echo "phase1 round $i/8"
> 
>   if ! ping -I eth0 -f -c 300 192.168.77.2 >/dev/null 2>&1; then
> 
>     ping -I eth0 -c 300 -W 1 192.168.77.2 >/dev/null 2>&1 || true
> 
>   fi
> 
>   sleep 2
> 
>   i=$((i+1))
> 
> done
phase1 round 1/8
[ 1936.014543] bcmgenet 12c00000.ethernet eth0: tc7200u tx submit ring=0 q=0 len=98 frags=0 free_now=246 sw_prod=18 hw_before(p=0 c=8) hw_after(p=1 c=16) first=0x068f8002 first_stat=0x00a26fc0 last=0x068f8002 last_stat=0x00a26fc0
[ 1937.235472] bcmgenet 12c00000.ethernet eth0: tc7200u tx submit ring=0 q=0 len=98 frags=0 free_now=245 sw_prod=19 hw_before(p=0 c=8) hw_after(p=1 c=32) first=0x068f9682 first_stat=0x00a26fc0 last=0x068f9682 last_stat=0x00a26fc0
[ 1938.429195] bcmgenet 12c00000.ethernet eth0: tc7200u tx submit ring=0 q=0 len=98 frags=0 free_now=244 sw_prod=20 hw_before(p=0 c=8) hw_after(p=1 c=48) first=0x068f8782 first_stat=0x00a26fc0 last=0x068f8782 last_stat=0x00a26fc0
[ 1939.649551] bcmgenet 12c00000.ethernet eth0: tc7200u tx submit ring=0 q=0 len=98 frags=0 free_now=243 sw_prod=21 hw_before(p=0 c=8) hw_after(p=1 c=64) first=0x068f8282 first_stat=0x00a26fc0 last=0x068f8282 last_stat=0x00a26fc0
[ 1940.857640] bcmgenet 12c00000.ethernet eth0: tc7200u tx submit ring=0 q=0 len=98 frags=0 free_now=242 sw_prod=22 hw_before(p=0 c=8) hw_after(p=1 c=80) first=0x068f9402 first_stat=0x00a26fc0 last=0x068f9402 last_stat=0x00a26fc0
[ 1942.061397] bcmgenet 12c00000.ethernet eth0: tc7200u tx submit ring=0 q=0 len=98 frags=0 free_now=241 sw_prod=23 hw_before(p=0 c=8) hw_after(p=1 c=96) first=0x068f8502 first_stat=0x00a26fc0 last=0x068f8502 last_stat=0x00a26fc0
[ 1943.278649] bcmgenet 12c00000.ethernet eth0: tc7200u tx submit ring=0 q=0 len=98 frags=0 free_now=240 sw_prod=24 hw_before(p=0 c=8) hw_after(p=1 c=112) first=0x068f9182 first_stat=0x00a26fc0 last=0x068f9182 last_stat=0x00a26fc0
[ 1944.490445] bcmgenet 12c00000.ethernet eth0: tc7200u tx submit ring=0 q=0 len=98 frags=0 free_now=239 sw_prod=25 hw_before(p=0 c=8) hw_after(p=1 c=128) first=0x068f8c82 first_stat=0x00a26fc0 last=0x068f8c82 last_stat=0x00a26fc0
[ 1945.713608] bcmgenet 12c00000.ethernet eth0: tc7200u tx submit ring=0 q=0 len=98 frags=0 free_now=238 sw_prod=26 hw_before(p=0 c=8) hw_after(p=1 c=144) first=0x068f9b82 first_stat=0x00a26fc0 last=0x068f9b82 last_stat=0x00a26fc0
[ 1946.938320] bcmgenet 12c00000.ethernet eth0: tc7200u tx submit ring=0 q=0 len=98 frags=0 free_now=237 sw_prod=27 hw_before(p=0 c=8) hw_after(p=1 c=160) first=0x068f8a02 first_stat=0x00a26fc0 last=0x068f8a02 last_stat=0x00a26fc0
[ 1948.149092] bcmgenet 12c00000.ethernet eth0: tc7200u tx submit ring=0 q=0 len=98 frags=0 free_now=236 sw_prod=28 hw_before(p=0 c=8) hw_after(p=1 c=176) first=0x068f8f02 first_stat=0x00a26fc0 last=0x068f8f02 last_stat=0x00a26fc0
[ 1949.378729] bcmgenet 12c00000.ethernet eth0: tc7200u tx submit ring=0 q=0 len=98 frags=0 free_now=235 sw_prod=29 hw_before(p=0 c=8) hw_after(p=1 c=192) first=0x06f67402 first_stat=0x00a26fc0 last=0x06f67402 last_stat=0x00a26fc0
[ 1950.587273] bcmgenet 12c00000.ethernet eth0: tc7200u tx submit ring=0 q=0 len=98 frags=0 free_now=234 sw_prod=30 hw_before(p=0 c=8) hw_after(p=1 c=208) first=0x06f67902 first_stat=0x00a26fc0 last=0x06f67902 last_stat=0x00a26fc0
[ 1951.799452] bcmgenet 12c00000.ethernet eth0: tc7200u tx submit ring=0 q=0 len=98 frags=0 free_now=233 sw_prod=31 hw_before(p=0 c=8) hw_after(p=1 c=224) first=0x06f67682 first_stat=0x00a26fc0 last=0x06f67682 last_stat=0x00a26fc0
[ 1953.008396] bcmgenet 12c00000.ethernet eth0: tc7200u tx submit ring=0 q=0 len=98 frags=0 free_now=232 sw_prod=32 hw_before(p=0 c=8) hw_after(p=1 c=240) first=0x06f66002 first_stat=0x00a26fc0 last=0x06f66002 last_stat=0x00a26fc0
[ 1954.225128] bcmgenet 12c00000.ethernet eth0: tc7200u tx submit ring=0 q=0 len=98 frags=0 free_now=231 sw_prod=33 hw_before(p=0 c=8) hw_after(p=1 c=0) first=0x06f66502 first_stat=0x00a26fc0 last=0x06f66502 last_stat=0x00a26fc0
[ 1955.427975] bcmgenet 12c00000.ethernet eth0: tc7200u tx submit ring=0 q=0 len=98 frags=0 free_now=230 sw_prod=34 hw_before(p=0 c=8) hw_after(p=1 c=16) first=0x06f67b82 first_stat=0x00a26fc0 last=0x06f67b82 last_stat=0x00a26fc0
[ 1956.648280] bcmgenet 12c00000.ethernet eth0: tc7200u tx submit ring=0 q=0 len=98 frags=0 free_now=229 sw_prod=35 hw_before(p=0 c=8) hw_after(p=1 c=32) first=0x06f66a02 first_stat=0x00a26fc0 last=0x06f66a02 last_stat=0x00a26fc0
[ 1957.848465] bcmgenet 12c00000.ethernet eth0: tc7200u tx submit ring=0 q=0 len=98 frags=0 free_now=228 sw_prod=36 hw_before(p=0 c=8) hw_after(p=1 c=48) first=0x06f66f02 first_stat=0x00a26fc0 last=0x06f66f02 last_stat=0x00a26fc0
[ 1959.049499] bcmgenet 12c00000.ethernet eth0: tc7200u tx submit ring=0 q=0 len=98 frags=0 free_now=227 sw_prod=37 hw_before(p=0 c=8) hw_after(p=1 c=64) first=0x06f66782 first_stat=0x00a26fc0 last=0x06f66782 last_stat=0x00a26fc0
[ 1960.257592] bcmgenet 12c00000.ethernet eth0: tc7200u tx submit ring=0 q=0 len=98 frags=0 free_now=226 sw_prod=38 hw_before(p=0 c=8) hw_after(p=1 c=80) first=0x06f66c82 first_stat=0x00a26fc0 last=0x06f66c82 last_stat=0x00a26fc0
[ 1961.461557] bcmgenet 12c00000.ethernet eth0: tc7200u tx submit ring=0 q=0 len=98 frags=0 free_now=225 sw_prod=39 hw_before(p=0 c=8) hw_after(p=1 c=96) first=0x06f66282 first_stat=0x00a26fc0 last=0x06f66282 last_stat=0x00a26fc0
[ 1962.687948] bcmgenet 12c00000.ethernet eth0: tc7200u tx submit ring=0 q=0 len=98 frags=0 free_now=224 sw_prod=40 hw_before(p=0 c=8) hw_after(p=1 c=112) first=0x068cf682 first_stat=0x00a26fc0 last=0x068cf682 last_stat=0x00a26fc0
[ 1964.867770] bcmgenet 12c00000.ethernet eth0: NETDEV WATCHDOG: CPU: 0: transmit queue 0 timed out 2150 ms
[ 1964.912607] bcmgenet 12c00000.ethernet eth0: tc7200u tx submit ring=0 q=0 len=98 frags=0 free_now=472 sw_prod=41 hw_before(p=0 c=8) hw_after(p=1 c=128) first=0x068ce002 first_stat=0x00a26fc0 last=0x068ce002 last_stat=0x00a26fc0
[ 1964.965229] bcmgenet 12c00000.ethernet eth0: tc7200u tx submit ring=0 q=0 len=98 frags=0 free_now=471 sw_prod=42 hw_before(p=0 c=8) hw_after(p=1 c=144) first=0x068cf682 first_stat=0x00a26fc0 last=0x068cf682 last_stat=0x00a26fc0
[ 1966.078952] bcmgenet 12c00000.ethernet eth0: tc7200u tx submit ring=0 q=0 len=98 frags=0 free_now=470 sw_prod=43 hw_before(p=0 c=8) hw_after(p=1 c=160) first=0x068ce502 first_stat=0x00a26fc0 last=0x068ce502 last_stat=0x00a26fc0
[ 1967.275076] bcmgenet 12c00000.ethernet eth0: tc7200u tx submit ring=0 q=0 len=98 frags=0 free_now=469 sw_prod=44 hw_before(p=0 c=8) hw_after(p=1 c=176) first=0x068cea02 first_stat=0x00a26fc0 last=0x068cea02 last_stat=0x00a26fc0
[ 1968.485306] bcmgenet 12c00000.ethernet eth0: tc7200u tx submit ring=0 q=0 len=98 frags=0 free_now=468 sw_prod=45 hw_before(p=0 c=8) hw_after(p=1 c=192) first=0x068cef02 first_stat=0x00a26fc0 last=0x068cef02 last_stat=0x00a26fc0
[ 1969.648222] bcmgenet 12c00000.ethernet eth0: tc7200u tx submit ring=0 q=0 len=98 frags=0 free_now=467 sw_prod=46 hw_before(p=0 c=8) hw_after(p=1 c=208) first=0x068cfb82 first_stat=0x00a26fc0 last=0x068cfb82 last_stat=0x00a26fc0
[ 1970.809816] bcmgenet 12c00000.ethernet eth0: tc7200u tx submit ring=0 q=0 len=98 frags=0 free_now=466 sw_prod=47 hw_before(p=0 c=8) hw_after(p=1 c=224) first=0x068ce782 first_stat=0x00a26fc0 last=0x068ce782 last_stat=0x00a26fc0
[ 1972.028159] bcmgenet 12c00000.ethernet eth0: tc7200u tx submit ring=0 q=0 len=98 frags=0 free_now=465 sw_prod=48 hw_before(p=0 c=8) hw_after(p=1 c=240) first=0x068cec82 first_stat=0x00a26fc0 last=0x068cec82 last_stat=0x00a26fc0
[ 1973.236979] bcmgenet 12c00000.ethernet eth0: tc7200u tx submit ring=0 q=0 len=98 frags=0 free_now=464 sw_prod=49 hw_before(p=0 c=8) hw_after(p=1 c=0) first=0x068cf182 first_stat=0x00a26fc0 last=0x068cf182 last_stat=0x00a26fc0
[ 1974.448523] bcmgenet 12c00000.ethernet eth0: tc7200u tx submit ring=0 q=0 len=98 frags=0 free_now=463 sw_prod=50 hw_before(p=0 c=8) hw_after(p=1 c=16) first=0x068ce282 first_stat=0x00a26fc0 last=0x068ce282 last_stat=0x00a26fc0
[ 1975.657996] bcmgenet 12c00000.ethernet eth0: tc7200u tx submit ring=0 q=0 len=98 frags=0 free_now=462 sw_prod=51 hw_before(p=0 c=8) hw_after(p=1 c=32) first=0x068cf402 first_stat=0x00a26fc0 last=0x068cf402 last_stat=0x00a26fc0
[ 1976.868272] bcmgenet 12c00000.ethernet eth0: tc7200u tx submit ring=0 q=0 len=98 frags=0 free_now=461 sw_prod=52 hw_before(p=0 c=8) hw_after(p=1 c=48) first=0x068cf902 first_stat=0x00a26fc0 last=0x068cf902 last_stat=0x00a26fc0
[ 1978.089734] bcmgenet 12c00000.ethernet eth0: tc7200u tx submit ring=0 q=0 len=98 frags=0 free_now=460 sw_prod=53 hw_before(p=0 c=8) hw_after(p=1 c=64) first=0x068f8f02 first_stat=0x00a26fc0 last=0x068f8f02 last_stat=0x00a26fc0
[ 1979.308527] bcmgenet 12c00000.ethernet eth0: tc7200u tx submit ring=0 q=0 len=98 frags=0 free_now=459 sw_prod=54 hw_before(p=0 c=8) hw_after(p=1 c=80) first=0x068f8a02 first_stat=0x00a26fc0 last=0x068f8a02 last_stat=0x00a26fc0
[ 1980.509020] bcmgenet 12c00000.ethernet eth0: tc7200u tx submit ring=0 q=0 len=98 frags=0 free_now=458 sw_prod=55 hw_before(p=0 c=8) hw_after(p=1 c=96) first=0x068f9b82 first_stat=0x00a26fc0 last=0x068f9b82 last_stat=0x00a26fc0
[ 1981.719003] bcmgenet 12c00000.ethernet eth0: tc7200u tx submit ring=0 q=0 len=98 frags=0 free_now=457 sw_prod=56 hw_before(p=0 c=8) hw_after(p=1 c=112) first=0x068f8c82 first_stat=0x00a26fc0 last=0x068f8c82 last_stat=0x00a26fc0
[ 1982.919879] bcmgenet 12c00000.ethernet eth0: tc7200u tx submit ring=0 q=0 len=98 frags=0 free_now=456 sw_prod=57 hw_before(p=0 c=8) hw_after(p=1 c=128) first=0x068f9182 first_stat=0x00a26fc0 last=0x068f9182 last_stat=0x00a26fc0
[ 1984.158635] bcmgenet 12c00000.ethernet eth0: tc7200u tx submit ring=0 q=0 len=98 frags=0 free_now=455 sw_prod=58 hw_before(p=0 c=8) hw_after(p=1 c=144) first=0x068f8502 first_stat=0x00a26fc0 last=0x068f8502 last_stat=0x00a26fc0
[ 1985.368985] bcmgenet 12c00000.ethernet eth0: tc7200u tx submit ring=0 q=0 len=98 frags=0 free_now=454 sw_prod=59 hw_before(p=0 c=8) hw_after(p=1 c=160) first=0x068f9402 first_stat=0x00a26fc0 last=0x068f9402 last_stat=0x00a26fc0
[ 1986.580966] bcmgenet 12c00000.ethernet eth0: tc7200u tx submit ring=0 q=0 len=98 frags=0 free_now=453 sw_prod=60 hw_before(p=0 c=8) hw_after(p=1 c=176) first=0x068f8282 first_stat=0x00a26fc0 last=0x068f8282 last_stat=0x00a26fc0
[ 1987.798517] bcmgenet 12c00000.ethernet eth0: tc7200u tx submit ring=0 q=0 len=98 frags=0 free_now=452 sw_prod=61 hw_before(p=0 c=8) hw_after(p=1 c=192) first=0x068f8782 first_stat=0x00a26fc0 last=0x068f8782 last_stat=0x00a26fc0
[ 1989.008843] bcmgenet 12c00000.ethernet eth0: tc7200u tx submit ring=0 q=0 len=98 frags=0 free_now=451 sw_prod=62 hw_before(p=0 c=8) hw_after(p=1 c=208) first=0x068f9682 first_stat=0x00a26fc0 last=0x068f9682 last_stat=0x00a26fc0
[ 1990.228306] bcmgenet 12c00000.ethernet eth0: tc7200u tx submit ring=0 q=0 len=98 frags=0 free_now=450 sw_prod=63 hw_before(p=0 c=8) hw_after(p=1 c=224) first=0x068f8002 first_stat=0x00a26fc0 last=0x068f8002 last_stat=0x00a26fc0
[ 1991.448762] bcmgenet 12c00000.ethernet eth0: tc7200u tx submit ring=0 q=0 len=98 frags=0 free_now=449 sw_prod=64 hw_before(p=0 c=8) hw_after(p=1 c=240) first=0x068f9902 first_stat=0x00a26fc0 last=0x068f9902 last_stat=0x00a26fc0
[ 1992.649186] bcmgenet 12c00000.ethernet eth0: tc7200u tx submit ring=0 q=0 len=98 frags=0 free_now=448 sw_prod=65 hw_before(p=0 c=8) hw_after(p=1 c=0) first=0x06f66282 first_stat=0x00a26fc0 last=0x06f66282 last_stat=0x00a26fc0
[ 1993.860011] bcmgenet 12c00000.ethernet eth0: tc7200u tx submit ring=0 q=0 len=98 frags=0 free_now=447 sw_prod=66 hw_before(p=0 c=8) hw_after(p=1 c=16) first=0x06f66c82 first_stat=0x00a26fc0 last=0x06f66c82 last_stat=0x00a26fc0
[ 1995.088681] bcmgenet 12c00000.ethernet eth0: tc7200u tx submit ring=0 q=0 len=98 frags=0 free_now=446 sw_prod=67 hw_before(p=0 c=8) hw_after(p=1 c=32) first=0x06f66782 first_stat=0x00a26fc0 last=0x06f66782 last_stat=0x00a26fc0
[ 1996.288783] bcmgenet 12c00000.ethernet eth0: tc7200u tx submit ring=0 q=0 len=98 frags=0 free_now=445 sw_prod=68 hw_before(p=0 c=8) hw_after(p=1 c=48) first=0x06f66f02 first_stat=0x00a26fc0 last=0x06f66f02 last_stat=0x00a26fc0
[ 1997.510060] bcmgenet 12c00000.ethernet eth0: tc7200u tx submit ring=0 q=0 len=98 frags=0 free_now=444 sw_prod=69 hw_before(p=0 c=8) hw_after(p=1 c=64) first=0x06f66a02 first_stat=0x00a26fc0 last=0x06f66a02 last_stat=0x00a26fc0
[ 1998.735121] bcmgenet 12c00000.ethernet eth0: tc7200u tx submit ring=0 q=0 len=98 frags=0 free_now=443 sw_prod=70 hw_before(p=0 c=8) hw_after(p=1 c=80) first=0x06f67b82 first_stat=0x00a26fc0 last=0x06f67b82 last_stat=0x00a26fc0
[ 1999.936898] bcmgenet 12c00000.ethernet eth0: tc7200u tx submit ring=0 q=0 len=98 frags=0 free_now=442 sw_prod=71 hw_before(p=0 c=8) hw_after(p=1 c=96) first=0x06f66002 first_stat=0x00a26fc0 last=0x06f66002 last_stat=0x00a26fc0
[ 2001.148234] bcmgenet 12c00000.ethernet eth0: tc7200u tx submit ring=0 q=0 len=98 frags=0 free_now=441 sw_prod=72 hw_before(p=0 c=8) hw_after(p=1 c=112) first=0x06f66502 first_stat=0x00a26fc0 last=0x06f66502 last_stat=0x00a26fc0
[ 2002.299542] bcmgenet 12c00000.ethernet eth0: tc7200u tx submit ring=0 q=0 len=98 frags=0 free_now=440 sw_prod=73 hw_before(p=0 c=8) hw_after(p=1 c=128) first=0x06f67682 first_stat=0x00a26fc0 last=0x06f67682 last_stat=0x00a26fc0
[ 2003.482171] bcmgenet 12c00000.ethernet eth0: tc7200u tx submit ring=0 q=0 len=98 frags=0 free_now=439 sw_prod=74 hw_before(p=0 c=8) hw_after(p=1 c=144) first=0x06f67902 first_stat=0x00a26fc0 last=0x06f67902 last_stat=0x00a26fc0
[ 2005.908632] bcmgenet 12c00000.ethernet eth0: NETDEV WATCHDOG: CPU: 0: transmit queue 0 timed out 2400 ms
[ 2007.937184] bcmgenet 12c00000.ethernet eth0: NETDEV WATCHDOG: CPU: 0: transmit queue 0 timed out 2010 ms
[ 2009.967300] bcmgenet 12c00000.ethernet eth0: NETDEV WATCHDOG: CPU: 0: transmit queue 0 timed out 2010 ms
[ 2010.007036] bcmgenet 12c00000.ethernet eth0: tc7200u tx submit ring=0 q=0 len=98 frags=0 free_now=694 sw_prod=75 hw_before(p=0 c=8) hw_after(p=1 c=160) first=0x06f67182 first_stat=0x00a26fc0 last=0x06f67182 last_stat=0x00a26fc0
[ 2010.059929] bcmgenet 12c00000.ethernet eth0: tc7200u tx submit ring=0 q=0 len=98 frags=0 free_now=689 sw_prod=80 hw_before(p=0 c=8) hw_after(p=1 c=240) first=0x06f7ca02 first_stat=0x00a26fc0 last=0x06f7ca02 last_stat=0x00a26fc0
[ 2010.789433] bcmgenet 12c00000.ethernet eth0: tc7200u tx submit ring=0 q=0 len=98 frags=0 free_now=688 sw_prod=81 hw_before(p=0 c=8) hw_after(p=1 c=0) first=0x06f7db82 first_stat=0x00a26fc0 last=0x06f7db82 last_stat=0x00a26fc0
[ 2011.990174] bcmgenet 12c00000.ethernet eth0: tc7200u tx submit ring=0 q=0 len=98 frags=0 free_now=687 sw_prod=82 hw_before(p=0 c=8) hw_after(p=1 c=16) first=0x06f7cf02 first_stat=0x00a26fc0 last=0x06f7cf02 last_stat=0x00a26fc0
[ 2013.209904] bcmgenet 12c00000.ethernet eth0: tc7200u tx submit ring=0 q=0 len=98 frags=0 free_now=686 sw_prod=83 hw_before(p=0 c=8) hw_after(p=1 c=32) first=0x06f7c782 first_stat=0x00a26fc0 last=0x06f7c782 last_stat=0x00a26fc0
[ 2014.428319] bcmgenet 12c00000.ethernet eth0: tc7200u tx submit ring=0 q=0 len=98 frags=0 free_now=685 sw_prod=84 hw_before(p=0 c=8) hw_after(p=1 c=48) first=0x06f7cc82 first_stat=0x00a26fc0 last=0x06f7cc82 last_stat=0x00a26fc0
[ 2015.630139] bcmgenet 12c00000.ethernet eth0: tc7200u tx submit ring=0 q=0 len=98 frags=0 free_now=684 sw_prod=85 hw_before(p=0 c=8) hw_after(p=1 c=64) first=0x06f7c282 first_stat=0x00a26fc0 last=0x06f7c282 last_stat=0x00a26fc0
[ 2016.838951] bcmgenet 12c00000.ethernet eth0: tc7200u tx submit ring=0 q=0 len=98 frags=0 free_now=683 sw_prod=86 hw_before(p=0 c=8) hw_after(p=1 c=80) first=0x06f7d182 first_stat=0x00a26fc0 last=0x06f7d182 last_stat=0x00a26fc0
[ 2018.058193] bcmgenet 12c00000.ethernet eth0: tc7200u tx submit ring=0 q=0 len=98 frags=0 free_now=682 sw_prod=87 hw_before(p=0 c=8) hw_after(p=1 c=96) first=0x06f7d402 first_stat=0x00a26fc0 last=0x06f7d402 last_stat=0x00a26fc0
[ 2019.269531] bcmgenet 12c00000.ethernet eth0: tc7200u tx submit ring=0 q=0 len=98 frags=0 free_now=681 sw_prod=88 hw_before(p=0 c=8) hw_after(p=1 c=112) first=0x06f7d902 first_stat=0x00a26fc0 last=0x06f7d902 last_stat=0x00a26fc0
[ 2020.485454] bcmgenet 12c00000.ethernet eth0: tc7200u tx submit ring=0 q=0 len=98 frags=0 free_now=680 sw_prod=89 hw_before(p=0 c=8) hw_after(p=1 c=128) first=0x06f67902 first_stat=0x00a26fc0 last=0x06f67902 last_stat=0x00a26fc0
[ 2021.689386] bcmgenet 12c00000.ethernet eth0: tc7200u tx submit ring=0 q=0 len=98 frags=0 free_now=679 sw_prod=90 hw_before(p=0 c=8) hw_after(p=1 c=144) first=0x06f67682 first_stat=0x00a26fc0 last=0x06f67682 last_stat=0x00a26fc0
[ 2022.890839] bcmgenet 12c00000.ethernet eth0: tc7200u tx submit ring=0 q=0 len=98 frags=0 free_now=678 sw_prod=91 hw_before(p=0 c=8) hw_after(p=1 c=160) first=0x06f66502 first_stat=0x00a26fc0 last=0x06f66502 last_stat=0x00a26fc0
[ 2024.118916] bcmgenet 12c00000.ethernet eth0: tc7200u tx submit ring=0 q=0 len=98 frags=0 free_now=677 sw_prod=92 hw_before(p=0 c=8) hw_after(p=1 c=176) first=0x06f66002 first_stat=0x00a26fc0 last=0x06f66002 last_stat=0x00a26fc0
[ 2025.326906] bcmgenet 12c00000.ethernet eth0: tc7200u tx submit ring=0 q=0 len=98 frags=0 free_now=676 sw_prod=93 hw_before(p=0 c=8) hw_after(p=1 c=192) first=0x06f67b82 first_stat=0x00a26fc0 last=0x06f67b82 last_stat=0x00a26fc0
[ 2026.530194] bcmgenet 12c00000.ethernet eth0: tc7200u tx submit ring=0 q=0 len=98 frags=0 free_now=675 sw_prod=94 hw_before(p=0 c=8) hw_after(p=1 c=208) first=0x06f66a02 first_stat=0x00a26fc0 last=0x06f66a02 last_stat=0x00a26fc0
[ 2027.758350] bcmgenet 12c00000.ethernet eth0: tc7200u tx submit ring=0 q=0 len=98 frags=0 free_now=674 sw_prod=95 hw_before(p=0 c=8) hw_after(p=1 c=224) first=0x06f66f02 first_stat=0x00a26fc0 last=0x06f66f02 last_stat=0x00a26fc0
[ 2028.977023] bcmgenet 12c00000.ethernet eth0: tc7200u tx submit ring=0 q=0 len=98 frags=0 free_now=673 sw_prod=96 hw_before(p=0 c=8) hw_after(p=1 c=240) first=0x06f66782 first_stat=0x00a26fc0 last=0x06f66782 last_stat=0x00a26fc0
[ 2030.200666] bcmgenet 12c00000.ethernet eth0: tc7200u tx submit ring=0 q=0 len=98 frags=0 free_now=672 sw_prod=97 hw_before(p=0 c=8) hw_after(p=1 c=0) first=0x06f66c82 first_stat=0x00a26fc0 last=0x06f66c82 last_stat=0x00a26fc0
[ 2031.410073] bcmgenet 12c00000.ethernet eth0: tc7200u tx submit ring=0 q=0 len=98 frags=0 free_now=671 sw_prod=98 hw_before(p=0 c=8) hw_after(p=1 c=16) first=0x06f66282 first_stat=0x00a26fc0 last=0x06f66282 last_stat=0x00a26fc0
[ 2032.630591] bcmgenet 12c00000.ethernet eth0: tc7200u tx submit ring=0 q=0 len=98 frags=0 free_now=670 sw_prod=99 hw_before(p=0 c=8) hw_after(p=1 c=32) first=0x068f9902 first_stat=0x00a26fc0 last=0x068f9902 last_stat=0x00a26fc0
[ 2033.847989] bcmgenet 12c00000.ethernet eth0: tc7200u tx submit ring=0 q=0 len=98 frags=0 free_now=669 sw_prod=100 hw_before(p=0 c=8) hw_after(p=1 c=48) first=0x068f8002 first_stat=0x00a26fc0 last=0x068f8002 last_stat=0x00a26fc0
[ 2035.048775] bcmgenet 12c00000.ethernet eth0: tc7200u tx submit ring=0 q=0 len=98 frags=0 free_now=668 sw_prod=101 hw_before(p=0 c=8) hw_after(p=1 c=64) first=0x068f9682 first_stat=0x00a26fc0 last=0x068f9682 last_stat=0x00a26fc0
[ 2036.268943] bcmgenet 12c00000.ethernet eth0: tc7200u tx submit ring=0 q=0 len=98 frags=0 free_now=667 sw_prod=102 hw_before(p=0 c=8) hw_after(p=1 c=80) first=0x068f8282 first_stat=0x00a26fc0 last=0x068f8282 last_stat=0x00a26fc0
[ 2037.478553] bcmgenet 12c00000.ethernet eth0: tc7200u tx submit ring=0 q=0 len=98 frags=0 free_now=666 sw_prod=103 hw_before(p=0 c=8) hw_after(p=1 c=96) first=0x068f8782 first_stat=0x00a26fc0 last=0x068f8782 last_stat=0x00a26fc0
[ 2038.638801] bcmgenet 12c00000.ethernet eth0: tc7200u tx submit ring=0 q=0 len=98 frags=0 free_now=665 sw_prod=104 hw_before(p=0 c=8) hw_after(p=1 c=112) first=0x068f9402 first_stat=0x00a26fc0 last=0x068f9402 last_stat=0x00a26fc0
[ 2039.798359] bcmgenet 12c00000.ethernet eth0: tc7200u tx submit ring=0 q=0 len=98 frags=0 free_now=664 sw_prod=105 hw_before(p=0 c=8) hw_after(p=1 c=128) first=0x068f8502 first_stat=0x00a26fc0 last=0x068f8502 last_stat=0x00a26fc0
[ 2041.009362] bcmgenet 12c00000.ethernet eth0: tc7200u tx submit ring=0 q=0 len=98 frags=0 free_now=663 sw_prod=106 hw_before(p=0 c=8) hw_after(p=1 c=144) first=0x068f8c82 first_stat=0x00a26fc0 last=0x068f8c82 last_stat=0x00a26fc0
[ 2042.208624] bcmgenet 12c00000.ethernet eth0: tc7200u tx submit ring=0 q=0 len=98 frags=0 free_now=662 sw_prod=107 hw_before(p=0 c=8) hw_after(p=1 c=160) first=0x068f9b82 first_stat=0x00a26fc0 last=0x068f9b82 last_stat=0x00a26fc0
[ 2043.370416] bcmgenet 12c00000.ethernet eth0: tc7200u tx submit ring=0 q=0 len=98 frags=0 free_now=661 sw_prod=108 hw_before(p=0 c=8) hw_after(p=1 c=176) first=0x068f9182 first_stat=0x00a26fc0 last=0x068f9182 last_stat=0x00a26fc0
[ 2044.546971] bcmgenet 12c00000.ethernet eth0: tc7200u tx submit ring=0 q=0 len=98 frags=0 free_now=660 sw_prod=109 hw_before(p=0 c=8) hw_after(p=1 c=192) first=0x068f8a02 first_stat=0x00a26fc0 last=0x068f8a02 last_stat=0x00a26fc0
[ 2045.777983] bcmgenet 12c00000.ethernet eth0: tc7200u tx submit ring=0 q=0 len=98 frags=0 free_now=659 sw_prod=110 hw_before(p=0 c=8) hw_after(p=1 c=208) first=0x068f8f02 first_stat=0x00a26fc0 last=0x068f8f02 last_stat=0x00a26fc0
[ 2046.999166] bcmgenet 12c00000.ethernet eth0: tc7200u tx submit ring=0 q=0 len=98 frags=0 free_now=658 sw_prod=111 hw_before(p=0 c=8) hw_after(p=1 c=224) first=0x068cf402 first_stat=0x00a26fc0 last=0x068cf402 last_stat=0x00a26fc0
[ 2048.211139] bcmgenet 12c00000.ethernet eth0: tc7200u tx submit ring=0 q=0 len=98 frags=0 free_now=657 sw_prod=112 hw_before(p=0 c=8) hw_after(p=1 c=240) first=0x068cf902 first_stat=0x00a26fc0 last=0x068cf902 last_stat=0x00a26fc0
[ 2049.419418] bcmgenet 12c00000.ethernet eth0: tc7200u tx submit ring=0 q=0 len=98 frags=0 free_now=656 sw_prod=113 hw_before(p=0 c=8) hw_after(p=1 c=0) first=0x068ce282 first_stat=0x00a26fc0 last=0x068ce282 last_stat=0x00a26fc0
[ 2050.639230] bcmgenet 12c00000.ethernet eth0: tc7200u tx submit ring=0 q=0 len=98 frags=0 free_now=655 sw_prod=114 hw_before(p=0 c=8) hw_after(p=1 c=16) first=0x068cf182 first_stat=0x00a26fc0 last=0x068cf182 last_stat=0x00a26fc0
[ 2051.869089] bcmgenet 12c00000.ethernet eth0: tc7200u tx submit ring=0 q=0 len=98 frags=0 free_now=654 sw_prod=115 hw_before(p=0 c=8) hw_after(p=1 c=32) first=0x068cec82 first_stat=0x00a26fc0 last=0x068cec82 last_stat=0x00a26fc0
[ 2053.078224] bcmgenet 12c00000.ethernet eth0: tc7200u tx submit ring=0 q=0 len=98 frags=0 free_now=653 sw_prod=116 hw_before(p=0 c=8) hw_after(p=1 c=48) first=0x068ce782 first_stat=0x00a26fc0 last=0x068ce782 last_stat=0x00a26fc0
[ 2054.287826] bcmgenet 12c00000.ethernet eth0: tc7200u tx submit ring=0 q=0 len=98 frags=0 free_now=652 sw_prod=117 hw_before(p=0 c=8) hw_after(p=1 c=64) first=0x068cfb82 first_stat=0x00a26fc0 last=0x068cfb82 last_stat=0x00a26fc0
[ 2055.489584] bcmgenet 12c00000.ethernet eth0: tc7200u tx submit ring=0 q=0 len=98 frags=0 free_now=651 sw_prod=118 hw_before(p=0 c=8) hw_after(p=1 c=80) first=0x068cef02 first_stat=0x00a26fc0 last=0x068cef02 last_stat=0x00a26fc0
[ 2056.705309] bcmgenet 12c00000.ethernet eth0: tc7200u tx submit ring=0 q=0 len=98 frags=0 free_now=650 sw_prod=119 hw_before(p=0 c=8) hw_after(p=1 c=96) first=0x068cea02 first_stat=0x00a26fc0 last=0x068cea02 last_stat=0x00a26fc0
[ 2057.918565] bcmgenet 12c00000.ethernet eth0: tc7200u tx submit ring=0 q=0 len=98 frags=0 free_now=649 sw_prod=120 hw_before(p=0 c=8) hw_after(p=1 c=112) first=0x068ce502 first_stat=0x00a26fc0 last=0x068ce502 last_stat=0x00a26fc0
[ 2059.139858] bcmgenet 12c00000.ethernet eth0: tc7200u tx submit ring=0 q=0 len=98 frags=0 free_now=648 sw_prod=121 hw_before(p=0 c=8) hw_after(p=1 c=128) first=0x068cf682 first_stat=0x00a26fc0 last=0x068cf682 last_stat=0x00a26fc0
[ 2060.349003] bcmgenet 12c00000.ethernet eth0: tc7200u tx submit ring=0 q=0 len=98 frags=0 free_now=647 sw_prod=122 hw_before(p=0 c=8) hw_after(p=1 c=144) first=0x068ce002 first_stat=0x00a26fc0 last=0x068ce002 last_stat=0x00a26fc0
[ 2061.549938] bcmgenet 12c00000.ethernet eth0: tc7200u tx submit ring=0 q=0 len=98 frags=0 free_now=646 sw_prod=123 hw_before(p=0 c=8) hw_after(p=1 c=160) first=0x06f7af02 first_stat=0x00a26fc0 last=0x06f7af02 last_stat=0x00a26fc0
[ 2062.761015] bcmgenet 12c00000.ethernet eth0: tc7200u tx submit ring=0 q=0 len=98 frags=0 free_now=645 sw_prod=124 hw_before(p=0 c=8) hw_after(p=1 c=176) first=0x06f7a782 first_stat=0x00a26fc0 last=0x06f7a782 last_stat=0x00a26fc0
[ 2063.988867] bcmgenet 12c00000.ethernet eth0: tc7200u tx submit ring=0 q=0 len=98 frags=0 free_now=644 sw_prod=125 hw_before(p=0 c=8) hw_after(p=1 c=192) first=0x06f7ac82 first_stat=0x00a26fc0 last=0x06f7ac82 last_stat=0x00a26fc0
[ 2065.199343] bcmgenet 12c00000.ethernet eth0: tc7200u tx submit ring=0 q=0 len=98 frags=0 free_now=643 sw_prod=126 hw_before(p=0 c=8) hw_after(p=1 c=208) first=0x06f7a282 first_stat=0x00a26fc0 last=0x06f7a282 last_stat=0x00a26fc0
[ 2066.417005] bcmgenet 12c00000.ethernet eth0: tc7200u tx submit ring=0 q=0 len=98 frags=0 free_now=642 sw_prod=127 hw_before(p=0 c=8) hw_after(p=1 c=224) first=0x06f7b182 first_stat=0x00a26fc0 last=0x06f7b182 last_stat=0x00a26fc0
[ 2067.628407] bcmgenet 12c00000.ethernet eth0: tc7200u tx submit ring=0 q=0 len=98 frags=0 free_now=641 sw_prod=128 hw_before(p=0 c=8) hw_after(p=1 c=240) first=0x06f7b402 first_stat=0x00a26fc0 last=0x06f7b402 last_stat=0x00a26fc0
[ 2068.834304] bcmgenet 12c00000.ethernet eth0: tc7200u tx submit ring=0 q=0 len=98 frags=0 free_now=640 sw_prod=129 hw_before(p=0 c=8) hw_after(p=1 c=0) first=0x06f7b902 first_stat=0x00a26fc0 last=0x06f7b902 last_stat=0x00a26fc0
[ 2070.089611] bcmgenet 12c00000.ethernet eth0: tc7200u tx submit ring=0 q=0 len=98 frags=0 free_now=639 sw_prod=130 hw_before(p=0 c=8) hw_after(p=1 c=16) first=0x06f7b682 first_stat=0x00a26fc0 last=0x06f7b682 last_stat=0x00a26fc0
[ 2071.300026] bcmgenet 12c00000.ethernet eth0: tc7200u tx submit ring=0 q=0 len=98 frags=0 free_now=638 sw_prod=131 hw_before(p=0 c=8) hw_after(p=1 c=32) first=0x06f7a002 first_stat=0x00a26fc0 last=0x06f7a002 last_stat=0x00a26fc0
[ 2072.521533] bcmgenet 12c00000.ethernet eth0: tc7200u tx submit ring=0 q=0 len=98 frags=0 free_now=637 sw_prod=132 hw_before(p=0 c=8) hw_after(p=1 c=48) first=0x06f7a502 first_stat=0x00a26fc0 last=0x06f7a502 last_stat=0x00a26fc0
[ 2073.730744] bcmgenet 12c00000.ethernet eth0: tc7200u tx submit ring=0 q=0 len=98 frags=0 free_now=636 sw_prod=133 hw_before(p=0 c=8) hw_after(p=1 c=64) first=0x06f7aa02 first_stat=0x00a26fc0 last=0x06f7aa02 last_stat=0x00a26fc0
[ 2074.940516] bcmgenet 12c00000.ethernet eth0: tc7200u tx submit ring=0 q=0 len=98 frags=0 free_now=635 sw_prod=134 hw_before(p=0 c=8) hw_after(p=1 c=80) first=0x06f7bb82 first_stat=0x00a26fc0 last=0x06f7bb82 last_stat=0x00a26fc0
[ 2076.100848] bcmgenet 12c00000.ethernet eth0: tc7200u tx submit ring=0 q=0 len=98 frags=0 free_now=634 sw_prod=135 hw_before(p=0 c=8) hw_after(p=1 c=96) first=0x06f3b182 first_stat=0x00a26fc0 last=0x06f3b182 last_stat=0x00a26fc0
[ 2077.307865] bcmgenet 12c00000.ethernet eth0: tc7200u tx submit ring=0 q=0 len=98 frags=0 free_now=633 sw_prod=136 hw_before(p=0 c=8) hw_after(p=1 c=112) first=0x06f3b402 first_stat=0x00a26fc0 last=0x06f3b402 last_stat=0x00a26fc0
[ 2078.529362] bcmgenet 12c00000.ethernet eth0: tc7200u tx submit ring=0 q=0 len=98 frags=0 free_now=632 sw_prod=137 hw_before(p=0 c=8) hw_after(p=1 c=128) first=0x06f3b902 first_stat=0x00a26fc0 last=0x06f3b902 last_stat=0x00a26fc0
[ 2079.729527] bcmgenet 12c00000.ethernet eth0: tc7200u tx submit ring=0 q=0 len=98 frags=0 free_now=631 sw_prod=138 hw_before(p=0 c=8) hw_after(p=1 c=144) first=0x06f3b682 first_stat=0x00a26fc0 last=0x06f3b682 last_stat=0x00a26fc0
[ 2080.888523] bcmgenet 12c00000.ethernet eth0: tc7200u tx submit ring=0 q=0 len=98 frags=0 free_now=630 sw_prod=139 hw_before(p=0 c=8) hw_after(p=1 c=160) first=0x06f3a002 first_stat=0x00a26fc0 last=0x06f3a002 last_stat=0x00a26fc0
[ 2082.068852] bcmgenet 12c00000.ethernet eth0: tc7200u tx submit ring=0 q=0 len=98 frags=0 free_now=629 sw_prod=140 hw_before(p=0 c=8) hw_after(p=1 c=176) first=0x06f3a502 first_stat=0x00a26fc0 last=0x06f3a502 last_stat=0x00a26fc0
[ 2083.270949] bcmgenet 12c00000.ethernet eth0: tc7200u tx submit ring=0 q=0 len=98 frags=0 free_now=628 sw_prod=141 hw_before(p=0 c=8) hw_after(p=1 c=192) first=0x06f3aa02 first_stat=0x00a26fc0 last=0x06f3aa02 last_stat=0x00a26fc0
[ 2084.489973] bcmgenet 12c00000.ethernet eth0: tc7200u tx submit ring=0 q=0 len=98 frags=0 free_now=627 sw_prod=142 hw_before(p=0 c=8) hw_after(p=1 c=208) first=0x06f3bb82 first_stat=0x00a26fc0 last=0x06f3bb82 last_stat=0x00a26fc0
[ 2086.868492] bcmgenet 12c00000.ethernet eth0: NETDEV WATCHDOG: CPU: 0: transmit queue 0 timed out 2350 ms
[ 2088.897175] bcmgenet 12c00000.ethernet eth0: NETDEV WATCHDOG: CPU: 0: transmit queue 0 timed out 2010 ms
[ 2090.927233] bcmgenet 12c00000.ethernet eth0: NETDEV WATCHDOG: CPU: 0: transmit queue 0 timed out 2010 ms
[ 2092.957191] bcmgenet 12c00000.ethernet eth0: NETDEV WATCHDOG: CPU: 0: transmit queue 0 timed out 2010 ms
[ 2093.003783] bcmgenet 12c00000.ethernet eth0: tc7200u tx submit ring=0 q=0 len=98 frags=0 free_now=883 sw_prod=143 hw_before(p=0 c=8) hw_after(p=1 c=224) first=0x06f3af02 first_stat=0x00a26fc0 last=0x06f3af02 last_stat=0x00a26fc0
[ 2093.065104] bcmgenet 12c00000.ethernet eth0: tc7200u tx submit ring=0 q=0 len=98 frags=0 free_now=876 sw_prod=150 hw_before(p=0 c=8) hw_after(p=1 c=80) first=0x06c05402 first_stat=0x00a26fc0 last=0x06c05402 last_stat=0x00a26fc0
[ 2093.845129] bcmgenet 12c00000.ethernet eth0: tc7200u tx submit ring=0 q=0 len=98 frags=0 free_now=875 sw_prod=151 hw_before(p=0 c=8) hw_after(p=1 c=96) first=0x06c05902 first_stat=0x00a26fc0 last=0x06c05902 last_stat=0x00a26fc0
[ 2095.049814] bcmgenet 12c00000.ethernet eth0: tc7200u tx submit ring=0 q=0 len=98 frags=0 free_now=874 sw_prod=152 hw_before(p=0 c=8) hw_after(p=1 c=112) first=0x06c05682 first_stat=0x00a26fc0 last=0x06c05682 last_stat=0x00a26fc0
[ 2096.266931] bcmgenet 12c00000.ethernet eth0: tc7200u tx submit ring=0 q=0 len=98 frags=0 free_now=873 sw_prod=153 hw_before(p=0 c=8) hw_after(p=1 c=128) first=0x06c04002 first_stat=0x00a26fc0 last=0x06c04002 last_stat=0x00a26fc0
[ 2097.469508] bcmgenet 12c00000.ethernet eth0: tc7200u tx submit ring=0 q=0 len=98 frags=0 free_now=872 sw_prod=154 hw_before(p=0 c=8) hw_after(p=1 c=144) first=0x06c04502 first_stat=0x00a26fc0 last=0x06c04502 last_stat=0x00a26fc0
[ 2098.675045] bcmgenet 12c00000.ethernet eth0: tc7200u tx submit ring=0 q=0 len=98 frags=0 free_now=871 sw_prod=155 hw_before(p=0 c=8) hw_after(p=1 c=160) first=0x06c05b82 first_stat=0x00a26fc0 last=0x06c05b82 last_stat=0x00a26fc0
[ 2099.899574] bcmgenet 12c00000.ethernet eth0: tc7200u tx submit ring=0 q=0 len=98 frags=0 free_now=870 sw_prod=156 hw_before(p=0 c=8) hw_after(p=1 c=176) first=0x06c04a02 first_stat=0x00a26fc0 last=0x06c04a02 last_stat=0x00a26fc0
[ 2101.117764] bcmgenet 12c00000.ethernet eth0: tc7200u tx submit ring=0 q=0 len=98 frags=0 free_now=869 sw_prod=157 hw_before(p=0 c=8) hw_after(p=1 c=192) first=0x06c04f02 first_stat=0x00a26fc0 last=0x06c04f02 last_stat=0x00a26fc0
[ 2102.317272] bcmgenet 12c00000.ethernet eth0: tc7200u tx submit ring=0 q=0 len=98 frags=0 free_now=868 sw_prod=158 hw_before(p=0 c=8) hw_after(p=1 c=208) first=0x06c04782 first_stat=0x00a26fc0 last=0x06c04782 last_stat=0x00a26fc0
[ 2103.521955] bcmgenet 12c00000.ethernet eth0: tc7200u tx submit ring=0 q=0 len=98 frags=0 free_now=867 sw_prod=159 hw_before(p=0 c=8) hw_after(p=1 c=224) first=0x06f3bb82 first_stat=0x00a26fc0 last=0x06f3bb82 last_stat=0x00a26fc0
[ 2104.738307] bcmgenet 12c00000.ethernet eth0: tc7200u tx submit ring=0 q=0 len=98 frags=0 free_now=866 sw_prod=160 hw_before(p=0 c=8) hw_after(p=1 c=240) first=0x06f3aa02 first_stat=0x00a26fc0 last=0x06f3aa02 last_stat=0x00a26fc0
[ 2105.959385] bcmgenet 12c00000.ethernet eth0: tc7200u tx submit ring=0 q=0 len=98 frags=0 free_now=865 sw_prod=161 hw_before(p=0 c=8) hw_after(p=1 c=0) first=0x06f3a502 first_stat=0x00a26fc0 last=0x06f3a502 last_stat=0x00a26fc0
[ 2107.161341] bcmgenet 12c00000.ethernet eth0: tc7200u tx submit ring=0 q=0 len=98 frags=0 free_now=864 sw_prod=162 hw_before(p=0 c=8) hw_after(p=1 c=16) first=0x06f3a002 first_stat=0x00a26fc0 last=0x06f3a002 last_stat=0x00a26fc0
[ 2108.377780] bcmgenet 12c00000.ethernet eth0: tc7200u tx submit ring=0 q=0 len=98 frags=0 free_now=863 sw_prod=163 hw_before(p=0 c=8) hw_after(p=1 c=32) first=0x06f3b682 first_stat=0x00a26fc0 last=0x06f3b682 last_stat=0x00a26fc0
[ 2109.570100] bcmgenet 12c00000.ethernet eth0: tc7200u tx submit ring=0 q=0 len=98 frags=0 free_now=862 sw_prod=164 hw_before(p=0 c=8) hw_after(p=1 c=48) first=0x06f3b402 first_stat=0x00a26fc0 last=0x06f3b402 last_stat=0x00a26fc0
[ 2110.781786] bcmgenet 12c00000.ethernet eth0: tc7200u tx submit ring=0 q=0 len=98 frags=0 free_now=861 sw_prod=165 hw_before(p=0 c=8) hw_after(p=1 c=64) first=0x06f3b902 first_stat=0x00a26fc0 last=0x06f3b902 last_stat=0x00a26fc0
[ 2111.946904] bcmgenet 12c00000.ethernet eth0: tc7200u tx submit ring=0 q=0 len=98 frags=0 free_now=860 sw_prod=166 hw_before(p=0 c=8) hw_after(p=1 c=80) first=0x06f3b182 first_stat=0x00a26fc0 last=0x06f3b182 last_stat=0x00a26fc0
[ 2113.118753] bcmgenet 12c00000.ethernet eth0: tc7200u tx submit ring=0 q=0 len=98 frags=0 free_now=859 sw_prod=167 hw_before(p=0 c=8) hw_after(p=1 c=96) first=0x06f7bb82 first_stat=0x00a26fc0 last=0x06f7bb82 last_stat=0x00a26fc0
[ 2114.326943] bcmgenet 12c00000.ethernet eth0: tc7200u tx submit ring=0 q=0 len=98 frags=0 free_now=858 sw_prod=168 hw_before(p=0 c=8) hw_after(p=1 c=112) first=0x06f7aa02 first_stat=0x00a26fc0 last=0x06f7aa02 last_stat=0x00a26fc0
[ 2115.528707] bcmgenet 12c00000.ethernet eth0: tc7200u tx submit ring=0 q=0 len=98 frags=0 free_now=857 sw_prod=169 hw_before(p=0 c=8) hw_after(p=1 c=128) first=0x06f7a002 first_stat=0x00a26fc0 last=0x06f7a002 last_stat=0x00a26fc0
[ 2116.728334] bcmgenet 12c00000.ethernet eth0: tc7200u tx submit ring=0 q=0 len=98 frags=0 free_now=856 sw_prod=170 hw_before(p=0 c=8) hw_after(p=1 c=144) first=0x06f7a502 first_stat=0x00a26fc0 last=0x06f7a502 last_stat=0x00a26fc0
[ 2117.886826] bcmgenet 12c00000.ethernet eth0: tc7200u tx submit ring=0 q=0 len=98 frags=0 free_now=855 sw_prod=171 hw_before(p=0 c=8) hw_after(p=1 c=160) first=0x06f7b682 first_stat=0x00a26fc0 last=0x06f7b682 last_stat=0x00a26fc0
[ 2119.099040] bcmgenet 12c00000.ethernet eth0: tc7200u tx submit ring=0 q=0 len=98 frags=0 free_now=854 sw_prod=172 hw_before(p=0 c=8) hw_after(p=1 c=176) first=0x06f7b902 first_stat=0x00a26fc0 last=0x06f7b902 last_stat=0x00a26fc0
[ 2120.319779] bcmgenet 12c00000.ethernet eth0: tc7200u tx submit ring=0 q=0 len=98 frags=0 free_now=853 sw_prod=173 hw_before(p=0 c=8) hw_after(p=1 c=192) first=0x06f7b182 first_stat=0x00a26fc0 last=0x06f7b182 last_stat=0x00a26fc0
[ 2121.528967] bcmgenet 12c00000.ethernet eth0: tc7200u tx submit ring=0 q=0 len=98 frags=0 free_now=852 sw_prod=174 hw_before(p=0 c=8) hw_after(p=1 c=208) first=0x06f7b402 first_stat=0x00a26fc0 last=0x06f7b402 last_stat=0x00a26fc0
[ 2122.740372] bcmgenet 12c00000.ethernet eth0: tc7200u tx submit ring=0 q=0 len=98 frags=0 free_now=851 sw_prod=175 hw_before(p=0 c=8) hw_after(p=1 c=224) first=0x06f7a282 first_stat=0x00a26fc0 last=0x06f7a282 last_stat=0x00a26fc0
[ 2123.965088] bcmgenet 12c00000.ethernet eth0: tc7200u tx submit ring=0 q=0 len=98 frags=0 free_now=850 sw_prod=176 hw_before(p=0 c=8) hw_after(p=1 c=240) first=0x06f7ac82 first_stat=0x00a26fc0 last=0x06f7ac82 last_stat=0x00a26fc0
[ 2125.187069] bcmgenet 12c00000.ethernet eth0: tc7200u tx submit ring=0 q=0 len=98 frags=0 free_now=849 sw_prod=177 hw_before(p=0 c=8) hw_after(p=1 c=0) first=0x06f7a782 first_stat=0x00a26fc0 last=0x06f7a782 last_stat=0x00a26fc0
[ 2126.409275] bcmgenet 12c00000.ethernet eth0: tc7200u tx submit ring=0 q=0 len=98 frags=0 free_now=848 sw_prod=178 hw_before(p=0 c=8) hw_after(p=1 c=16) first=0x06f7af02 first_stat=0x00a26fc0 last=0x06f7af02 last_stat=0x00a26fc0
[ 2127.608367] bcmgenet 12c00000.ethernet eth0: tc7200u tx submit ring=0 q=0 len=98 frags=0 free_now=847 sw_prod=179 hw_before(p=0 c=8) hw_after(p=1 c=32) first=0x068ce002 first_stat=0x00a26fc0 last=0x068ce002 last_stat=0x00a26fc0
[ 2128.820752] bcmgenet 12c00000.ethernet eth0: tc7200u tx submit ring=0 q=0 len=98 frags=0 free_now=846 sw_prod=180 hw_before(p=0 c=8) hw_after(p=1 c=48) first=0x068cf682 first_stat=0x00a26fc0 last=0x068cf682 last_stat=0x00a26fc0
[ 2130.030133] bcmgenet 12c00000.ethernet eth0: tc7200u tx submit ring=0 q=0 len=98 frags=0 free_now=845 sw_prod=181 hw_before(p=0 c=8) hw_after(p=1 c=64) first=0x068ce502 first_stat=0x00a26fc0 last=0x068ce502 last_stat=0x00a26fc0
[ 2131.275137] bcmgenet 12c00000.ethernet eth0: tc7200u tx submit ring=0 q=0 len=98 frags=0 free_now=844 sw_prod=182 hw_before(p=0 c=8) hw_after(p=1 c=80) first=0x068cea02 first_stat=0x00a26fc0 last=0x068cea02 last_stat=0x00a26fc0
[ 2132.489794] bcmgenet 12c00000.ethernet eth0: tc7200u tx submit ring=0 q=0 len=98 frags=0 free_now=843 sw_prod=183 hw_before(p=0 c=8) hw_after(p=1 c=96) first=0x068cef02 first_stat=0x00a26fc0 last=0x068cef02 last_stat=0x00a26fc0
[ 2133.720978] bcmgenet 12c00000.ethernet eth0: tc7200u tx submit ring=0 q=0 len=98 frags=0 free_now=842 sw_prod=184 hw_before(p=0 c=8) hw_after(p=1 c=112) first=0x068cfb82 first_stat=0x00a26fc0 last=0x068cfb82 last_stat=0x00a26fc0
[ 2134.930077] bcmgenet 12c00000.ethernet eth0: tc7200u tx submit ring=0 q=0 len=98 frags=0 free_now=841 sw_prod=185 hw_before(p=0 c=8) hw_after(p=1 c=128) first=0x068ce782 first_stat=0x00a26fc0 last=0x068ce782 last_stat=0x00a26fc0
[ 2136.159253] bcmgenet 12c00000.ethernet eth0: tc7200u tx submit ring=0 q=0 len=98 frags=0 free_now=840 sw_prod=186 hw_before(p=0 c=8) hw_after(p=1 c=144) first=0x068cec82 first_stat=0x00a26fc0 last=0x068cec82 last_stat=0x00a26fc0
[ 2137.378697] bcmgenet 12c00000.ethernet eth0: tc7200u tx submit ring=0 q=0 len=98 frags=0 free_now=839 sw_prod=187 hw_before(p=0 c=8) hw_after(p=1 c=160) first=0x068cf182 first_stat=0x00a26fc0 last=0x068cf182 last_stat=0x00a26fc0
[ 2138.589276] bcmgenet 12c00000.ethernet eth0: tc7200u tx submit ring=0 q=0 len=98 frags=0 free_now=838 sw_prod=188 hw_before(p=0 c=8) hw_after(p=1 c=176) first=0x068ce282 first_stat=0x00a26fc0 last=0x068ce282 last_stat=0x00a26fc0
[ 2139.797976] bcmgenet 12c00000.ethernet eth0: tc7200u tx submit ring=0 q=0 len=98 frags=0 free_now=837 sw_prod=189 hw_before(p=0 c=8) hw_after(p=1 c=192) first=0x068cf902 first_stat=0x00a26fc0 last=0x068cf902 last_stat=0x00a26fc0
[ 2141.009202] bcmgenet 12c00000.ethernet eth0: tc7200u tx submit ring=0 q=0 len=98 frags=0 free_now=836 sw_prod=190 hw_before(p=0 c=8) hw_after(p=1 c=208) first=0x068cf402 first_stat=0x00a26fc0 last=0x068cf402 last_stat=0x00a26fc0
[ 2142.219239] bcmgenet 12c00000.ethernet eth0: tc7200u tx submit ring=0 q=0 len=98 frags=0 free_now=835 sw_prod=191 hw_before(p=0 c=8) hw_after(p=1 c=224) first=0x068f8f02 first_stat=0x00a26fc0 last=0x068f8f02 last_stat=0x00a26fc0
[ 2143.448277] bcmgenet 12c00000.ethernet eth0: tc7200u tx submit ring=0 q=0 len=98 frags=0 free_now=834 sw_prod=192 hw_before(p=0 c=8) hw_after(p=1 c=240) first=0x068f8a02 first_stat=0x00a26fc0 last=0x068f8a02 last_stat=0x00a26fc0
[ 2144.649156] bcmgenet 12c00000.ethernet eth0: tc7200u tx submit ring=0 q=0 len=98 frags=0 free_now=833 sw_prod=193 hw_before(p=0 c=8) hw_after(p=1 c=0) first=0x068f9182 first_stat=0x00a26fc0 last=0x068f9182 last_stat=0x00a26fc0
[ 2145.857203] bcmgenet 12c00000.ethernet eth0: tc7200u tx submit ring=0 q=0 len=98 frags=0 free_now=832 sw_prod=194 hw_before(p=0 c=8) hw_after(p=1 c=16) first=0x068f9b82 first_stat=0x00a26fc0 last=0x068f9b82 last_stat=0x00a26fc0
[ 2147.065171] bcmgenet 12c00000.ethernet eth0: tc7200u tx submit ring=0 q=0 len=98 frags=0 free_now=831 sw_prod=195 hw_before(p=0 c=8) hw_after(p=1 c=32) first=0x068f8502 first_stat=0x00a26fc0 last=0x068f8502 last_stat=0x00a26fc0
[ 2148.279818] bcmgenet 12c00000.ethernet eth0: tc7200u tx submit ring=0 q=0 len=98 frags=0 free_now=830 sw_prod=196 hw_before(p=0 c=8) hw_after(p=1 c=48) first=0x068f8c82 first_stat=0x00a26fc0 last=0x068f8c82 last_stat=0x00a26fc0
[ 2149.438673] bcmgenet 12c00000.ethernet eth0: tc7200u tx submit ring=0 q=0 len=98 frags=0 free_now=829 sw_prod=197 hw_before(p=0 c=8) hw_after(p=1 c=64) first=0x068f9402 first_stat=0x00a26fc0 last=0x068f9402 last_stat=0x00a26fc0
[ 2150.600231] bcmgenet 12c00000.ethernet eth0: tc7200u tx submit ring=0 q=0 len=98 frags=0 free_now=828 sw_prod=198 hw_before(p=0 c=8) hw_after(p=1 c=80) first=0x068f8782 first_stat=0x00a26fc0 last=0x068f8782 last_stat=0x00a26fc0
[ 2151.817201] bcmgenet 12c00000.ethernet eth0: tc7200u tx submit ring=0 q=0 len=98 frags=0 free_now=827 sw_prod=199 hw_before(p=0 c=8) hw_after(p=1 c=96) first=0x068f9682 first_stat=0x00a26fc0 last=0x068f9682 last_stat=0x00a26fc0
[ 2153.039646] bcmgenet 12c00000.ethernet eth0: tc7200u tx submit ring=0 q=0 len=98 frags=0 free_now=826 sw_prod=200 hw_before(p=0 c=8) hw_after(p=1 c=112) first=0x068f8002 first_stat=0x00a26fc0 last=0x068f8002 last_stat=0x00a26fc0
[ 2154.209498] bcmgenet 12c00000.ethernet eth0: tc7200u tx submit ring=0 q=0 len=98 frags=0 free_now=825 sw_prod=201 hw_before(p=0 c=8) hw_after(p=1 c=128) first=0x068f8282 first_stat=0x00a26fc0 last=0x068f8282 last_stat=0x00a26fc0
[ 2155.370192] bcmgenet 12c00000.ethernet eth0: tc7200u tx submit ring=0 q=0 len=98 frags=0 free_now=824 sw_prod=202 hw_before(p=0 c=8) hw_after(p=1 c=144) first=0x068f9902 first_stat=0x00a26fc0 last=0x068f9902 last_stat=0x00a26fc0
[ 2156.588356] bcmgenet 12c00000.ethernet eth0: tc7200u tx submit ring=0 q=0 len=98 frags=0 free_now=823 sw_prod=203 hw_before(p=0 c=8) hw_after(p=1 c=160) first=0x06f7d902 first_stat=0x00a26fc0 last=0x06f7d902 last_stat=0x00a26fc0
[ 2157.790005] bcmgenet 12c00000.ethernet eth0: tc7200u tx submit ring=0 q=0 len=98 frags=0 free_now=822 sw_prod=204 hw_before(p=0 c=8) hw_after(p=1 c=176) first=0x06f7c282 first_stat=0x00a26fc0 last=0x06f7c282 last_stat=0x00a26fc0
[ 2159.019286] bcmgenet 12c00000.ethernet eth0: tc7200u tx submit ring=0 q=0 len=98 frags=0 free_now=821 sw_prod=205 hw_before(p=0 c=8) hw_after(p=1 c=192) first=0x06f7d402 first_stat=0x00a26fc0 last=0x06f7d402 last_stat=0x00a26fc0
[ 2160.239665] bcmgenet 12c00000.ethernet eth0: tc7200u tx submit ring=0 q=0 len=98 frags=0 free_now=820 sw_prod=206 hw_before(p=0 c=8) hw_after(p=1 c=208) first=0x06f7d182 first_stat=0x00a26fc0 last=0x06f7d182 last_stat=0x00a26fc0
[ 2161.458507] bcmgenet 12c00000.ethernet eth0: tc7200u tx submit ring=0 q=0 len=98 frags=0 free_now=819 sw_prod=207 hw_before(p=0 c=8) hw_after(p=1 c=224) first=0x06f7cc82 first_stat=0x00a26fc0 last=0x06f7cc82 last_stat=0x00a26fc0
[ 2162.670662] bcmgenet 12c00000.ethernet eth0: tc7200u tx submit ring=0 q=0 len=98 frags=0 free_now=818 sw_prod=208 hw_before(p=0 c=8) hw_after(p=1 c=240) first=0x06f7c782 first_stat=0x00a26fc0 last=0x06f7c782 last_stat=0x00a26fc0
[ 2163.897301] bcmgenet 12c00000.ethernet eth0: tc7200u tx submit ring=0 q=0 len=98 frags=0 free_now=817 sw_prod=209 hw_before(p=0 c=8) hw_after(p=1 c=0) first=0x06f7cf02 first_stat=0x00a26fc0 last=0x06f7cf02 last_stat=0x00a26fc0
[ 2165.105094] bcmgenet 12c00000.ethernet eth0: tc7200u tx submit ring=0 q=0 len=98 frags=0 free_now=816 sw_prod=210 hw_before(p=0 c=8) hw_after(p=1 c=16) first=0x06f7db82 first_stat=0x00a26fc0 last=0x06f7db82 last_stat=0x00a26fc0
[ 2166.316725] bcmgenet 12c00000.ethernet eth0: tc7200u tx submit ring=0 q=0 len=98 frags=0 free_now=815 sw_prod=211 hw_before(p=0 c=8) hw_after(p=1 c=32) first=0x06f7ca02 first_stat=0x00a26fc0 last=0x06f7ca02 last_stat=0x00a26fc0
[ 2167.520492] bcmgenet 12c00000.ethernet eth0: tc7200u tx submit ring=0 q=0 len=98 frags=0 free_now=814 sw_prod=212 hw_before(p=0 c=8) hw_after(p=1 c=48) first=0x06f7c502 first_stat=0x00a26fc0 last=0x06f7c502 last_stat=0x00a26fc0
[ 2168.739269] bcmgenet 12c00000.ethernet eth0: tc7200u tx submit ring=0 q=0 len=98 frags=0 free_now=813 sw_prod=213 hw_before(p=0 c=8) hw_after(p=1 c=64) first=0x06f7c002 first_stat=0x00a26fc0 last=0x06f7c002 last_stat=0x00a26fc0
[ 2169.960348] bcmgenet 12c00000.ethernet eth0: tc7200u tx submit ring=0 q=0 len=98 frags=0 free_now=812 sw_prod=214 hw_before(p=0 c=8) hw_after(p=1 c=80) first=0x06f7d682 first_stat=0x00a26fc0 last=0x06f7d682 last_stat=0x00a26fc0
[ 2171.175071] bcmgenet 12c00000.ethernet eth0: tc7200u tx submit ring=0 q=0 len=98 frags=0 free_now=811 sw_prod=215 hw_before(p=0 c=8) hw_after(p=1 c=96) first=0x06f66282 first_stat=0x00a26fc0 last=0x06f66282 last_stat=0x00a26fc0
[ 2172.371560] bcmgenet 12c00000.ethernet eth0: tc7200u tx submit ring=0 q=0 len=98 frags=0 free_now=810 sw_prod=216 hw_before(p=0 c=8) hw_after(p=1 c=112) first=0x06f66c82 first_stat=0x00a26fc0 last=0x06f66c82 last_stat=0x00a26fc0
[ 2173.592894] bcmgenet 12c00000.ethernet eth0: tc7200u tx submit ring=0 q=0 len=98 frags=0 free_now=809 sw_prod=217 hw_before(p=0 c=8) hw_after(p=1 c=128) first=0x06f66782 first_stat=0x00a26fc0 last=0x06f66782 last_stat=0x00a26fc0
[ 2174.808094] bcmgenet 12c00000.ethernet eth0: tc7200u tx submit ring=0 q=0 len=98 frags=0 free_now=808 sw_prod=218 hw_before(p=0 c=8) hw_after(p=1 c=144) first=0x06f66f02 first_stat=0x00a26fc0 last=0x06f66f02 last_stat=0x00a26fc0
[ 2176.019910] bcmgenet 12c00000.ethernet eth0: tc7200u tx submit ring=0 q=0 len=98 frags=0 free_now=807 sw_prod=219 hw_before(p=0 c=8) hw_after(p=1 c=160) first=0x06f66a02 first_stat=0x00a26fc0 last=0x06f66a02 last_stat=0x00a26fc0
[ 2177.239847] bcmgenet 12c00000.ethernet eth0: tc7200u tx submit ring=0 q=0 len=98 frags=0 free_now=806 sw_prod=220 hw_before(p=0 c=8) hw_after(p=1 c=176) first=0x06f67b82 first_stat=0x00a26fc0 last=0x06f67b82 last_stat=0x00a26fc0
[ 2178.450926] bcmgenet 12c00000.ethernet eth0: tc7200u tx submit ring=0 q=0 len=98 frags=0 free_now=805 sw_prod=221 hw_before(p=0 c=8) hw_after(p=1 c=192) first=0x06f66002 first_stat=0x00a26fc0 last=0x06f66002 last_stat=0x00a26fc0
[ 2179.668509] bcmgenet 12c00000.ethernet eth0: tc7200u tx submit ring=0 q=0 len=98 frags=0 free_now=804 sw_prod=222 hw_before(p=0 c=8) hw_after(p=1 c=208) first=0x06f66502 first_stat=0x00a26fc0 last=0x06f66502 last_stat=0x00a26fc0
[ 2180.880682] bcmgenet 12c00000.ethernet eth0: tc7200u tx submit ring=0 q=0 len=98 frags=0 free_now=803 sw_prod=223 hw_before(p=0 c=8) hw_after(p=1 c=224) first=0x06f67682 first_stat=0x00a26fc0 last=0x06f67682 last_stat=0x00a26fc0
[ 2182.089619] bcmgenet 12c00000.ethernet eth0: tc7200u tx submit ring=0 q=0 len=98 frags=0 free_now=802 sw_prod=224 hw_before(p=0 c=8) hw_after(p=1 c=240) first=0x06f67902 first_stat=0x00a26fc0 last=0x06f67902 last_stat=0x00a26fc0
[ 2183.322283] bcmgenet 12c00000.ethernet eth0: tc7200u tx submit ring=0 q=0 len=98 frags=0 free_now=801 sw_prod=225 hw_before(p=0 c=8) hw_after(p=1 c=0) first=0x06f67402 first_stat=0x00a26fc0 last=0x06f67402 last_stat=0x00a26fc0
[ 2184.537854] bcmgenet 12c00000.ethernet eth0: tc7200u tx submit ring=0 q=0 len=98 frags=0 free_now=800 sw_prod=226 hw_before(p=0 c=8) hw_after(p=1 c=16) first=0x06f83b82 first_stat=0x00a26fc0 last=0x06f83b82 last_stat=0x00a26fc0
[ 2185.741736] bcmgenet 12c00000.ethernet eth0: tc7200u tx submit ring=0 q=0 len=98 frags=0 free_now=799 sw_prod=227 hw_before(p=0 c=8) hw_after(p=1 c=32) first=0x06f82a02 first_stat=0x00a26fc0 last=0x06f82a02 last_stat=0x00a26fc0
[ 2186.919048] bcmgenet 12c00000.ethernet eth0: tc7200u tx submit ring=0 q=0 len=98 frags=0 free_now=798 sw_prod=228 hw_before(p=0 c=8) hw_after(p=1 c=48) first=0x06f82f02 first_stat=0x00a26fc0 last=0x06f82f02 last_stat=0x00a26fc0
[ 2188.124977] bcmgenet 12c00000.ethernet eth0: tc7200u tx submit ring=0 q=0 len=98 frags=0 free_now=797 sw_prod=229 hw_before(p=0 c=8) hw_after(p=1 c=64) first=0x06f82782 first_stat=0x00a26fc0 last=0x06f82782 last_stat=0x00a26fc0
[ 2189.335065] bcmgenet 12c00000.ethernet eth0: tc7200u tx submit ring=0 q=0 len=98 frags=0 free_now=796 sw_prod=230 hw_before(p=0 c=8) hw_after(p=1 c=80) first=0x06f82c82 first_stat=0x00a26fc0 last=0x06f82c82 last_stat=0x00a26fc0
[ 2190.529342] bcmgenet 12c00000.ethernet eth0: tc7200u tx submit ring=0 q=0 len=98 frags=0 free_now=795 sw_prod=231 hw_before(p=0 c=8) hw_after(p=1 c=96) first=0x06f82282 first_stat=0x00a26fc0 last=0x06f82282 last_stat=0x00a26fc0
[ 2191.690666] bcmgenet 12c00000.ethernet eth0: tc7200u tx submit ring=0 q=0 len=98 frags=0 free_now=794 sw_prod=232 hw_before(p=0 c=8) hw_after(p=1 c=112) first=0x06f83182 first_stat=0x00a26fc0 last=0x06f83182 last_stat=0x00a26fc0
[ 2192.905200] bcmgenet 12c00000.ethernet eth0: tc7200u tx submit ring=0 q=0 len=98 frags=0 free_now=793 sw_prod=233 hw_before(p=0 c=8) hw_after(p=1 c=128) first=0x06f83402 first_stat=0x00a26fc0 last=0x06f83402 last_stat=0x00a26fc0
[ 2194.109119] bcmgenet 12c00000.ethernet eth0: tc7200u tx submit ring=0 q=0 len=98 frags=0 free_now=792 sw_prod=234 hw_before(p=0 c=8) hw_after(p=1 c=144) first=0x06f83682 first_stat=0x00a26fc0 last=0x06f83682 last_stat=0x00a26fc0
[ 2195.322196] bcmgenet 12c00000.ethernet eth0: tc7200u tx submit ring=0 q=0 len=98 frags=0 free_now=791 sw_prod=235 hw_before(p=0 c=8) hw_after(p=1 c=160) first=0x06f83902 first_stat=0x00a26fc0 last=0x06f83902 last_stat=0x00a26fc0
[ 2196.540088] bcmgenet 12c00000.ethernet eth0: tc7200u tx submit ring=0 q=0 len=98 frags=0 free_now=790 sw_prod=236 hw_before(p=0 c=8) hw_after(p=1 c=176) first=0x06f82002 first_stat=0x00a26fc0 last=0x06f82002 last_stat=0x00a26fc0
[ 2197.759389] bcmgenet 12c00000.ethernet eth0: tc7200u tx submit ring=0 q=0 len=98 frags=0 free_now=789 sw_prod=237 hw_before(p=0 c=8) hw_after(p=1 c=192) first=0x06f82502 first_stat=0x00a26fc0 last=0x06f82502 last_stat=0x00a26fc0
[ 2198.969818] bcmgenet 12c00000.ethernet eth0: tc7200u tx submit ring=0 q=0 len=98 frags=0 free_now=788 sw_prod=238 hw_before(p=0 c=8) hw_after(p=1 c=208) first=0x06f67182 first_stat=0x00a26fc0 last=0x06f67182 last_stat=0x00a26fc0
[ 2200.205105] bcmgenet 12c00000.ethernet eth0: tc7200u tx submit ring=0 q=0 len=98 frags=0 free_now=787 sw_prod=239 hw_before(p=0 c=8) hw_after(p=1 c=224) first=0x06f84502 first_stat=0x00a26fc0 last=0x06f84502 last_stat=0x00a26fc0
[ 2201.419094] bcmgenet 12c00000.ethernet eth0: tc7200u tx submit ring=0 q=0 len=98 frags=0 free_now=786 sw_prod=240 hw_before(p=0 c=8) hw_after(p=1 c=240) first=0x06f85b82 first_stat=0x00a26fc0 last=0x06f85b82 last_stat=0x00a26fc0
[ 2202.629835] bcmgenet 12c00000.ethernet eth0: tc7200u tx submit ring=0 q=0 len=98 frags=0 free_now=785 sw_prod=241 hw_before(p=0 c=8) hw_after(p=1 c=0) first=0x06f84a02 first_stat=0x00a26fc0 last=0x06f84a02 last_stat=0x00a26fc0
[ 2203.847094] bcmgenet 12c00000.ethernet eth0: tc7200u tx submit ring=0 q=0 len=98 frags=0 free_now=784 sw_prod=242 hw_before(p=0 c=8) hw_after(p=1 c=16) first=0x06f84f02 first_stat=0x00a26fc0 last=0x06f84f02 last_stat=0x00a26fc0
[ 2205.068079] bcmgenet 12c00000.ethernet eth0: tc7200u tx submit ring=0 q=0 len=98 frags=0 free_now=783 sw_prod=243 hw_before(p0x00a26fc0
[ 2206.280593] bcmgenet 12c00000.ethernet eth0: tc7200u tx submit ring=0 q=0 len=98 frags=0 free_now=782 sw_prod=244 hw_before(p=0 c=8) hw_after(p=1 c=48) first=0x06f84c82 first_stat=0x00a26fc0 last=0x06f84c82 last_stat=0x00a26fc0
[ 2207.489032] bcmgenet 12c00000.ethernet eth0: tc7200u tx submit ring=0 q=0 len=98 frags=0 free_now=781 sw_prod=245 hw_before(p=0 c=8) hw_after(p=1 c=64) first=0x06f84282 first_stat=0x00a26fc0 last=0x06f84282 last_stat=0x00a26fc0
[ 2208.697806] bcmgenet 12c00000.ethernet eth0: tc7200u tx submit ring=0 q=0 len=98 frags=0 free_now=780 sw_prod=246 hw_before(p=0 c=8) hw_after(p=1 c=80) first=0x06f85182 first_stat=0x00a26fc0 last=0x06f85182 last_stat=0x00a26fc0
[ 2209.898532] bcmgenet 12c00000.ethernet eth0: tc7200u tx submit ring=0 q=0 len=98 frags=0 free_now=779 sw_prod=247 hw_before(p=0 c=8) hw_after(p=1 c=96) first=0x06f85402 first_stat=0x00a26fc0 last=0x06f85402 last_stat=0x00a26fc0
[ 2211.119265] bcmgenet 12c00000.ethernet eth0: tc7200u tx submit ring=0 q=0 len=98 frags=0 free_now=778 sw_prod=248 hw_before(p=0 c=8) hw_after(p=1 c=112) first=0x06f85902 first_stat=0x00a26fc0 last=0x06f85902 last_stat=0x00a26fc0
[ 2212.329197] bcmgenet 12c00000.ethernet eth0: tc7200u tx submit ring=0 q=0 len=98 frags=0 free_now=777 sw_prod=249 hw_before(p=0 c=8) hw_after(p=1 c=128) first=0x06f85682 first_stat=0x00a26fc0 last=0x06f85682 last_stat=0x00a26fc0
[ 2213.549389] bcmgenet 12c00000.ethernet eth0: tc7200u tx submit ring=0 q=0 len=98 frags=0 free_now=776 sw_prod=250 hw_before(p=0 c=8) hw_after(p=1 c=144) first=0x06f84002 first_stat=0x00a26fc0 last=0x06f84002 last_stat=0x00a26fc0
[ 2214.756921] bcmgenet 12c00000.ethernet eth0: tc7200u tx submit ring=0 q=0 len=98 frags=0 free_now=775 sw_prod=251 hw_before(p=0 c=8) hw_after(p=1 c=160) first=0x06f52502 first_stat=0x00a26fc0 last=0x06f52502 last_stat=0x00a26fc0
[ 2215.959520] bcmgenet 12c00000.ethernet eth0: tc7200u tx submit ring=0 q=0 len=98 frags=0 free_now=774 sw_prod=252 hw_before(p=0 c=8) hw_after(p=1 c=176) first=0x06f53b82 first_stat=0x00a26fc0 last=0x06f53b82 last_stat=0x00a26fc0
[ 2217.169301] bcmgenet 12c00000.ethernet eth0: tc7200u tx submit ring=0 q=0 len=98 frags=0 free_now=773 sw_prod=253 hw_before(p=0 c=8) hw_after(p=1 c=192) first=0x06f52a02 first_stat=0x00a26fc0 last=0x06f52a02 last_stat=0x00a26fc0
[ 2218.378577] bcmgenet 12c00000.ethernet eth0: tc7200u tx submit ring=0 q=0 len=98 frags=0 free_now=772 sw_prod=254 hw_before(p=0 c=8) hw_after(p=1 c=208) first=0x06f52f02 first_stat=0x00a26fc0 last=0x06f52f02 last_stat=0x00a26fc0
[ 2219.588035] bcmgenet 12c00000.ethernet eth0: tc7200u tx submit ring=0 q=0 len=98 frags=0 free_now=771 sw_prod=255 hw_before(p=0 c=8) hw_after(p=1 c=224) first=0x06f52782 first_stat=0x00a26fc0 last=0x06f52782 last_stat=0x00a26fc0
[ 2220.800631] bcmgenet 12c00000.ethernet eth0: tc7200u tx submit ring=0 q=0 len=98 frags=0 free_now=770 sw_prod=0 hw_before(p=0 c=8) hw_after(p=1 c=240) first=0x06f52282 first_stat=0x00a26fc0 last=0x06f52282 last_stat=0x00a26fc0
[ 2222.011499] bcmgenet 12c00000.ethernet eth0: tc7200u tx submit ring=0 q=0 len=98 frags=0 free_now=769 sw_prod=1 hw_before(p=0 c=8) hw_after(p=1 c=0) first=0x06f52c82 first_stat=0x00a26fc0 last=0x06f52c82 last_stat=0x00a26fc0
[ 2223.179417] bcmgenet 12c00000.ethernet eth0: tc7200u tx submit ring=0 q=0 len=98 frags=0 free_now=768 sw_prod=2 hw_before(p=0 c=8) hw_after(p=1 c=16) first=0x06f53182 first_stat=0x00a26fc0 last=0x06f53182 last_stat=0x00a26fc0
[ 2224.340732] bcmgenet 12c00000.ethernet eth0: tc7200u tx submit ring=0 q=0 len=98 frags=0 free_now=767 sw_prod=3 hw_before(p=0 c=8) hw_after(p=1 c=32) first=0x06f53402 first_stat=0x00a26fc0 last=0x06f53402 last_stat=0x00a26fc0
[ 2225.537530] bcmgenet 12c00000.ethernet eth0: tc7200u tx submit ring=0 q=0 len=98 frags=0 free_now=766 sw_prod=4 hw_before(p=0 c=8) hw_after(p=1 c=48) first=0x06f53682 first_stat=0x00a26fc0 last=0x06f53682 last_stat=0x00a26fc0
[ 2226.755132] bcmgenet 12c00000.ethernet eth0: tc7200u tx submit ring=0 q=0 len=98 frags=0 free_now=765 sw_prod=5 hw_before(p=0 c=8) hw_after(p=1 c=64) first=0x06f52002 first_stat=0x00a26fc0 last=0x06f52002 last_stat=0x00a26fc0
[ 2227.949919] bcmgenet 12c00000.ethernet eth0: tc7200u tx submit ring=0 q=0 len=98 frags=0 free_now=764 sw_prod=6 hw_before(p=0 c=8) hw_after(p=1 c=80) first=0x06f53902 first_stat=0x00a26fc0 last=0x06f53902 last_stat=0x00a26fc0
[ 2229.119914] bcmgenet 12c00000.ethernet eth0: tc7200u tx submit ring=0 q=0 len=98 frags=0 free_now=763 sw_prod=7 hw_before(p=0 c=8) hw_after(p=1 c=96) first=0x06f87b82 first_stat=0x00a26fc0 last=0x06f87b82 last_stat=0x00a26fc0
[ 2230.319031] bcmgenet 12c00000.ethernet eth0: tc7200u tx submit ring=0 q=0 len=98 frags=0 free_now=762 sw_prod=8 hw_before(p=0 c=8) hw_after(p=1 c=112) first=0x06f86a02 first_stat=0x00a26fc0 last=0x06f86a02 last_stat=0x00a26fc0
[ 2231.530020] bcmgenet 12c00000.ethernet eth0: tc7200u tx submit ring=0 q=0 len=98 frags=0 free_now=761 sw_prod=9 hw_before(p=0 c=8) hw_after(p=1 c=128) first=0x06f86782 first_stat=0x00a26fc0 last=0x06f86782 last_stat=0x00a26fc0
[ 2232.746868] bcmgenet 12c00000.ethernet eth0: tc7200u tx submit ring=0 q=0 len=98 frags=0 free_now=760 sw_prod=10 hw_before(p=0 c=8) hw_after(p=1 c=144) first=0x06f86f02 first_stat=0x00a26fc0 last=0x06f86f02 last_stat=0x00a26fc0
[ 2233.970168] bcmgenet 12c00000.ethernet eth0: tc7200u tx submit ring=0 q=0 len=98 frags=0 free_now=759 sw_prod=11 hw_before(p=0 c=8) hw_after(p=1 c=160) first=0x06f86c82 first_stat=0x00a26fc0 last=0x06f86c82 last_stat=0x00a26fc0
[ 2235.178653] bcmgenet 12c00000.ethernet eth0: tc7200u tx submit ring=0 q=0 len=98 frags=0 free_now=758 sw_prod=12 hw_before(p=0 c=8) hw_after(p=1 c=176) first=0x06f86282 first_stat=0x00a26fc0 last=0x06f86282 last_stat=0x00a26fc0
[ 2236.389960] bcmgenet 12c00000.ethernet eth0: tc7200u tx submit ring=0 q=0 len=98 frags=0 free_now=757 sw_prod=13 hw_before(p=0 c=8) hw_after(p=1 c=192) first=0x06f87182 first_stat=0x00a26fc0 last=0x06f87182 last_stat=0x00a26fc0
[ 2237.605427] bcmgenet 12c00000.ethernet eth0: tc7200u tx submit ring=0 q=0 len=98 frags=0 free_now=756 sw_prod=14 hw_before(p=0 c=8) hw_after(p=1 c=208) first=0x06f87402 first_stat=0x00a26fc0 last=0x06f87402 last_stat=0x00a26fc0
[ 2238.815357] bcmgenet 12c00000.ethernet eth0: tc7200u tx submit ring=0 q=0 len=98 frags=0 free_now=755 sw_prod=15 hw_before(p=0 c=8) hw_after(p=1 c=224) first=0x06f87902 first_stat=0x00a26fc0 last=0x06f87902 last_stat=0x00a26fc0
[ 2240.020056] bcmgenet 12c00000.ethernet eth0: tc7200u tx submit ring=0 q=0 len=98 frags=0 free_now=754 sw_prod=16 hw_before(p=0 c=8) hw_after(p=1 c=240) first=0x06f87682 first_stat=0x00a26fc0 last=0x06f87682 last_stat=0x00a26fc0
[ 2241.241604] bcmgenet 12c00000.ethernet eth0: tc7200u tx submit ring=0 q=0 len=98 frags=0 free_now=753 sw_prod=17 hw_before(p=0 c=8) hw_after(p=1 c=0) first=0x06f86002 first_stat=0x00a26fc0 last=0x06f86002 last_stat=0x00a26fc0
[ 2242.456724] bcmgenet 12c00000.ethernet eth0: tc7200u tx submit ring=0 q=0 len=98 frags=0 free_now=752 sw_prod=18 hw_before(p=0 c=8) hw_after(p=1 c=16) first=0x06f86502 first_stat=0x00a26fc0 last=0x06f86502 last_stat=0x00a26fc0
[ 2243.668568] bcmgenet 12c00000.ethernet eth0: tc7200u tx submit ring=0 q=0 len=98 frags=0 free_now=751 sw_prod=19 hw_before(p=0 c=8) hw_after(p=1 c=32) first=0x06f81b82 first_stat=0x00a26fc0 last=0x06f81b82 last_stat=0x00a26fc0
[ 2244.868854] bcmgenet 12c00000.ethernet eth0: tc7200u tx submit ring=0 q=0 len=98 frags=0 free_now=750 sw_prod=20 hw_before(p=0 c=8) hw_after(p=1 c=48) first=0x06f80a02 first_stat=0x00a26fc0 last=0x06f80a02 last_stat=0x00a26fc0
[ 2246.068880] bcmgenet 12c00000.ethernet eth0: tc7200u tx submit ring=0 q=0 len=98 frags=0 free_now=749 sw_prod=21 hw_before(p=0 c=8) hw_after(p=1 c=64) first=0x06f80f02 first_stat=0x00a26fc0 last=0x06f80f02 last_stat=0x00a26fc0
[ 2247.288601] bcmgenet 12c00000.ethernet eth0: tc7200u tx submit ring=0 q=0 len=98 frags=0 free_now=748 sw_prod=22 hw_before(p=0 c=8) hw_after(p=1 c=80) first=0x06f80782 first_stat=0x00a26fc0 last=0x06f80782 last_stat=0x00a26fc0
[ 2249.907804] bcmgenet 12c00000.ethernet eth0: NETDEV WATCHDOG: CPU: 0: transmit queue 0 timed out 2590 ms
[ 2249.982626] bcmgenet 12c00000.ethernet eth0: tc7200u tx submit ring=0 q=0 len=98 frags=0 free_now=1002 sw_prod=23 hw_before(p=0 c=8) hw_after(p=1 c=96) first=0x06f80c82 first_stat=0x00a26fc0 last=0x06f80c82 last_stat=0x00a26fc0
[ 2250.020558] bcmgenet 12c00000.ethernet eth0: tc7200u tx submit ring=0 q=0 len=98 frags=0 free_now=1001 sw_prod=24 hw_before(p=0 c=8) hw_after(p=1 c=112) first=0x06f80282 first_stat=0x00a26fc0 last=0x06f80282 last_stat=0x00a26fc0
[ 2250.547798] bcmgenet 12c00000.ethernet eth0: tc7200u tx submit ring=0 q=0 len=98 frags=0 free_now=1000 sw_prod=25 hw_before(p=0 c=8) hw_after(p=1 c=128) first=0x06f80782 first_stat=0x00a26fc0 last=0x06f80782 last_stat=0x00a26fc0
[ 2251.759280] bcmgenet 12c00000.ethernet eth0: tc7200u tx submit ring=0 q=0 len=98 frags=0 free_now=999 sw_prod=26 hw_before(p=0 c=8) hw_after(p=1 c=144) first=0x06f80f02 first_stat=0x00a26fc0 last=0x06f80f02 last_stat=0x00a26fc0
[ 2252.970257] bcmgenet 12c00000.ethernet eth0: tc7200u tx submit ring=0 q=0 len=98 frags=0 free_now=998 sw_prod=27 hw_before(p=0 c=8) hw_after(p=1 c=160) first=0x06f80a02 first_stat=0x00a26fc0 last=0x06f80a02 last_stat=0x00a26fc0
[ 2254.204266] bcmgenet 12c00000.ethernet eth0: tc7200u tx submit ring=0 q=0 len=98 frags=0 free_now=997 sw_prod=28 hw_before(p=0 c=8) hw_after(p=1 c=176) first=0x06f81b82 first_stat=0x00a26fc0 last=0x06f81b82 last_stat=0x00a26fc0
[ 2255.448423] bcmgenet 12c00000.ethernet eth0: tc7200u tx submit ring=0 q=0 len=98 frags=0 free_now=996 sw_prod=29 hw_before(p=0 c=8) hw_after(p=1 c=192) first=0x06f81182 first_stat=0x00a26fc0 last=0x06f81182 last_stat=0x00a26fc0
[ 2256.648513] bcmgenet 12c00000.ethernet eth0: tc7200u tx submit ring=0 q=0 len=98 frags=0 free_now=995 sw_prod=30 hw_before(p=0 c=8) hw_after(p=1 c=208) first=0x06f81402 first_stat=0x00a26fc0 last=0x06f81402 last_stat=0x00a26fc0
[ 2257.859752] bcmgenet 12c00000.ethernet eth0: tc7200u tx submit ring=0 q=0 len=98 frags=0 free_now=994 sw_prod=31 hw_before(p=0 c=8) hw_after(p=1 c=224) first=0x06f81682 first_stat=0x00a26fc0 last=0x06f81682 last_stat=0x00a26fc0
[ 2259.069405] bcmgenet 12c00000.ethernet eth0: tc7200u tx submit ring=0 q=0 len=98 frags=0 free_now=993 sw_prod=32 hw_before(p=0 c=8) hw_after(p=1 c=240) first=0x06f81902 first_stat=0x00a26fc0 last=0x06f81902 last_stat=0x00a26fc0
[ 2260.238211] bcmgenet 12c00000.ethernet eth0: tc7200u tx submit ring=0 q=0 len=98 frags=0 free_now=992 sw_prod=33 hw_before(p=0 c=8) hw_after(p=1 c=0) first=0x06f80002 first_stat=0x00a26fc0 last=0x06f80002 last_stat=0x00a26fc0
[ 2261.412595] bcmgenet 12c00000.ethernet eth0: tc7200u tx submit ring=0 q=0 len=98 frags=0 free_now=991 sw_prod=34 hw_before(p=0 c=8) hw_after(p=1 c=16) first=0x06f84002 first_stat=0x00a26fc0 last=0x06f84002 last_stat=0x00a26fc0
[ 2262.648588] bcmgenet 12c00000.ethernet eth0: tc7200u tx submit ring=0 q=0 len=98 frags=0 free_now=990 sw_prod=35 hw_before(p=0 c=8) hw_after(p=1 c=32) first=0x06f85682 first_stat=0x00a26fc0 last=0x06f85682 last_stat=0x00a26fc0
[ 2263.856975] bcmgenet 12c00000.ethernet eth0: tc7200u tx submit ring=0 q=0 len=98 frags=0 free_now=989 sw_prod=36 hw_before(p=0 c=8) hw_after(p=1 c=48) first=0x06f85902 first_stat=0x00a26fc0 last=0x06f85902 last_stat=0x00a26fc0
[ 2265.049301] bcmgenet 12c00000.ethernet eth0: tc7200u tx submit ring=0 q=0 len=98 frags=0 free_now=988 sw_prod=37 hw_before(p=0 c=8) hw_after(p=1 c=64) first=0x06f85402 first_stat=0x00a26fc0 last=0x06f85402 last_stat=0x00a26fc0
[ 2266.208628] bcmgenet 12c00000.ethernet eth0: tc7200u tx submit ring=0 q=0 len=98 frags=0 free_now=987 sw_prod=38 hw_before(p=0 c=8) hw_after(p=1 c=80) first=0x06f85182 first_stat=0x00a26fc0 last=0x06f85182 last_stat=0x00a26fc0
[ 2267.378818] bcmgenet 12c00000.ethernet eth0: tc7200u tx submit ring=0 q=0 len=98 frags=0 free_now=986 sw_prod=39 hw_before(p=0 c=8) hw_after(p=1 c=96) first=0x06f84282 first_stat=0x00a26fc0 last=0x06f84282 last_stat=0x00a26fc0
[ 2268.589768] bcmgenet 12c00000.ethernet eth0: tc7200u tx submit ring=0 q=0 len=98 frags=0 free_now=985 sw_prod=40 hw_before(p=0 c=8) hw_after(p=1 c=112) first=0x06f84782 first_stat=0x00a26fc0 last=0x06f84782 last_stat=0x00a26fc0
[ 2269.819039] bcmgenet 12c00000.ethernet eth0: tc7200u tx submit ring=0 q=0 len=98 frags=0 free_now=984 sw_prod=41 hw_before(p=0 c=8) hw_after(p=1 c=128) first=0x06f84c82 first_stat=0x00a26fc0 last=0x06f84c82 last_stat=0x00a26fc0
[ 2271.029853] bcmgenet 12c00000.ethernet eth0: tc7200u tx submit ring=0 q=0 len=98 frags=0 free_now=983 sw_prod=42 hw_before(p=0 c=8) hw_after(p=1 c=144) first=0x06f84f02 first_stat=0x00a26fc0 last=0x06f84f02 last_stat=0x00a26fc0
[ 2272.239971] bcmgenet 12c00000.ethernet eth0: tc7200u tx submit ring=0 q=0 len=98 frags=0 free_now=982 sw_prod=43 hw_before(p=0 c=8) hw_after(p=1 c=160) first=0x06f84a02 first_stat=0x00a26fc0 last=0x06f84a02 last_stat=0x00a26fc0
[ 2273.449891] bcmgenet 12c00000.ethernet eth0: tc7200u tx submit ring=0 q=0 len=98 frags=0 free_now=981 sw_prod=44 hw_before(p=0 c=8) hw_after(p=1 c=176) first=0x06f85b82 first_stat=0x00a26fc0 last=0x06f85b82 last_stat=0x00a26fc0
[ 2274.669415] bcmgenet 12c00000.ethernet eth0: tc7200u tx submit ring=0 q=0 len=98 frags=0 free_now=980 sw_prod=45 hw_before(p=0 c=8) hw_after(p=1 c=192) first=0x06f84502 first_stat=0x00a26fc0 last=0x06f84502 last_stat=0x00a26fc0
[ 2275.897842] bcmgenet 12c00000.ethernet eth0: tc7200u tx submit ring=0 q=0 len=98 frags=0 free_now=979 sw_prod=46 hw_before(p=0 c=8) hw_after(p=1 c=208) first=0x06f80502 first_stat=0x00a26fc0 last=0x06f80502 last_stat=0x00a26fc0
[ 2277.109096] bcmgenet 12c00000.ethernet eth0: tc7200u tx submit ring=0 q=0 len=98 frags=0 free_now=978 sw_prod=47 hw_before(p=0 c=8) hw_after(p=1 c=224) first=0x06f82502 first_stat=0x00a26fc0 last=0x06f82502 last_stat=0x00a26fc0
[ 2278.318929] bcmgenet 12c00000.ethernet eth0: tc7200u tx submit ring=0 q=0 len=98 frags=0 free_now=977 sw_prod=48 hw_before(p=0 c=8) hw_after(p=1 c=240) first=0x06f82002 first_stat=0x00a26fc0 last=0x06f82002 last_stat=0x00a26fc0
[ 2279.529369] bcmgenet 12c00000.ethernet eth0: tc7200u tx submit ring=0 q=0 len=98 frags=0 free_now=976 sw_prod=49 hw_before(p=0 c=8) hw_after(p=1 c=0) first=0x06f83902 first_stat=0x00a26fc0 last=0x06f83902 last_stat=0x00a26fc0
[ 2280.741760] bcmgenet 12c00000.ethernet eth0: tc7200u tx submit ring=0 q=0 len=98 frags=0 free_now=975 sw_prod=50 hw_before(p=0 c=8) hw_after(p=1 c=16) first=0x06f83682 first_stat=0x00a26fc0 last=0x06f83682 last_stat=0x00a26fc0
[ 2281.969894] bcmgenet 12c00000.ethernet eth0: tc7200u tx submit ring=0 q=0 len=98 frags=0 free_now=974 sw_prod=51 hw_before(p=0 c=8) hw_after(p=1 c=32) first=0x06f83402 first_stat=0x00a26fc0 last=0x06f83402 last_stat=0x00a26fc0
[ 2283.188613] bcmgenet 12c00000.ethernet eth0: tc7200u tx submit ring=0 q=0 len=98 frags=0 free_now=973 sw_prod=52 hw_before(p=0 c=8) hw_after(p=1 c=48) first=0x06f83182 first_stat=0x00a26fc0 last=0x06f83182 last_stat=0x00a26fc0
[ 2284.390139] bcmgenet 12c00000.ethernet eth0: tc7200u tx submit ring=0 q=0 len=98 frags=0 free_now=972 sw_prod=53 hw_before(p=0 c=8) hw_after(p=1 c=64) first=0x06f82282 first_stat=0x00a26fc0 last=0x06f82282 last_stat=0x00a26fc0
[ 2285.609197] bcmgenet 12c00000.ethernet eth0: tc7200u tx submit ring=0 q=0 len=98 frags=0 free_now=971 sw_prod=54 hw_before(p=0 c=8) hw_after(p=1 c=80) first=0x06f82c82 first_stat=0x00a26fc0 last=0x06f82c82 last_stat=0x00a26fc0
[ 2286.808526] bcmgenet 12c00000.ethernet eth0: tc7200u tx submit ring=0 q=0 len=98 frags=0 free_now=970 sw_prod=55 hw_before(p=0 c=8) hw_after(p=1 c=96) first=0x06f82782 first_stat=0x00a26fc0 last=0x06f82782 last_stat=0x00a26fc0
[ 2288.028541] bcmgenet 12c00000.ethernet eth0: tc7200u tx submit ring=0 q=0 len=98 frags=0 free_now=969 sw_prod=56 hw_before(p=0 c=8) hw_after(p=1 c=112) first=0x06f82f02 first_stat=0x00a26fc0 last=0x06f82f02 last_stat=0x00a26fc0
[ 2289.239280] bcmgenet 12c00000.ethernet eth0: tc7200u tx submit ring=0 q=0 len=98 frags=0 free_now=968 sw_prod=57 hw_before(p=0 c=8) hw_after(p=1 c=128) first=0x06f82a02 first_stat=0x00a26fc0 last=0x06f82a02 last_stat=0x00a26fc0
[ 2290.449852] bcmgenet 12c00000.ethernet eth0: tc7200u tx submit ring=0 q=0 len=98 frags=0 free_now=967 sw_prod=58 hw_before(p=0 c=8) hw_after(p=1 c=144) first=0x06f83b82 first_stat=0x00a26fc0 last=0x06f83b82 last_stat=0x00a26fc0
[ 2291.667237] bcmgenet 12c00000.ethernet eth0: tc7200u tx submit ring=0 q=0 len=98 frags=0 free_now=966 sw_prod=59 hw_before(p=0 c=8) hw_after(p=1 c=160) first=0x06f7d682 first_stat=0x00a26fc0 last=0x06f7d682 last_stat=0x00a26fc0
[ 2292.889317] bcmgenet 12c00000.ethernet eth0: tc7200u tx submit ring=0 q=0 len=98 frags=0 free_now=965 sw_prod=60 hw_before(p=0 c=8) hw_after(p=1 c=176) first=0x06f7c002 first_stat=0x00a26fc0 last=0x06f7c002 last_stat=0x00a26fc0
[ 2294.102106] bcmgenet 12c00000.ethernet eth0: tc7200u tx submit ring=0 q=0 len=98 frags=0 free_now=964 sw_prod=61 hw_before(p=0 c=8) hw_after(p=1 c=192) first=0x06f7c502 first_stat=0x00a26fc0 last=0x06f7c502 last_stat=0x00a26fc0
phase1 round 2/8
[ 2302.307747] bcmgenet 12c00000.ethernet eth0: tc7200u tx submit ring=0 q=0 len=98 frags=0 free_now=963 sw_prod=62 hw_before(p=0 c=8) hw_after(p=1 c=208) first=0x06f7db82 first_stat=0x00a26fc0 last=0x06f7db82 last_stat=0x00a26fc0
[ 2303.465428] bcmgenet 12c00000.ethernet eth0: tc7200u tx submit ring=0 q=0 len=98 frags=0 free_now=962 sw_prod=63 hw_before(p=0 c=8) hw_after(p=1 c=224) first=0x06f7ca02 first_stat=0x00a26fc0 last=0x06f7ca02 last_stat=0x00a26fc0
[ 2304.649784] bcmgenet 12c00000.ethernet eth0: tc7200u tx submit ring=0 q=0 len=98 frags=0 free_now=961 sw_prod=64 hw_before(p=0 c=8) hw_after(p=1 c=240) first=0x06f7cf02 first_stat=0x00a26fc0 last=0x06f7cf02 last_stat=0x00a26fc0
[ 2305.865317] bcmgenet 12c00000.ethernet eth0: tc7200u tx submit ring=0 q=0 len=98 frags=0 free_now=960 sw_prod=65 hw_before(p=0 c=8) hw_after(p=1 c=0) first=0x06f7c782 first_stat=0x00a26fc0 last=0x06f7c782 last_stat=0x00a26fc0
[ 2307.067486] bcmgenet 12c00000.ethernet eth0: tc7200u tx submit ring=0 q=0 len=98 frags=0 free_now=959 sw_prod=66 hw_before(p=0 c=8) hw_after(p=1 c=16) first=0x06f7d182 first_stat=0x00a26fc0 last=0x06f7d182 last_stat=0x00a26fc0
[ 2308.277561] bcmgenet 12c00000.ethernet eth0: tc7200u tx submit ring=0 q=0 len=98 frags=0 free_now=958 sw_prod=67 hw_before(p=0 c=8) hw_after(p=1 c=32) first=0x06f7cc82 first_stat=0x00a26fc0 last=0x06f7cc82 last_stat=0x00a26fc0
[ 2309.479368] bcmgenet 12c00000.ethernet eth0: tc7200u tx submit ring=0 q=0 len=98 frags=0 free_now=957 sw_prod=68 hw_before(p=0 c=8) hw_after(p=1 c=48) first=0x06f7d402 first_stat=0x00a26fc0 last=0x06f7d402 last_stat=0x00a26fc0
[ 2310.698932] bcmgenet 12c00000.ethernet eth0: tc7200u tx submit ring=0 q=0 len=98 frags=0 free_now=956 sw_prod=69 hw_before(p=0 c=8) hw_after(p=1 c=64) first=0x06f7c282 first_stat=0x00a26fc0 last=0x06f7c282 last_stat=0x00a26fc0
[ 2311.899381] bcmgenet 12c00000.ethernet eth0: tc7200u tx submit ring=0 q=0 len=98 frags=0 free_now=955 sw_prod=70 hw_before(p=0 c=8) hw_after(p=1 c=80) first=0x06f7d902 first_stat=0x00a26fc0 last=0x06f7d902 last_stat=0x00a26fc0
[ 2313.108375] bcmgenet 12c00000.ethernet eth0: tc7200u tx submit ring=0 q=0 len=98 frags=0 free_now=954 sw_prod=71 hw_before(p=0 c=8) hw_after(p=1 c=96) first=0x06f52c82 first_stat=0x00a26fc0 last=0x06f52c82 last_stat=0x00a26fc0
[ 2314.311724] bcmgenet 12c00000.ethernet eth0: tc7200u tx submit ring=0 q=0 len=98 frags=0 free_now=953 sw_prod=72 hw_before(p=0 c=8) hw_after(p=1 c=112) first=0x06f52282 first_stat=0x00a26fc0 last=0x06f52282 last_stat=0x00a26fc0
[ 2315.520687] bcmgenet 12c00000.ethernet eth0: tc7200u tx submit ring=0 q=0 len=98 frags=0 free_now=952 sw_prod=73 hw_before(p=0 c=8) hw_after(p=1 c=128) first=0x06f52782 first_stat=0x00a26fc0 last=0x06f52782 last_stat=0x00a26fc0
[ 2316.735211] bcmgenet 12c00000.ethernet eth0: tc7200u tx submit ring=0 q=0 len=98 frags=0 free_now=951 sw_prod=74 hw_before(p=0 c=8) hw_after(p=1 c=144) first=0x06f52f02 first_stat=0x00a26fc0 last=0x06f52f02 last_stat=0x00a26fc0
[ 2317.955147] bcmgenet 12c00000.ethernet eth0: tc7200u tx submit ring=0 q=0 len=98 frags=0 free_now=950 sw_prod=75 hw_before(p=0 c=8) hw_after(p=1 c=160) first=0x06f52a02 first_stat=0x00a26fc0 last=0x06f52a02 last_stat=0x00a26fc0
[ 2319.148742] bcmgenet 12c00000.ethernet eth0: tc7200u tx submit ring=0 q=0 len=98 frags=0 free_now=949 sw_prod=76 hw_before(p=0 c=8) hw_after(p=1 c=176) first=0x06f53b82 first_stat=0x00a26fc0 last=0x06f53b82 last_stat=0x00a26fc0
[ 2320.359803] bcmgenet 12c00000.ethernet eth0: tc7200u tx submit ring=0 q=0 len=98 frags=0 free_now=948 sw_prod=77 hw_before(p=0 c=8) hw_after(p=1 c=192) first=0x06f52502 first_stat=0x00a26fc0 last=0x06f52502 last_stat=0x00a26fc0
[ 2321.579239] bcmgenet 12c00000.ethernet eth0: tc7200u tx submit ring=0 q=0 len=98 frags=0 free_now=947 sw_prod=78 hw_before(p=0 c=8) hw_after(p=1 c=208) first=0x06f53902 first_stat=0x00a26fc0 last=0x06f53902 last_stat=0x00a26fc0
[ 2322.780795] bcmgenet 12c00000.ethernet eth0: tc7200u tx submit ring=0 q=0 len=98 frags=0 free_now=946 sw_prod=79 hw_before(p=0 c=8) hw_after(p=1 c=224) first=0x06f52002 first_stat=0x00a26fc0 last=0x06f52002 last_stat=0x00a26fc0
[ 2324.029096] bcmgenet 12c00000.ethernet eth0: tc7200u tx submit ring=0 q=0 len=98 frags=0 free_now=945 sw_prod=80 hw_before(p=0 c=8) hw_after(p=1 c=240) first=0x06f53682 first_stat=0x00a26fc0 last=0x06f53682 last_stat=0x00a26fc0
[ 2325.235058] bcmgenet 12c00000.ethernet eth0: tc7200u tx submit ring=0 q=0 len=98 frags=0 free_now=944 sw_prod=81 hw_before(p=0 c=8) hw_after(p=1 c=0) first=0x06f53402 first_stat=0x00a26fc0 last=0x06f53402 last_stat=0x00a26fc0
[ 2326.447171] bcmgenet 12c00000.ethernet eth0: tc7200u tx submit ring=0 q=0 len=98 frags=0 free_now=943 sw_prod=82 hw_before(p=0 c=8) hw_after(p=1 c=16) first=0x06f7af02 first_stat=0x00a26fc0 last=0x06f7af02 last_stat=0x00a26fc0
[ 2327.649969] bcmgenet 12c00000.ethernet eth0: tc7200u tx submit ring=0 q=0 len=98 frags=0 free_now=942 sw_prod=83 hw_before(p=0 c=8) hw_after(p=1 c=32) first=0x06f7a782 first_stat=0x00a26fc0 last=0x06f7a782 last_stat=0x00a26fc0
[ 2328.859957] bcmgenet 12c00000.ethernet eth0: tc7200u tx submit ring=0 q=0 len=98 frags=0 free_now=941 sw_prod=84 hw_before(p=0 c=8) hw_after(p=1 c=48) first=0x06f7ac82 first_stat=0x00a26fc0 last=0x06f7ac82 last_stat=0x00a26fc0
[ 2330.099658] bcmgenet 12c00000.ethernet eth0: tc7200u tx submit ring=0 q=0 len=98 frags=0 free_now=940 sw_prod=85 hw_before(p=0 c=8) hw_after(p=1 c=64) first=0x06f7a282 first_stat=0x00a26fc0 last=0x06f7a282 last_stat=0x00a26fc0
[ 2331.315397] bcmgenet 12c00000.ethernet eth0: tc7200u tx submit ring=0 q=0 len=98 frags=0 free_now=939 sw_prod=86 hw_before(p=0 c=8) hw_after(p=1 c=80) first=0x06f7b402 first_stat=0x00a26fc0 last=0x06f7b402 last_stat=0x00a26fc0
[ 2332.518934] bcmgenet 12c00000.ethernet eth0: tc7200u tx submit ring=0 q=0 len=98 frags=0 free_now=938 sw_prod=87 hw_before(p=0 c=8) hw_after(p=1 c=96) first=0x06f7b902 first_stat=0x00a26fc0 last=0x06f7b902 last_stat=0x00a26fc0
[ 2333.728772] bcmgenet 12c00000.ethernet eth0: tc7200u tx submit ring=0 q=0 len=98 frags=0 free_now=937 sw_prod=88 hw_before(p=0 c=8) hw_after(p=1 c=112) first=0x06f7b182 first_stat=0x00a26fc0 last=0x06f7b182 last_stat=0x00[ 2334.888639] bcmgenet 12c00000.ethernet eth0: tc7200u tx submit ring=0 q=0 len=98 frags=0 free_now=936 sw_prod=89 hw_before(p=0 c=8) hw_after(p=1 c=128) first=0x06f7b682 first_stat=0x00a26fc0 last=0x06f7b682 last_stat=0x00a26fc0
[ 2336.040031] bcmgenet 12c00000.ethernet eth0: tc7200u tx submit ring=0 q=0 len=98 frags=0 free_now=935 sw_prod=90 hw_before(p=0 c=8) hw_after(p=1 c=144) first=0x06f7a502 first_stat=0x00a26fc0 last=0x06f7a502 last_stat=0x00a26fc0
[ 2337.260485] bcmgenet 12c00000.ethernet eth0: tc7200u tx submit ring=0 q=0 len=98 frags=0 free_now=934 sw_prod=91 hw_before(p=0 c=8) hw_after(p=1 c=160) first=0x06f7a002 first_stat=0x00a26fc0 last=0x06f7a002 last_stat=0x00a26fc0
[ 2338.470640] bcmgenet 12c00000.ethernet eth0: tc7200u tx submit ring=0 q=0 len=98 frags=0 free_now=933 sw_prod=92 hw_before(p=0 c=8) hw_after(p=1 c=176) first=0x06f7aa02 first_stat=0x00a26fc0 last=0x06f7aa02 last_stat=0x00a26fc0
[ 2339.698599] bcmgenet 12c00000.ethernet eth0: tc7200u tx submit ring=0 q=0 len=98 frags=0 free_now=932 sw_prod=93 hw_before(p=0 c=8) hw_after(p=1 c=192) first=0x06f7bb82 first_stat=0x00a26fc0 last=0x06f7bb82 last_stat=0x00a26fc0
[ 2340.860861] bcmgenet 12c00000.ethernet eth0: tc7200u tx submit ring=0 q=0 len=98 frags=0 free_now=931 sw_prod=94 hw_before(p=0 c=8) hw_after(p=1 c=208) first=0x068cf402 first_stat=0x00a26fc0 last=0x068cf402 last_stat=0x00a26fc0
[ 2342.036963] bcmgenet 12c00000.ethernet eth0: tc7200u tx submit ring=0 q=0 len=98 frags=0 free_now=930 sw_prod=95 hw_before(p=0 c=8) hw_after(p=1 c=224) first=0x068cf902 first_stat=0x00a26fc0 last=0x068cf902 last_stat=0x00a26fc0
[ 2343.250559] bcmgenet 12c00000.ethernet eth0: tc7200u tx submit ring=0 q=0 len=98 frags=0 free_now=929 sw_prod=96 hw_before(p=0 c=8) hw_after(p=1 c=240) first=0x068cf182 first_stat=0x00a26fc0 last=0x068cf182 last_stat=0x00a26fc0
[ 2344.468970] bcmgenet 12c00000.ethernet eth0: tc7200u tx submit ring=0 q=0 len=98 frags=0 free_now=928 sw_prod=97 hw_before(p=0 c=8) hw_after(p=1 c=0) first=0x068ce282 first_stat=0x00a26fc0 last=0x068ce282 last_stat=0x00a26fc0
[ 2345.668694] bcmgenet 12c00000.ethernet eth0: tc7200u tx submit ring=0 q=0 len=98 frags=0 free_now=927 sw_prod=98 hw_before(p=0 c=8) hw_after(p=1 c=16) first=0x068cec82 first_stat=0x00a26fc0 last=0x068cec82 last_stat=0x00a26fc0
[ 2346.882407] bcmgenet 12c00000.ethernet eth0: tc7200u tx submit ring=0 q=0 len=98 frags=0 free_now=926 sw_prod=99 hw_before(p=0 c=8) hw_after(p=1 c=32) first=0x068ce782 first_stat=0x00a26fc0 last=0x068ce782 last_stat=0x00a26fc0
[ 2348.099069] bcmgenet 12c00000.ethernet eth0: tc7200u tx submit ring=0 q=0 len=98 frags=0 free_now=925 sw_prod=100 hw_before(p=0 c=8) hw_after(p=1 c=48) first=0x068cfb82 first_stat=0x00a26fc0 last=0x068cfb82 last_stat=0x00a26fc0
[ 2349.317565] bcmgenet 12c00000.ethernet eth0: tc7200u tx submit ring=0 q=0 len=98 frags=0 free_now=924 sw_prod=101 hw_before(p=0 c=8) hw_after(p=1 c=64) first=0x068cef02 first_stat=0x00a26fc0 last=0x068cef02 last_stat=0x00a26fc0
[ 2350.520175] bcmgenet 12c00000.ethernet eth0: tc7200u tx submit ring=0 q=0 len=98 frags=0 free_now=923 sw_prod=102 hw_before(p=0 c=8) hw_after(p=1 c=80) first=0x068cea02 first_stat=0x00a26fc0 last=0x068cea02 last_stat=0x00a26fc0
[ 2351.739527] bcmgenet 12c00000.ethernet eth0: tc7200u tx submit ring=0 q=0 len=98 frags=0 free_now=922 sw_prod=103 hw_before(p=0 c=8) hw_after(p=1 c=96) first=0x068ce502 first_stat=0x00a26fc0 last=0x068ce502 last_stat=0x00a26fc0
[ 2352.940742] bcmgenet 12c00000.ethernet eth0: tc7200u tx submit ring=0 q=0 len=98 frags=0 free_now=921 sw_prod=104 hw_before(p=0 c=8) hw_after(p=1 c=112) first=0x068cf682 first_stat=0x00a26fc0 last=0x068cf682 last_stat=0x00a26fc0
[ 2354.157357] bcmgenet 12c00000.ethernet eth0: tc7200u tx submit ring=0 q=0 len=98 frags=0 free_now=920 sw_prod=105 hw_before(p=0 c=8) hw_after(p=1 c=128) first=0x068ce002 first_stat=0x00a26fc0 last=0x068ce002 last_stat=0x00a26fc0
[ 2355.368732] bcmgenet 12c00000.ethernet eth0: tc7200u tx submit ring=0 q=0 len=98 frags=0 free_now=919 sw_prod=106 hw_before(p=0 c=8) hw_after(p=1 c=144) first=0x068f9902 first_stat=0x00a26fc0 last=0x068f9902 last_stat=0x00a26fc0
[ 2356.585219] bcmgenet 12c00000.ethernet eth0: tc7200u tx submit ring=0 q=0 len=98 frags=0 free_now=918 sw_prod=107 hw_before(p=0 c=8) hw_after(p=1 c=160) first=0x068f8282 first_stat=0x00a26fc0 last=0x068f8282 last_stat=0x00a26fc0
[ 2357.799658] bcmgenet 12c00000.ethernet eth0: tc7200u tx submit ring=0 q=0 len=98 frags=0 free_now=917 sw_prod=108 hw_before(p=0 c=8) hw_after(p=1 c=176) first=0x068f8002 first_stat=0x00a26fc0 last=0x068f8002 last_stat=0x00a26fc0
[ 2359.017014] bcmgenet 12c00000.ethernet eth0: tc7200u tx submit ring=0 q=0 len=98 frags=0 free_now=916 sw_prod=109 hw_before(p=0 c=8) hw_after(p=1 c=192) first=0x068f9682 first_stat=0x00a26fc0 last=0x068f9682 last_stat=0x00a26fc0
[ 2360.219487] bcmgenet 12c00000.ethernet eth0: tc7200u tx submit ring=0 q=0 len=98 frags=0 free_now=915 sw_prod=110 hw_before(p=0 c=8) hw_after(p=1 c=208) first=0x068f8782 first_stat=0x00a26fc0 last=0x068f8782 last_stat=0x00a26fc0
[ 2361.441603] bcmgenet 12c00000.ethernet eth0: tc7200u tx submit ring=0 q=0 len=98 frags=0 free_now=914 sw_prod=111 hw_before(p=0 c=8) hw_after(p=1 c=224) first=0x068f9402 first_stat=0x00a26fc0 last=0x068f9402 last_stat=0x00a26fc0
[ 2362.655096] bcmgenet 12c00000.ethernet eth0: tc7200u tx submit ring=0 q=0 len=98 frags=0 free_now=913 sw_prod=112 hw_before(p=0 c=8) hw_after(p=1 c=240) first=0x068f8c82 first_stat=0x00a26fc0 last=0x068f8c82 last_stat=0x00a26fc0
[ 2363.868810] bcmgenet 12c00000.ethernet eth0: tc7200u tx submit ring=0 q=0 len=98 frags=0 free_now=912 sw_prod=113 hw_before(p=0 c=8) hw_after(p=1 c=0) first=0x068f8502 first_stat=0x00a26fc0 last=0x068f8502 last_stat=0x00a26fc0
[ 2365.071118] bcmgenet 12c00000.ethernet eth0: tc7200u tx submit ring=0 q=0 len=98 frags=0 free_now=911 sw_prod=114 hw_before(p=0 c=8) hw_after(p=1 c=16) first=0x068f9b82 first_stat=0x00a26fc0 last=0x068f9b82 last_stat=0x00a26fc0
[ 2366.285097] bcmgenet 12c00000.ethernet eth0: tc7200u tx submit ring=0 q=0 len=98 frags=0 free_now=910 sw_prod=115 hw_before(p=0 c=8) hw_after(p=1 c=32) first=0x068f9182 first_stat=0x00a26fc0 last=0x068f9182 last_stat=0x00a26fc0
[ 2367.498569] bcmgenet 12c00000.ethernet eth0: tc7200u tx submit ring=0 q=0 len=98 frags=0 free_now=909 sw_prod=116 hw_before(p=0 c=8) hw_after(p=1 c=48) first=0x068f8a02 first_stat=0x00a26fc0 last=0x068f8a02 last_stat=0x00a26fc0
[ 2368.705035] bcmgenet 12c00000.ethernet eth0: tc7200u tx submit ring=0 q=0 len=98 frags=0 free_now=908 sw_prod=117 hw_before(p=0 c=8) hw_after(p=1 c=64) first=0x068f8f02 first_stat=0x00a26fc0 last=0x068f8f02 last_stat=0x00a26fc0
[ 2369.948577] bcmgenet 12c00000.ethernet eth0: tc7200u tx submit ring=0 q=0 len=98 frags=0 free_now=907 sw_prod=118 hw_before(p=0 c=8) hw_after(p=1 c=80) first=0x06f88782 first_stat=0x00a26fc0 last=0x06f88782 last_stat=0x00a26fc0
[ 2371.138681] bcmgenet 12c00000.ethernet eth0: tc7200u tx submit ring=0 q=0 len=98 frags=0 free_now=906 sw_prod=119 hw_before(p=0 c=8) hw_after(p=1 c=96) first=0x06f88f02 first_stat=0x00a26fc0 last=0x06f88f02 last_stat=0x00a26fc0
[ 2372.300072] bcmgenet 12c00000.ethernet eth0: tc7200u tx submit ring=0 q=0 len=98 frags=0 free_now=905 sw_prod=120 hw_before(p=0 c=8) hw_after(p=1 c=112) first=0x06f88c82 first_stat=0x00a26fc0 last=0x06f88c82 last_stat=0x00a26fc0
[ 2373.498289] bcmgenet 12c00000.ethernet eth0: tc7200u tx submit ring=0 q=0 len=98 frags=0 free_now=904 sw_prod=121 hw_before(p=0 c=8) hw_after(p=1 c=128) first=0x06f88282 first_stat=0x00a26fc0 last=0x06f88282 last_stat=0x00a26fc0
[ 2374.699070] bcmgenet 12c00000.ethernet eth0: tc7200u tx submit ring=0 q=0 len=98 frags=0 free_now=903 sw_prod=122 hw_before(p=0 c=8) hw_after(p=1 c=144) first=0x06f89182 first_stat=0x00a26fc0 last=0x06f89182 last_stat=0x00a26fc0
[ 2375.901511] bcmgenet 12c00000.ethernet eth0: tc7200u tx submit ring=0 q=0 len=98 frags=0 free_now=902 sw_prod=123 hw_before(p=0 c=8) hw_after(p=1 c=160) first=0x06f89402 first_stat=0x00a26fc0 last=0x06f89402 last_stat=0x00a26fc0
[ 2377.124765] bcmgenet 12c00000.ethernet eth0: tc7200u tx submit ring=0 q=0 len=98 frags=0 free_now=901 sw_prod=124 hw_before(p=0 c=8) hw_after(p=1 c=176) first=0x06f89902 first_stat=0x00a26fc0 last=0x06f89902 last_stat=0x00a26fc0
[ 2378.300526] bcmgenet 12c00000.ethernet eth0: tc7200u tx submit ring=0 q=0 len=98 frags=0 free_now=900 sw_prod=125 hw_before(p=0 c=8) hw_after(p=1 c=192) first=0x06f89682 first_stat=0x00a26fc0 last=0x06f89682 last_stat=0x00a26fc0
[ 2379.520252] bcmgenet 12c00000.ethernet eth0: tc7200u tx submit ring=0 q=0 len=98 frags=0 free_now=899 sw_prod=126 hw_before(p=0 c=8) hw_after(p=1 c=208) first=0x06f88002 first_stat=0x00a26fc0 last=0x06f88002 last_stat=0x00a26fc0
[ 2380.729076] bcmgenet 12c00000.ethernet eth0: tc7200u tx submit ring=0 q=0 len=98 frags=0 free_now=898 sw_prod=127 hw_before(p=0 c=8) hw_after(p=1 c=224) first=0x06f89b82 first_stat=0x00a26fc0 last=0x06f89b82 last_stat=0x00a26fc0
[ 2381.938488] bcmgenet 12c00000.ethernet eth0: tc7200u tx submit ring=0 q=0 len=98 frags=0 free_now=897 sw_prod=128 hw_before(p=0 c=8) hw_after(p=1 c=240) first=0x06f88502 first_stat=0x00a26fc0 last=0x06f88502 last_stat=0x00a26fc0
[ 2383.149916] bcmgenet 12c00000.ethernet eth0: tc7200u tx submit ring=0 q=0 len=98 frags=0 free_now=896 sw_prod=129 hw_before(p=0 c=8) hw_after(p=1 c=0) first=0x06f88a02 first_stat=0x00a26fc0 last=0x06f88a02 last_stat=0x00a26fc0
[ 2384.357198] bcmgenet 12c00000.ethernet eth0: tc7200u tx submit ring=0 q=0 len=98 frags=0 free_now=895 sw_prod=130 hw_before(p=0 c=8) hw_after(p=1 c=16) first=0x06f7f902 first_stat=0x00a26fc0 last=0x06f7f902 last_stat=0x00a26fc0
[ 2385.579410] bcmgenet 12c00000.ethernet eth0: tc7200u tx submit ring=0 q=0 len=98 frags=0 free_now=894 sw_prod=131 hw_before(p=0 c=8) hw_after(p=1 c=32) first=0x06f7f682 first_stat=0x00a26fc0 last=0x06f7f682 last_stat=0x00a26fc0
[ 2386.787701] bcmgenet 12c00000.ethernet eth0: tc7200u tx submit ring=0 q=0 len=98 frags=0 free_now=893 sw_prod=132 hw_before(p=0 c=8) hw_after(p=1 c=48) first=0x06f7e002 first_stat=0x00a26fc0 last=0x06f7e002 last_stat=0x00a26fc0
[ 2387.998789] bcmgenet 12c00000.ethernet eth0: tc7200u tx submit ring=0 q=0 len=98 frags=0 free_now=892 sw_prod=133 hw_before(p=0 c=8) hw_after(p=1 c=64) first=0x06f7e502 first_stat=0x00a26fc0 last=0x06f7e502 last_stat=0x00a26fc0
[ 2389.199840] bcmgenet 12c00000.ethernet eth0: tc7200u tx submit ring=0 q=0 len=98 frags=0 free_now=891 sw_prod=134 hw_before(p=0 c=8) hw_after(p=1 c=80) first=0x06f7fb82 first_stat=0x00a26fc0 last=0x06f7fb82 last_stat=0x00a26fc0
[ 2390.415024] bcmgenet 12c00000.ethernet eth0: tc7200u tx submit ring=0 q=0 len=98 frags=0 free_now=890 sw_prod=135 hw_before(p=0 c=8) hw_after(p=1 c=96) first=0x06f7ea02 first_stat=0x00a26fc0 last=0x06f7ea02 last_stat=0x00a26fc0
[ 2391.635048] bcmgenet 12c00000.ethernet eth0: tc7200u tx submit ring=0 q=0 len=98 frags=0 free_now=889 sw_prod=136 hw_before(p=0 c=8) hw_after(p=1 c=112) first=0x06f7ef02 first_stat=0x00a26fc0 last=0x06f7ef02 last_stat=0x00a26fc0
[ 2392.859104] bcmgenet 12c00000.ethernet eth0: tc7200u tx submit ring=0 q=0 len=98 frags=0 free_now=888 sw_prod=137 hw_before(p=0 c=8) hw_after(p=1 c=128) first=0x06f7e782 first_stat=0x00a26fc0 last=0x06f7e782 last_stat=0x00a26fc0
[ 2394.068598] bcmgenet 12c00000.ethernet eth0: tc7200u tx submit ring=0 q=0 len=98 frags=0 free_now=887 sw_prod=138 hw_before(p=0 c=8) hw_after(p=1 c=144) first=0x06f7ec82 first_stat=0x00a26fc0 last=0x06f7ec82 last_stat=0x00a26fc0
[ 2395.271583] bcmgenet 12c00000.ethernet eth0: tc7200u tx submit ring=0 q=0 len=98 frags=0 free_now=886 sw_prod=139 hw_before(p=0 c=8) hw_after(p=1 c=160) first=0x06f7e282 first_stat=0x00a26fc0 last=0x06f7e282 last_stat=0x00a26fc0
[ 2396.479389] bcmgenet 12c00000.ethernet eth0: tc7200u tx submit ring=0 q=0 len=98 frags=0 free_now=885 sw_prod=140 hw_before(p=0 c=8) hw_after(p=1 c=176) first=0x06f7f182 first_stat=0x00a26fc0 last=0x06f7f182 last_stat=0x00a26fc0
[ 2397.697813] bcmgenet 12c00000.ethernet eth0: tc7200u tx submit ring=0 q=0 len=98 frags=0 free_now=884 sw_prod=141 hw_before(p=0 c=8) hw_after(p=1 c=192) first=0x06f7f402 first_stat=0x00a26fc0 last=0x06f7f402 last_stat=0x00a26fc0
[ 2398.921598] bcmgenet 12c00000.ethernet eth0: tc7200u tx submit ring=0 q=0 len=98 frags=0 free_now=883 sw_prod=142 hw_before(p=0 c=8) hw_after(p=1 c=208) first=0x06f67182 first_stat=0x00a26fc0 last=0x06f67182 last_stat=0x00a26fc0
[ 2400.138288] bcmgenet 12c00000.ethernet eth0: tc7200u tx submit ring=0 q=0 len=98 frags=0 free_now=882 sw_prod=143 hw_before(p=0 c=8) hw_after(p=1 c=224) first=0x06f67402 first_stat=0x00a26fc0 last=0x06f67402 last_stat=0x00a26fc0
[ 2401.359081] bcmgenet 12c00000.ethernet eth0: tc7200u tx submit ring=0 q=0 len=98 frags=0 free_now=881 sw_prod=144 hw_before(p=0 c=8) hw_after(p=1 c=240) first=0x06f67902 first_stat=0x00a26fc0 last=0x06f67902 last_stat=0x00a26fc0
[ 2402.559089] bcmgenet 12c00000.ethernet eth0: tc7200u tx submit ring=0 q=0 len=98 frags=0 free_now=880 sw_prod=145 hw_before(p=0 c=8) hw_after(p=1 c=0) first=0x06f67682 first_stat=0x00a26fc0 last=0x06f67682 last_stat=0x00a26fc0
[ 2403.768844] bcmgenet 12c00000.ethernet eth0: tc7200u tx submit ring=0 q=0 len=98 frags=0 free_now=879 sw_prod=146 hw_before(p=0 c=8) hw_after(p=1 c=16) first=0x06f66002 first_stat=0x00a26fc0 last=0x06f66002 last_stat=0x00a26fc0
[ 2404.979834] bcmgenet 12c00000.ethernet eth0: tc7200u tx submit ring=0 q=0 len=98 frags=0 free_now=878 sw_prod=147 hw_before(p=0 c=8) hw_after(p=1 c=32) first=0x06f66502 first_stat=0x00a26fc0 last=0x06f66502 last_stat=0x00a26fc0
[ 2406.207401] bcmgenet 12c00000.ethernet eth0: tc7200u tx submit ring=0 q=0 len=98 frags=0 free_now=877 sw_prod=148 hw_before(p=0 c=8) hw_after(p=1 c=48) first=0x06f66a02 first_stat=0x00a26fc0 last=0x06f66a02 last_stat=0x00a26fc0
[ 2407.408463] bcmgenet 12c00000.ethernet eth0: tc7200u tx submit ring=0 q=0 len=98 frags=0 free_now=876 sw_prod=149 hw_before(p=0 c=8) hw_after(p=1 c=64) first=0x06f67b82 first_stat=0x00a26fc0 last=0x06f67b82 last_stat=0x00a26fc0
[ 2408.569190] bcmgenet 12c00000.ethernet eth0: tc7200u tx submit ring=0 q=0 len=98 frags=0 free_now=875 sw_prod=150 hw_before(p=0 c=8) hw_after(p=1 c=80) first=0x06f66f02 first_stat=0x00a26fc0 last=0x06f66f02 last_stat=0x00a26fc0
[ 2409.738537] bcmgenet 12c00000.ethernet eth0: tc7200u tx submit ring=0 q=0 len=98 frags=0 free_now=874 sw_prod=151 hw_before(p=0 c=8) hw_after(p=1 c=96) first=0x06f66782 first_stat=0x00a26fc0 last=0x06f66782 last_stat=0x00a26fc0
[ 2410.948188] bcmgenet 12c00000.ethernet eth0: tc7200u tx submit ring=0 q=0 len=98 frags=0 free_now=873 sw_prod=152 hw_before(p=0 c=8) hw_after(p=1 c=112) first=0x06f66c82 first_stat=0x00a26fc0 last=0x06f66c82 last_stat=0x00a26fc0
[ 2412.158267] bcmgenet 12c00000.ethernet eth0: tc7200u tx submit ring=0 q=0 len=98 frags=0 free_now=872 sw_prod=153 hw_before(p=0 c=8) hw_after(p=1 c=128) first=0x06f61402 first_stat=0x00a26fc0 last=0x06f61402 last_stat=0x00a26fc0
[ 2413.357801] bcmgenet 12c00000.ethernet eth0: tc7200u tx submit ring=0 q=0 len=98 frags=0 free_now=871 sw_prod=154 hw_before(p=0 c=8) hw_after(p=1 c=144) first=0x06f61182 first_stat=0x00a26fc0 last=0x06f61182 last_stat=0x00a26fc0
[ 2414.519361] bcmgenet 12c00000.ethernet eth0: tc7200u tx submit ring=0 q=0 len=98 frags=0 free_now=870 sw_prod=155 hw_before(p=0 c=8) hw_after(p=1 c=160) first=0x06f61902 first_stat=0x00a26fc0 last=0x06f61902 last_stat=0x00a26fc0
[ 2415.682440] bcmgenet 12c00000.ethernet eth0: tc7200u tx submit ring=0 q=0 len=98 frags=0 free_now=869 sw_prod=156 hw_before(p=0 c=8) hw_after(p=1 c=176) first=0x06f61682 first_stat=0x00a26fc0 last=0x06f61682 last_stat=0x00a26fc0
[ 2416.902193] bcmgenet 12c00000.ethernet eth0: tc7200u tx submit ring=0 q=0 len=98 frags=0 free_now=868 sw_prod=157 hw_before(p=0 c=8) hw_after(p=1 c=192) first=0x06f60002 first_stat=0x00a26fc0 last=0x06f60002 last_stat=0x00a26fc0
[ 2418.937147] bcmgenet 12c00000.ethernet eth0: NETDEV WATCHDOG: CPU: 0: transmit queue 0 timed out 2010 ms
[ 2418.972564] bcmgenet 12c00000.ethernet eth0: tc7200u tx submit ring=0 q=0 len=98 frags=0 free_now=870 sw_prod=158 hw_before(p=0 c=8) hw_after(p=1 c=208) first=0x06f61b82 first_stat=0x00a26fc0 last=0x06f61b82 last_stat=0x00a26fc0
[ 2419.117974] bcmgenet 12c00000.ethernet eth0: tc7200u tx submit ring=0 q=0 len=98 frags=0 free_now=869 sw_prod=159 hw_before(p=0 c=8) hw_after(p=1 c=224) first=0x06f60502 first_stat=0x00a26fc0 last=0x06f60502 last_stat=0x00a26fc0
[ 2421.908498] bcmgenet 12c00000.ethernet eth0: NETDEV WATCHDOG: CPU: 0: transmit queue 0 timed out 2760 ms
[ 2421.970499] bcmgenet 12c00000.ethernet eth0: tc7200u tx submit ring=0 q=0 len=98 frags=0 free_now=1121 sw_prod=160 hw_before(p=0 c=8) hw_after(p=1 c=240) first=0x06f60a02 first_stat=0x00a26fc0 last=0x06f60a02 last_stat=0x00a26fc0
[ 2422.008625] bcmgenet 12c00000.ethernet eth0: tc7200u tx submit ring=0 q=0 len=98 frags=0 free_now=1120 sw_prod=161 hw_before(p=0 c=8) hw_after(p=1 c=0) first=0x06f60f02 first_stat=0x00a26fc0 last=0x06f60f02 last_stat=0x00a26fc0
[ 2422.385395] bcmgenet 12c00000.ethernet eth0: tc7200u tx submit ring=0 q=0 len=98 frags=0 free_now=1119 sw_prod=162 hw_before(p=0 c=8) hw_after(p=1 c=16) first=0x06f60502 first_stat=0x00a26fc0 last=0x06f60502 last_stat=0x00a26fc0
[ 2423.599293] bcmgenet 12c00000.ethernet eth0: tc7200u tx submit ring=0 q=0 len=98 frags=0 free_now=1118 sw_prod=163 hw_before(p=0 c=8) hw_after(p=1 c=32) first=0x06f61b82 first_stat=0x00a26fc0 last=0x06f61b82 last_stat=0x00a26fc0
[ 2424.808314] bcmgenet 12c00000.ethernet eth0: tc7200u tx submit ring=0 q=0 len=98 frags=0 free_now=1117 sw_prod=164 hw_before(p=0 c=8) hw_after(p=1 c=48) first=0x06f60002 first_stat=0x00a26fc0 last=0x06f60002 last_stat=0x00a26fc0
[ 2426.017141] bcmgenet 12c00000.ethernet eth0: tc7200u tx submit ring=0 q=0 len=98 frags=0 free_now=1116 sw_prod=165 hw_before(p=0 c=8) hw_after(p=1 c=64) first=0x06f61682 first_stat=0x00a26fc0 last=0x06f61682 last_stat=0x00a26fc0
[ 2427.219951] bcmgenet 12c00000.ethernet eth0: tc7200u tx submit ring=0 q=0 len=98 frags=0 free_now=1115 sw_prod=166 hw_before(p=0 c=8) hw_after(p=1 c=80) first=0x06f61902 first_stat=0x00a26fc0 last=0x06f61902 last_stat=0x00a26fc0
[ 2428.447144] bcmgenet 12c00000.ethernet eth0: tc7200u tx submit ring=0 q=0 len=98 frags=0 free_now=1114 sw_prod=167 hw_before(p=0 c=8) hw_after(p=1 c=96) first=0x06f61182 first_stat=0x00a26fc0 last=0x06f61182 last_stat=0x00a26fc0
[ 2429.658836] bcmgenet 12c00000.ethernet eth0: tc7200u tx submit ring=0 q=0 len=98 frags=0 free_now=1113 sw_prod=168 hw_before(p=0 c=8) hw_after(p=1 c=112) first=0x06f61402 first_stat=0x00a26fc0 last=0x06f61402 last_stat=0x00a26fc0
[ 2430.878902] bcmgenet 12c00000.ethernet eth0: tc7200u tx submit ring=0 q=0 len=98 frags=0 free_now=1112 sw_prod=169 hw_before(p=0 c=8) hw_after(p=1 c=128) first=0x06f60782 first_stat=0x00a26fc0 last=0x06f60782 last_stat=0x00a26fc0
[ 2432.090417] bcmgenet 12c00000.ethernet eth0: tc7200u tx submit ring=0 q=0 len=98 frags=0 free_now=1111 sw_prod=170 hw_before(p=0 c=8) hw_after(p=1 c=144) first=0x06f60c82 first_stat=0x00a26fc0 last=0x06f60c82 last_stat=0x00a26fc0
[ 2433.309611] bcmgenet 12c00000.ethernet eth0: tc7200u tx submit ring=0 q=0 len=98 frags=0 free_now=1110 sw_prod=171 hw_before(p=0 c=8) hw_after(p=1 c=160) first=0x06f60282 first_stat=0x00a26fc0 last=0x06f60282 last_stat=0x00a26fc0
[ 2434.528182] bcmgenet 12c00000.ethernet eth0: tc7200u tx submit ring=0 q=0 len=98 frags=0 free_now=1109 sw_prod=172 hw_before(p=0 c=8) hw_after(p=1 c=176) first=0x06f7f402 first_stat=0x00a26fc0 last=0x06f7f402 last_stat=0x00a26fc0
[ 2435.740166] bcmgenet 12c00000.ethernet eth0: tc7200u tx submit ring=0 q=0 len=98 frags=0 free_now=1108 sw_prod=173 hw_before(p=0 c=8) hw_after(p=1 c=192) first=0x06f7f182 first_stat=0x00a26fc0 last=0x06f7f182 last_stat=0x00a26fc0
[ 2436.960104] bcmgenet 12c00000.ethernet eth0: tc7200u tx submit ring=0 q=0 len=98 frags=0 free_now=1107 sw_prod=174 hw_before(p=0 c=8) hw_after(p=1 c=208) first=0x06f7e282 first_stat=0x00a26fc0 last=0x06f7e282 last_stat=0x00a26fc0
[ 2438.179888] bcmgenet 12c00000.ethernet eth0: tc7200u tx submit ring=0 q=0 len=98 frags=0 free_now=1106 sw_prod=175 hw_before(p=0 c=8) hw_after(p=1 c=224) first=0x06f7ec82 first_stat=0x00a26fc0 last=0x06f7ec82 last_stat=0x00a26fc0
[ 2439.400880] bcmgenet 12c00000.ethernet eth0: tc7200u tx submit ring=0 q=0 len=98 frags=0 free_now=1105 sw_prod=176 hw_before(p=0 c=8) hw_after(p=1 c=240) first=0x06f7e782 first_stat=0x00a26fc0 last=0x06f7e782 last_stat=0x00a26fc0
[ 2440.627070] bcmgenet 12c00000.ethernet eth0: tc7200u tx submit ring=0 q=0 len=98 frags=0 free_now=1104 sw_prod=177 hw_before(p=0 c=8) hw_after(p=1 c=0) first=0x06f7ef02 first_stat=0x00a26fc0 last=0x06f7ef02 last_stat=0x00a26fc0
[ 2441.848763] bcmgenet 12c00000.ethernet eth0: tc7200u tx submit ring=0 q=0 len=98 frags=0 free_now=1103 sw_prod=178 hw_before(p=0 c=8) hw_after(p=1 c=16) first=0x06f7ea02 first_stat=0x00a26fc0 last=0x06f7ea02 last_stat=0x00a26fc0
[ 2443.053517] bcmgenet 12c00000.ethernet eth0: tc7200u tx submit ring=0 q=0 len=98 frags=0 free_now=1102 sw_prod=179 hw_before(p=0 c=8) hw_after(p=1 c=32) first=0x06f7fb82 first_stat=0x00a26fc0 last=0x06f7fb82 last_stat=0x00a26fc0
[ 2444.279461] bcmgenet 12c00000.ethernet eth0: tc7200u tx submit ring=0 q=0 len=98 frags=0 free_now=1101 sw_prod=180 hw_before(p=0 c=8) hw_after(p=1 c=48) first=0x06f7e002 first_stat=0x00a26fc0 last=0x06f7e002 last_stat=0x00a26fc0
[ 2445.489227] bcmgenet 12c00000.ethernet eth0: tc7200u tx submit ring=0 q=0 len=98 frags=0 free_now=1100 sw_prod=181 hw_before(p=0 c=8) hw_after(p=1 c=64) first=0x06f7e502 first_stat=0x00a26fc0 last=0x06f7e502 last_stat=0x00a26fc0
[ 2446.645076] bcmgenet 12c00000.ethernet eth0: tc7200u tx submit ring=0 q=0 len=98 frags=0 free_now=1099 sw_prod=182 hw_before(p=0 c=8) hw_after(p=1 c=80) first=0x06f7f682 first_stat=0x00a26fc0 last=0x06f7f682 last_stat=0x00a26fc0
[ 2447.858841] bcmgenet 12c00000.ethernet eth0: tc7200u tx submit ring=0 q=0 len=98 frags=0 free_now=1098 sw_prod=183 hw_before(p=0 c=8) hw_after(p=1 c=96) first=0x06f7f902 first_stat=0x00a26fc0 last=0x06f7f902 last_stat=0x00a26fc0
[ 2449.060118] bcmgenet 12c00000.ethernet eth0: tc7200u tx submit ring=0 q=0 len=98 frags=0 free_now=1097 sw_prod=184 hw_before(p=0 c=8) hw_after(p=1 c=112) first=0x06f88a02 first_stat=0x00a26fc0 last=0x06f88a02 last_stat=0x00a26fc0
[ 2450.279635] bcmgenet 12c00000.ethernet eth0: tc7200u tx submit ring=0 q=0 len=98 frags=0 free_now=1096 sw_prod=185 hw_before(p=0 c=8) hw_after(p=1 c=128) first=0x06f88502 first_stat=0x00a26fc0 last=0x06f88502 last_stat=0x00a26fc0
[ 2451.449067] bcmgenet 12c00000.ethernet eth0: tc7200u tx submit ring=0 q=0 len=98 frags=0 free_now=1095 sw_prod=186 hw_before(p=0 c=8) hw_after(p=1 c=144) first=0x06f89b82 first_stat=0x00a26fc0 last=0x06f89b82 last_stat=0x00a26fc0
[ 2452.619839] bcmgenet 12c00000.ethernet eth0: tc7200u tx submit ring=0 q=0 len=98 frags=0 free_now=1094 sw_prod=187 hw_before(p=0 c=8) hw_after(p=1 c=160) first=0x06f88002 first_stat=0x00a26fc0 last=0x06f88002 last_stat=0x00a26fc0
[ 2453.839410] bcmgenet 12c00000.ethernet eth0: tc7200u tx submit ring=0 q=0 len=98 frags=0 free_now=1093 sw_prod=188 hw_before(p=0 c=8) hw_after(p=1 c=176) first=0x06f89682 first_stat=0x00a26fc0 last=0x06f89682 last_stat=0x00a26fc0
[ 2455.044462] bcmgenet 12c00000.ethernet eth0: tc7200u tx submit ring=0 q=0 len=98 frags=0 free_now=1092 sw_prod=189 hw_before(p=0 c=8) hw_after(p=1 c=192) first=0x06f89402 first_stat=0x00a26fc0 last=0x06f89402 last_stat=0x00a26fc0
[ 2456.269404] bcmgenet 12c00000.ethernet eth0: tc7200u tx submit ring=0 q=0 len=98 frags=0 free_now=1091 sw_prod=190 hw_before(p=0 c=8) hw_after(p=1 c=208) first=0x06f89902 first_stat=0x00a26fc0 last=0x06f89902 last_stat=0x00a26fc0
[ 2457.477925] bcmgenet 12c00000.ethernet eth0: tc7200u tx submit ring=0 q=0 len=98 frags=0 free_now=1090 sw_prod=191 hw_before(p=0 c=8) hw_after(p=1 c=224) first=0x06f89182 first_stat=0x00a26fc0 last=0x06f89182 last_stat=0x00a26fc0
[ 2458.697757] bcmgenet 12c00000.ethernet eth0: tc7200u tx submit ring=0 q=0 len=98 frags=0 free_now=1089 sw_prod=192 hw_before(p=0 c=8) hw_after(p=1 c=240) first=0x06f88282 first_stat=0x00a26fc0 last=0x06f88282 last_stat=0x00a26fc0
[ 2459.895268] bcmgenet 12c00000.ethernet eth0: tc7200u tx submit ring=0 q=0 len=98 frags=0 free_now=1088 sw_prod=193 hw_before(p=0 c=8) hw_after(p=1 c=0) first=0x06f88c82 first_stat=0x00a26fc0 last=0x06f88c82 last_stat=0x00a26fc0
[ 2461.118875] bcmgenet 12c00000.ethernet eth0: tc7200u tx submit ring=0 q=0 len=98 frags=0 free_now=1087 sw_prod=194 hw_before(p=0 c=8) hw_after(p=1 c=16) first=0x06f88f02 first_stat=0x00a26fc0 last=0x06f88f02 last_stat=0x00a26fc0
[ 2462.331341] bcmgenet 12c00000.ethernet eth0: tc7200u tx submit ring=0 q=0 len=98 frags=0 free_now=1086 sw_prod=195 hw_before(p=0 c=8) hw_after(p=1 c=32) first=0x06f88782 first_stat=0x00a26fc0 last=0x06f88782 last_stat=0x00a26fc0
[ 2463.540024] bcmgenet 12c00000.ethernet eth0: tc7200u tx submit ring=0 q=0 len=98 frags=0 free_now=1085 sw_prod=196 hw_before(p=0 c=8) hw_after(p=1 c=48) first=0x068f8f02 first_stat=0x00a26fc0 last=0x068f8f02 last_stat=0x00a26fc0
[ 2464.761028] bcmgenet 12c00000.ethernet eth0: tc7200u tx submit ring=0 q=0 len=98 frags=0 free_now=1084 sw_prod=197 hw_before(p=0 c=8) hw_after(p=1 c=64) first=0x068f8a02 first_stat=0x00a26fc0 last=0x068f8a02 last_stat=0x00a26fc0
[ 2465.998583] bcmgenet 12c00000.ethernet eth0: tc7200u tx submit ring=0 q=0 len=98 frags=0 free_now=1083 sw_prod=198 hw_before(p=0 c=8) hw_after(p=1 c=80) first=0x068f9182 first_stat=0x00a26fc0 last=0x068f9182 last_stat=0x00a26fc0
[ 2467.208373] bcmgenet 12c00000.ethernet eth0: tc7200u tx submit ring=0 q=0 len=98 frags=0 free_now=1082 sw_prod=199 hw_before(p=0 c=8) hw_after(p=1 c=96) first=0x068f9b82 first_stat=0x00a26fc0 last=0x068f9b82 last_stat=0x00a26fc0
[ 2468.419295] bcmgenet 12c00000.ethernet eth0: tc7200u tx submit ring=0 q=0 len=98 frags=0 free_now=1081 sw_prod=200 hw_before(p=0 c=8) hw_after(p=1 c=112) first=0x068f8502 first_stat=0x00a26fc0 last=0x068f8502 last_stat=0x00a26fc0
[ 2469.629432] bcmgenet 12c00000.ethernet eth0: tc7200u tx submit ring=0 q=0 len=98 frags=0 free_now=1080 sw_prod=201 hw_before(p=0 c=8) hw_after(p=1 c=128) first=0x068f8c82 first_stat=0x00a26fc0 last=0x068f8c82 last_stat=0x00a26fc0
[ 2470.848582] bcmgenet 12c00000.ethernet eth0: tc7200u tx submit ring=0 q=0 len=98 frags=0 free_now=1079 sw_prod=202 hw_before(p=0 c=8) hw_after(p=1 c=144) first=0x068f9402 first_stat=0x00a26fc0 last=0x068f9402 last_stat=0x00a26fc0
[ 2472.058561] bcmgenet 12c00000.ethernet eth0: tc7200u tx submit ring=0 q=0 len=98 frags=0 free_now=1078 sw_prod=203 hw_before(p=0 c=8) hw_after(p=1 c=160) first=0x068f8782 first_stat=0x00a26fc0 last=0x068f8782 last_stat=0x00a26fc0
[ 2473.280626] bcmgenet 12c00000.ethernet eth0: tc7200u tx submit ring=0 q=0 len=98 frags=0 free_now=1077 sw_prod=204 hw_before(p=0 c=8) hw_after(p=1 c=176) first=0x068f9682 first_stat=0x00a26fc0 last=0x068f9682 last_stat=0x00a26fc0
[ 2474.489268] bcmgenet 12c00000.ethernet eth0: tc7200u tx submit ring=0 q=0 len=98 frags=0 free_now=1076 sw_prod=205 hw_before(p=0 c=8) hw_after(p=1 c=192) first=0x068f8002 first_stat=0x00a26fc0 last=0x068f8002 last_stat=0x00a26fc0
[ 2475.709839] bcmgenet 12c00000.ethernet eth0: tc7200u tx submit ring=0 q=0 len=98 frags=0 free_now=1075 sw_prod=206 hw_before(p=0 c=8) hw_after(p=1 c=208) first=0x068f8282 first_stat=0x00a26fc0 last=0x068f8282 last_stat=0x00a26fc0
[ 2476.925038] bcmgenet 12c00000.ethernet eth0: tc7200u tx submit ring=0 q=0 len=98 frags=0 free_now=1074 sw_prod=207 hw_before(p=0 c=8) hw_after(p=1 c=224) first=0x068f9902 first_stat=0x00a26fc0 last=0x068f9902 last_stat=0x00a26fc0
[ 2478.139619] bcmgenet 12c00000.ethernet eth0: tc7200u tx submit ring=0 q=0 len=98 frags=0 free_now=1073 sw_prod=208 hw_before(p=0 c=8) hw_after(p=1 c=240) first=0x06f83b82 first_stat=0x00a26fc0 last=0x06f83b82 last_stat=0x00a26fc0
[ 2479.365082] bcmgenet 12c00000.ethernet eth0: tc7200u tx submit ring=0 q=0 len=98 frags=0 free_now=1072 sw_prod=209 hw_before(p=0 c=8) hw_after(p=1 c=0) first=0x06f82a02 first_stat=0x00a26fc0 last=0x06f82a02 last_stat=0x00a26fc0
[ 2480.570219] bcmgenet 12c00000.ethernet eth0: tc7200u tx submit ring=0 q=0 len=98 frags=0 free_now=1071 sw_prod=210 hw_before(p=0 c=8) hw_after(p=1 c=16) first=0x06f82782 first_stat=0x00a26fc0 last=0x06f82782 last_stat=0x00a26fc0
[ 2481.799317] bcmgenet 12c00000.ethernet eth0: tc7200u tx submit ring=0 q=0 len=98 frags=0 free_now=1070 sw_prod=211 hw_before(p=0 c=8) hw_after(p=1 c=32) first=0x06f82f02 first_stat=0x00a26fc0 last=0x06f82f02 last_stat=0x00a26fc0
[ 2482.959845] bcmgenet 12c00000.ethernet eth0: tc7200u tx submit ring=0 q=0 len=98 frags=0 free_now=1069 sw_prod=212 hw_before(p=0 c=8) hw_after(p=1 c=48) first=0x06f82c82 first_stat=0x00a26fc0 last=0x06f82c82 last_stat=0x00a26fc0
[ 2484.125143] bcmgenet 12c00000.ethernet eth0: tc7200u tx submit ring=0 q=0 len=98 frags=0 free_now=1068 sw_prod=213 hw_before(p=0 c=8) hw_after(p=1 c=64) first=0x06f82282 first_stat=0x00a26fc0 last=0x06f82282 last_stat=0x00a26fc0
[ 2485.345173] bcmgenet 12c00000.ethernet eth0: tc7200u tx submit ring=0 q=0 len=98 frags=0 free_now=1067 sw_prod=214 hw_before(p=0 c=8) hw_after(p=1 c=80) first=0x06f83182 first_stat=0x00a26fc0 last=0x06f83182 last_stat=0x00a26fc0
[ 2486.547843] bcmgenet 12c00000.ethernet eth0: tc7200u tx submit ring=0 q=0 len=98 frags=0 free_now=1066 sw_prod=215 hw_before(p=0 c=8) hw_after(p=1 c=96) first=0x06f83902 first_stat=0x00a26fc0 last=0x06f83902 last_stat=0x00a26fc0
[ 2487.749295] bcmgenet 12c00000.ethernet eth0: tc7200u tx submit ring=0 q=0 len=98 frags=0 free_now=1065 sw_prod=216 hw_before(p=0 c=8) hw_after(p=1 c=112) first=0x06f83682 first_stat=0x00a26fc0 last=0x06f83682 last_stat=0x00a26fc0
[ 2488.909704] bcmgenet 12c00000.ethernet eth0: tc7200u tx submit ring=0 q=0 len=98 frags=0 free_now=1064 sw_prod=217 hw_before(p=0 c=8) hw_after(p=1 c=128) first=0x06f83402 first_stat=0x00a26fc0 last=0x06f83402 last_stat=0x00a26fc0
[ 2490.080679] bcmgenet 12c00000.ethernet eth0: tc7200u tx submit ring=0 q=0 len=98 frags=0 free_now=1063 sw_prod=218 hw_before(p=0 c=8) hw_after(p=1 c=144) first=0x06f82002 first_stat=0x00a26fc0 last=0x06f82002 last_stat=0x00a26fc0
[ 2491.307692] bcmgenet 12c00000.ethernet eth0: tc7200u tx submit ring=0 q=0 len=98 frags=0 free_now=1062 sw_prod=219 hw_before(p=0 c=8) hw_after(p=1 c=160) first=0x06f7d902 first_stat=0x00a26fc0 last=0x06f7d902 last_stat=0x00a26fc0
[ 2492.491956] bcmgenet 12c00000.ethernet eth0: tc7200u tx submit ring=0 q=0 len=98 frags=0 free_now=1061 sw_prod=220 hw_before(p=0 c=8) hw_after(p=1 c=176) first=0x06f7c282 first_stat=0x00a26fc0 last=0x06f7c282 last_stat=0x00a26fc0
[ 2493.717081] bcmgenet 12c00000.ethernet eth0: tc7200u tx submit ring=0 q=0 len=98 frags=0 free_now=1060 sw_prod=221 hw_before(p=0 c=8) hw_after(p=1 c=192) first=0x06f7d402 first_stat=0x00a26fc0 last=0x06f7d402 last_stat=0x00a26fc0
[ 2494.922275] bcmgenet 12c00000.ethernet eth0: tc7200u tx submit ring=0 q=0 len=98 frags=0 free_now=1059 sw_prod=222 hw_before(p=0 c=8) hw_after(p=1 c=208) first=0x06f7cc82 first_stat=0x00a26fc0 last=0x06f7cc82 last_stat=0x00a26fc0
[ 2496.140857] bcmgenet 12c00000.ethernet eth0: tc7200u tx submit ring=0 q=0 len=98 frags=0 free_now=1058 sw_prod=223 hw_before(p=0 c=8) hw_after(p=1 c=224) first=0x06f7d182 first_stat=0x00a26fc0 last=0x06f7d182 last_stat=0x00a26fc0
[ 2497.375423] bcmgenet 12c00000.ethernet eth0: tc7200u tx submit ring=0 q=0 len=98 frags=0 free_now=1057 sw_prod=224 hw_before(p=0 c=8) hw_after(p=1 c=240) first=0x06f7c782 first_stat=0x00a26fc0 last=0x06f7c782 last_stat=0x00a26fc0
[ 2498.580762] bcmgenet 12c00000.ethernet eth0: tc7200u tx submit ring=0 q=0 len=98 frags=0 free_now=1056 sw_prod=225 hw_before(p=0 c=8) hw_after(p=1 c=0) first=0x06f7cf02 first_stat=0x00a26fc0 last=0x06f7cf02 last_stat=0x00a26fc0
[ 2499.802596] bcmgenet 12c00000.ethernet eth0: tc7200u tx submit ring=0 q=0 len=98 frags=0 free_now=1055 sw_prod=226 hw_before(p=0 c=8) hw_after(p=1 c=16) first=0x06f7ca02 first_stat=0x00a26fc0 last=0x06f7ca02 last_stat=0x00a26fc0
[ 2501.009029] bcmgenet 12c00000.ethernet eth0: tc7200u tx submit ring=0 q=0 len=98 frags=0 free_now=1054 sw_prod=227 hw_before(p=0 c=8) hw_after(p=1 c=32) first=0x06f7db82 first_stat=0x00a26fc0 last=0x06f7db82 last_stat=0x00a26fc0
[ 2502.230104] bcmgenet 12c00000.ethernet eth0: tc7200u tx submit ring=0 q=0 len=98 frags=0 free_now=1053 sw_prod=228 hw_before(p=0 c=8) hw_after(p=1 c=48) first=0x06f7c502 first_stat=0x00a26fc0 last=0x06f7c502 last_stat=0x00a26fc0
[ 2503.448632] bcmgenet 12c00000.ethernet eth0: tc7200u tx submit ring=0 q=0 len=98 frags=0 free_now=1052 sw_prod=229 hw_before(p=0 c=8) hw_after(p=1 c=64) first=0x06f7c002 first_stat=0x00a26fc0 last=0x06f7c002 last_stat=0x00a26fc0
[ 2504.659370] bcmgenet 12c00000.ethernet eth0: tc7200u tx submit ring=0 q=0 len=98 frags=0 free_now=1051 sw_prod=230 hw_before(p=0 c=8) hw_after(p=1 c=80) first=0x06f7d682 first_stat=0x00a26fc0 last=0x06f7d682 last_stat=0x00a26fc0
[ 2505.868516] bcmgenet 12c00000.ethernet eth0: tc7200u tx submit ring=0 q=0 len=98 frags=0 free_now=1050 sw_prod=231 hw_before(p=0 c=8) hw_after(p=1 c=96) first=0x06f82502 first_stat=0x00a26fc0 last=0x06f82502 last_stat=0x00a26fc0
[ 2507.086771] bcmgenet 12c00000.ethernet eth0: tc7200u tx submit ring=0 q=0 len=98 frags=0 free_now=1049 sw_prod=232 hw_before(p=0 c=8) hw_after(p=1 c=112) first=0x06f7bb82 first_stat=0x00a26fc0 last=0x06f7bb82 last_stat=0x00a26fc0
[ 2508.305368] bcmgenet 12c00000.ethernet eth0: tc7200u tx submit ring=0 q=0 len=98 frags=0 free_now=1048 sw_prod=233 hw_before(p=0 c=8) hw_after(p=1 c=128) first=0x06f7aa02 first_stat=0x00a26fc0 last=0x06f7aa02 last_stat=0x00a26fc0
[ 2509.509464] bcmgenet 12c00000.ethernet eth0: tc7200u tx submit ring=0 q=0 len=98 frags=0 free_now=1047 sw_prod=234 hw_before(p=0 c=8) hw_after(p=1 c=144) first=0x06f7a002 first_stat=0x00a26fc0 last=0x06f7a002 last_stat=0x00a26fc0
[ 2510.729116] bcmgenet 12c00000.ethernet eth0: tc7200u tx submit ring=0 q=0 len=98 frags=0 free_now=1046 sw_prod=235 hw_before(p=0 c=8) hw_after(p=1 c=160) first=0x06f7a502 first_stat=0x00a26fc0 last=0x06f7a502 last_stat=0x00a26fc0
[ 2511.928539] bcmgenet 12c00000.ethernet eth0: tc7200u tx submit ring=0 q=0 len=98 frags=0 free_now=1045 sw_prod=236 hw_before(p=0 c=8) hw_after(p=1 c=176) first=0x06f7b682 first_stat=0x00a26fc0 last=0x06f7b682 last_stat=0x00a26fc0
[ 2513.138693] bcmgenet 12c00000.ethernet eth0: tc7200u tx submit ring=0 q=0 len=98 frags=0 free_now=1044 sw_prod=237 hw_before(p=0 c=8) hw_after(p=1 c=192) first=0x06f7b182 first_stat=0x00a26fc0 last=0x06f7b182 last_stat=0x00a26fc0
[ 2514.349230] bcmgenet 12c00000.ethernet eth0: tc7200u tx submit ring=0 q=0 len=98 frags=0 free_now=1043 sw_prod=238 hw_before(p=0 c=8) hw_after(p=1 c=208) first=0x06f7b902 first_stat=0x00a26fc0 last=0x06f7b902 last_stat=0x00a26fc0
[ 2515.569915] bcmgenet 12c00000.ethernet eth0: tc7200u tx submit ring=0 q=0 len=98 frags=0 free_now=1042 sw_prod=239 hw_before(p=0 c=8) hw_after(p=1 c=224) first=0x06f7b402 first_stat=0x00a26fc0 last=0x06f7b402 last_stat=0x00a26fc0
[ 2516.779716] bcmgenet 12c00000.ethernet eth0: tc7200u tx submit ring=0 q=0 len=98 frags=0 free_now=1041 sw_prod=240 hw_before(p=0 c=8) hw_after(p=1 c=240) first=0x06f7a282 first_stat=0x00a26fc0 last=0x06f7a282 last_stat=0x00a26fc0
[ 2517.989374] bcmgenet 12c00000.ethernet eth0: tc7200u tx submit ring=0 q=0 len=98 frags=0 free_now=1040 sw_prod=241 hw_before(p=0 c=8) hw_after(p=1 c=0) first=0x06f7a782 first_stat=0x00a26fc0 last=0x06f7a782 last_stat=0x00a26fc0
[ 2519.199738] bcmgenet 12c00000.ethernet eth0: tc7200u tx submit ring=0 q=0 len=98 frags=0 free_now=1039 sw_prod=242 hw_before(p=0 c=8) hw_after(p=1 c=16) first=0x06f7ac82 first_stat=0x00a26fc0 last=0x06f7ac82 last_stat=0x00a26fc0
[ 2520.368369] bcmgenet 12c00000.ethernet eth0: tc7200u tx submit ring=0 q=0 len=98 frags=0 free_now=1038 sw_prod=243 hw_before(p=0 c=8) hw_after(p=1 c=32) first=0x06f7af02 first_stat=0x00a26fc0 last=0x06f7af02 last_stat=0x00a26fc0
[ 2521.539761] bcmgenet 12c00000.ethernet eth0: tc7200u tx submit ring=0 q=0 len=98 frags=0 free_now=1037 sw_prod=244 hw_before(p=0 c=8) hw_after(p=1 c=48) first=0x068ce002 first_stat=0x00a26fc0 last=0x068ce002 last_stat=0x00a26fc0
[ 2522.769967] bcmgenet 12c00000.ethernet eth0: tc7200u tx submit ring=0 q=0 len=98 frags=0 free_now=1036 sw_prod=245 hw_before(p=0 c=8) hw_after(p=1 c=64) first=0x068cea02 first_stat=0x00a26fc0 last=0x068cea02 last_stat=0x00a26fc0
[ 2523.971311] bcmgenet 12c00000.ethernet eth0: tc7200u tx submit ring=0 q=0 len=98 frags=0 free_now=1035 sw_prod=246 hw_before(p=0 c=8) hw_after(p=1 c=80) first=0x068ce502 first_stat=0x00a26fc0 last=0x068ce502 last_stat=0x00a26fc0
[ 2525.185313] bcmgenet 12c00000.ethernet eth0: tc7200u tx submit ring=0 q=0 len=98 frags=0 free_now=1034 sw_prod=247 hw_before(p=0 c=8) hw_after(p=1 c=96) first=0x068cf682 first_stat=0x00a26fc0 last=0x068cf682 last_stat=0x00a26fc0
[ 2526.340311] bcmgenet 12c00000.ethernet eth0: tc7200u tx submit ring=0 q=0 len=98 frags=0 free_now=1033 sw_prod=248 hw_before(p=0 c=8) hw_after(p=1 c=112) first=0x068cef02 first_stat=0x00a26fc0 last=0x068cef02 last_stat=0x00a26fc0
[ 2527.558851] bcmgenet 12c00000.ethernet eth0: tc7200u tx submit ring=0 q=0 len=98 frags=0 free_now=1032 sw_prod=249 hw_before(p=0 c=8) hw_after(p=1 c=128) first=0x068cfb82 first_stat=0x00a26fc0 last=0x068cfb82 last_stat=0x00a26fc0
[ 2528.769627] bcmgenet 12c00000.ethernet eth0: tc7200u tx submit ring=0 q=0 len=98 frags=0 free_now=1031 sw_prod=250 hw_before(p=0 c=8) hw_after(p=1 c=144) first=0x068cec82 first_stat=0x00a26fc0 last=0x068cec82 last_stat=0x00a26fc0
[ 2529.997794] bcmgenet 12c00000.ethernet eth0: tc7200u tx submit ring=0 q=0 len=98 frags=0 free_now=1030 sw_prod=251 hw_before(p=0 c=8) hw_after(p=1 c=160) first=0x068ce782 first_stat=0x00a26fc0 last=0x068ce782 last_stat=0x00a26fc0
[ 2531.207818] bcmgenet 12c00000.ethernet eth0: tc7200u tx submit ring=0 q=0 len=98 frags=0 free_now=1029 sw_prod=252 hw_before(p=0 c=8) hw_after(p=1 c=176) first=0x068ce282 first_stat=0x00a26fc0 last=0x068ce282 last_stat=0x00a26fc0
[ 2532.405065] bcmgenet 12c00000.ethernet eth0: tc7200u tx submit ring=0 q=0 len=98 frags=0 free_now=1028 sw_prod=253 hw_before(p=0 c=8) hw_after(p=1 c=192) first=0x068cf182 first_stat=0x00a26fc0 last=0x068cf182 last_stat=0x00a26fc0
[ 2533.616885] bcmgenet 12c00000.ethernet eth0: tc7200u tx submit ring=0 q=0 len=98 frags=0 free_now=1027 sw_prod=254 hw_before(p=0 c=8) hw_after(p=1 c=208) first=0x068cf902 first_stat=0x00a26fc0 last=0x068cf902 last_stat=0x00a26fc0
[ 2534.828740] bcmgenet 12c00000.ethernet eth0: tc7200u tx submit ring=0 q=0 len=98 frags=0 free_now=1026 sw_prod=255 hw_before(p=0 c=8) hw_after(p=1 c=224) first=0x068cf402 first_stat=0x00a26fc0 last=0x068cf402 last_stat=0x00a26fc0
[ 2536.049097] bcmgenet 12c00000.ethernet eth0: tc7200u tx submit ring=0 q=0 len=98 frags=0 free_now=1025 sw_prod=0 hw_before(p=0 c=8) hw_after(p=1 c=240) first=0x06f3b902 first_stat=0x00a26fc0 last=0x06f3b902 last_stat=0x00a26fc0
[ 2537.261176] bcmgenet 12c00000.ethernet eth0: tc7200u tx submit ring=0 q=0 len=98 frags=0 free_now=1024 sw_prod=1 hw_before(p=0 c=8) hw_after(p=1 c=0) first=0x06f3b682 first_stat=0x00a26fc0 last=0x06f3b682 last_stat=0x00a26fc0
[ 2538.479729] bcmgenet 12c00000.ethernet eth0: tc7200u tx submit ring=0 q=0 len=98 frags=0 free_now=1023 sw_prod=2 hw_before(p=0 c=8) hw_after(p=1 c=16) first=0x06f3a002 first_stat=0x00a26fc0 last=0x06f3a002 last_stat=0x00a26fc0
[ 2539.697628] bcmgenet 12c00000.ethernet eth0: tc7200u tx submit ring=0 q=0 len=98 frags=0 free_now=1022 sw_prod=3 hw_before(p=0 c=8) hw_after(p=1 c=32) first=0x06f3a502 first_stat=0x00a26fc0 last=0x06f3a502 last_stat=0x00a26fc0
[ 2540.891720] bcmgenet 12c00000.ethernet eth0: tc7200u tx submit ring=0 q=0 len=98 frags=0 free_now=1021 sw_prod=4 hw_before(p=0 c=8) hw_after(p=1 c=48) first=0x06f3bb82 first_stat=0x00a26fc0 last=0x06f3bb82 last_stat=0x00a26fc0
[ 2542.119166] bcmgenet 12c00000.ethernet eth0: tc7200u tx submit ring=0 q=0 len=98 frags=0 free_now=1020 sw_prod=5 hw_before(p=0 c=8) hw_after(p=1 c=64) first=0x06f3aa02 first_stat=0x00a26fc0 last=0x06f3aa02 last_stat=0x00a26fc0
[ 2543.338440] bcmgenet 12c00000.ethernet eth0: tc7200u tx submit ring=0 q=0 len=98 frags=0 free_now=1019 sw_prod=6 hw_before(p=0 c=8) hw_after(p=1 c=80) first=0x06f3af02 first_stat=0x00a26fc0 last=0x06f3af02 last_stat=0x00a26fc0
[ 2544.539020] bcmgenet 12c00000.ethernet eth0: tc7200u tx submit ring=0 q=0 len=98 frags=0 free_now=1018 sw_prod=7 hw_before(p=0 c=8) hw_after(p=1 c=96) first=0x06f3a782 first_stat=0x00a26fc0 last=0x06f3a782 last_stat=0x00a26fc0
[ 2545.739233] bcmgenet 12c00000.ethernet eth0: tc7200u tx submit ring=0 q=0 len=98 frags=0 free_now=1017 sw_prod=8 hw_before(p=0 c=8) hw_after(p=1 c=112) first=0x06f3ac82 first_stat=0x00a26fc0 last=0x06f3ac82 last_stat=0x00a26fc0
[ 2546.957293] bcmgenet 12c00000.ethernet eth0: tc7200u tx submit ring=0 q=0 len=98 frags=0 free_now=1016 sw_prod=9 hw_before(p=0 c=8) hw_after(p=1 c=128) first=0x06f3a282 first_stat=0x00a26fc0 last=0x06f3a282 last_stat=0x00a26fc0
[ 2548.160394] bcmgenet 12c00000.ethernet eth0: tc7200u tx submit ring=0 q=0 len=98 frags=0 free_now=1015 sw_prod=10 hw_before(p=0 c=8) hw_after(p=1 c=144) first=0x06f3b182 first_stat=0x00a26fc0 last=0x06f3b182 last_stat=0x00a26fc0
[ 2549.387272] bcmgenet 12c00000.ethernet eth0: tc7200u tx submit ring=0 q=0 len=98 frags=0 free_now=1014 sw_prod=11 hw_before(p=0 c=8) hw_after(p=1 c=160) first=0x06f3b402 first_stat=0x00a26fc0 last=0x06f3b402 last_stat=0x00a26fc0
[ 2550.588519] bcmgenet 12c00000.ethernet eth0: tc7200u tx submit ring=0 q=0 len=98 frags=0 free_now=1013 sw_prod=12 hw_before(p=0 c=8) hw_after(p=1 c=176) first=0x06f66a02 first_stat=0x00a26fc0 last=0x06f66a02 last_stat=0x00a26fc0
[ 2551.800000] bcmgenet 12c00000.ethernet eth0: tc7200u tx submit ring=0 q=0 len=98 frags=0 free_now=1012 sw_prod=13 hw_before(p=0 c=8) hw_after(p=1 c=192) first=0x06f66f02 first_stat=0x00a26fc0 last=0x06f66f02 last_stat=0x00a26fc0
[ 2553.009887] bcmgenet 12c00000.ethernet eth0: tc7200u tx submit ring=0 q=0 len=98 frags=0 free_now=1011 sw_prod=14 hw_before(p=0 c=8) hw_after(p=1 c=208) first=0x06f66782 first_stat=0x00a26fc0 last=0x06f66782 last_stat=0x00a26fc0
[ 2554.238183] bcmgenet 12c00000.ethernet eth0: tc7200u tx submit ring=0 q=0 len=98 frags=0 free_now=1010 sw_prod=15 hw_before(p=0 c=8) hw_after(p=1 c=224) first=0x06f66282 first_stat=0x00a26fc0 last=0x06f66282 last_stat=0x00a26fc0
[ 2555.438656] bcmgenet 12c00000.ethernet eth0: tc7200u tx submit ring=0 q=0 len=98 frags=0 free_now=1009 sw_prod=16 hw_before(p=0 c=8) hw_after(p=1 c=240) first=0x06f66c82 first_stat=0x00a26fc0 last=0x06f66c82 last_stat=0x00a26fc0
[ 2556.628955] bcmgenet 12c00000.ethernet eth0: tc7200u tx submit ring=0 q=0 len=98 frags=0 free_now=1008 sw_prod=17 hw_before(p=0 c=8) hw_after(p=1 c=0) first=0x06f67182 first_stat=0x00a26fc0 last=0x06f67182 last_stat=0x00a26fc0
[ 2557.790937] bcmgenet 12c00000.ethernet eth0: tc7200u tx submit ring=0 q=0 len=98 frags=0 free_now=1007 sw_prod=18 hw_before(p=0 c=8) hw_after(p=1 c=16) first=0x06f67402 first_stat=0x00a26fc0 last=0x06f67402 last_stat=0x00a26fc0
[ 2558.999957] bcmgenet 12c00000.ethernet eth0: tc7200u tx submit ring=0 q=0 len=98 frags=0 free_now=1006 sw_prod=19 hw_before(p=0 c=8) hw_after(p=1 c=32) first=0x06f67902 first_stat=0x00a26fc0 last=0x06f67902 last_stat=0x00a26fc0
[ 2560.208787] bcmgenet 12c00000.ethernet eth0: tc7200u tx submit ring=0 q=0 len=98 frags=0 free_now=1005 sw_prod=20 hw_before(p=0 c=8) hw_after(p=1 c=48) first=0x06f67682 first_stat=0x00a26fc0 last=0x06f67682 last_stat=0x00a26fc0
[ 2561.418333] bcmgenet 12c00000.ethernet eth0: tc7200u tx submit ring=0 q=0 len=98 frags=0 free_now=1004 sw_prod=21 hw_before(p=0 c=8) hw_after(p=1 c=64) first=0x06f66002 first_stat=0x00a26fc0 last=0x06f66002 last_stat=0x00a26fc0
[ 2562.579783] bcmgenet 12c00000.ethernet eth0: tc7200u tx submit ring=0 q=0 len=98 frags=0 free_now=1003 sw_prod=22 hw_before(p=0 c=8) hw_after(p=1 c=80) first=0x06f66502 first_stat=0x00a26fc0 last=0x06f66502 last_stat=0x00a26fc0
[ 2563.744991] bcmgenet 12c00000.ethernet eth0: tc7200u tx submit ring=0 q=0 len=98 frags=0 free_now=1002 sw_prod=23 hw_before(p=0 c=8) hw_after(p=1 c=96) first=0x06f67b82 first_stat=0x00a26fc0 last=0x06f67b82 last_stat=0x00a26fc0
[ 2564.949863] bcmgenet 12c00000.ethernet eth0: tc7200u tx submit ring=0 q=0 len=98 frags=0 free_now=1001 sw_prod=24 hw_before(p=0 c=8) hw_after(p=1 c=112) first=0x06f79402 first_stat=0x00a26fc0 last=0x06f79402 last_stat=0x00a26fc0
[ 2566.160182] bcmgenet 12c00000.ethernet eth0: tc7200u tx submit ring=0 q=0 len=98 frags=0 free_now=1000 sw_prod=25 hw_before(p=0 c=8) hw_after(p=1 c=128) first=0x06f79682 first_stat=0x00a26fc0 last=0x06f79682 last_stat=0x00a26fc0
[ 2567.368369] bcmgenet 12c00000.ethernet eth0: tc7200u tx submit ring=0 q=0 len=98 frags=0 free_now=999 sw_prod=26 hw_before(p=0 c=8) hw_after(p=1 c=144) first=0x06f79902 first_stat=0x00a26fc0 last=0x06f79902 last_stat=0x00a26fc0
[ 2568.587319] bcmgenet 12c00000.ethernet eth0: tc7200u tx submit ring=0 q=0 len=98 frags=0 free_now=998 sw_prod=27 hw_before(p=0 c=8) hw_after(p=1 c=160) first=0x06f78002 first_stat=0x00a26fc0 last=0x06f78002 last_stat=0x00a26fc0
[ 2569.810346] bcmgenet 12c00000.ethernet eth0: tc7200u tx submit ring=0 q=0 len=98 frags=0 free_now=997 sw_prod=28 hw_before(p=0 c=8) hw_after(p=1 c=176) first=0x06f78502 first_stat=0x00a26fc0 last=0x06f78502 last_stat=0x00a26fc0
[ 2571.029909] bcmgenet 12c00000.ethernet eth0: tc7200u tx submit ring=0 q=0 len=98 frags=0 free_now=996 sw_prod=29 hw_before(p=0 c=8) hw_after(p=1 c=192) first=0x06f79b82 first_stat=0x00a26fc0 last=0x06f79b82 last_stat=0x00a26fc0
[ 2572.257725] bcmgenet 12c00000.ethernet eth0: tc7200u tx submit ring=0 q=0 len=98 frags=0 free_now=995 sw_prod=30 hw_before(p=0 c=8) hw_after(p=1 c=208) first=0x06f78a02 first_stat=0x00a26fc0 last=0x06f78a02 last_stat=0x00a26fc0
[ 2573.460262] bcmgenet 12c00000.ethernet eth0: tc7200u tx submit ring=0 q=0 len=98 frags=0 free_now=994 sw_prod=31 hw_before(p=0 c=8) hw_after(p=1 c=224) first=0x06f78f02 first_stat=0x00a26fc0 last=0x06f78f02 last_stat=0x00a26fc0
[ 2574.679140] bcmgenet 12c00000.ethernet eth0: tc7200u tx submit ring=0 q=0 len=98 frags=0 free_now=993 sw_prod=32 hw_before(p=0 c=8) hw_after(p=1 c=240) first=0x06f78782 first_stat=0x00a26fc0 last=0x06f78782 last_stat=0x00a26fc0
[ 2575.899951] bcmgenet 12c00000.ethernet eth0: tc7200u tx submit ring=0 q=0 len=98 frags=0 free_now=992 sw_prod=33 hw_before(p=0 c=8) hw_after(p=1 c=0) first=0x06f78c82 first_stat=0x00a26fc0 last=0x06f78c82 last_stat=0x00a26fc0
[ 2577.118632] bcmgenet 12c00000.ethernet eth0: tc7200u tx submit ring=0 q=0 len=98 frags=0 free_now=991 sw_prod=34 hw_before(p=0 c=8) hw_after(p=1 c=16) first=0x06f78282 first_stat=0x00a26fc0 last=0x06f78282 last_stat=0x00a26fc0
[ 2578.335043] bcmgenet 12c00000.ethernet eth0: tc7200u tx submit ring=0 q=0 len=98 frags=0 free_now=990 sw_prod=35 hw_before(p=0 c=8) hw_after(p=1 c=32) first=0x06f79182 first_stat=0x00a26fc0 last=0x06f79182 last_stat=0x00a26fc0
[ 2579.528303] bcmgenet 12c00000.ethernet eth0: tc7200u tx submit ring=0 q=0 len=98 frags=0 free_now=989 sw_prod=36 hw_before(p=0 c=8) hw_after(p=1 c=48) first=0x06c04002 first_stat=0x00a26fc0 last=0x06c04002 last_stat=0x00a26fc0
[ 2580.741370] bcmgenet 12c00000.ethernet eth0: tc7200u tx submit ring=0 q=0 len=98 frags=0 free_now=988 sw_prod=37 hw_before(p=0 c=8) hw_after(p=1 c=64) first=0x06c04502 first_stat=0x00a26fc0 last=0x06c04502 last_stat=0x00a26fc0
[ 2581.968920] bcmgenet 12c00000.ethernet eth0: tc7200u tx submit ring=0 q=0 len=98 frags=0 free_now=987 sw_prod=38 hw_before(p=0 c=8) hw_after(p=1 c=80) first=0x06c05b82 first_stat=0x00a26fc0 last=0x06c05b82 last_stat=0x00a26fc0
[ 2583.177003] bcmgenet 12c00000.ethernet eth0: tc7200u tx submit ring=0 q=0 len=98 frags=0 free_now=986 sw_prod=39 hw_before(p=0 c=8) hw_after(p=1 c=96) first=0x06c04a02 first_stat=0x00a26fc0 last=0x06c04a02 last_stat=0x00a26fc0
[ 2584.380983] bcmgenet 12c00000.ethernet eth0: tc7200u tx submit ring=0 q=0 len=98 frags=0 free_now=985 sw_prod=40 hw_before(p=0 c=8) hw_after(p=1 c=112) first=0x06c04f02 first_stat=0x00a26fc0 last=0x06c04f02 last_stat=0x00a26fc0
[ 2585.599281] bcmgenet 12c00000.ethernet eth0: tc7200u tx submit ring=0 q=0 len=98 frags=0 free_now=984 sw_prod=41 hw_before(p=0 c=8) hw_after(p=1 c=128) first=0x06c04782 first_stat=0x00a26fc0 last=0x06c04782 last_stat=0x00a26fc0
[ 2586.809212] bcmgenet 12c00000.ethernet eth0: tc7200u tx submit ring=0 q=0 len=98 frags=0 free_now=983 sw_prod=42 hw_before(p=0 c=8) hw_after(p=1 c=144) first=0x06c04c82 first_stat=0x00a26fc0 last=0x06c04c82 last_stat=0x00a26fc0
[ 2588.867668] bcmgenet 12c00000.ethernet eth0: NETDEV WATCHDOG: CPU: 0: transmit queue 0 timed out 2030 ms
[ 2590.897135] bcmgenet 12c00000.ethernet eth0: NETDEV WATCHDOG: CPU: 0: transmit queue 0 timed out 2010 ms
[ 2590.932528] bcmgenet 12c00000.ethernet eth0: tc7200u tx submit ring=0 q=0 len=98 frags=0 free_now=985 sw_prod=43 hw_before(p=0 c=8) hw_after(p=1 c=160) first=0x06c04282 first_stat=0x00a26fc0 last=0x06c04282 last_stat=0x00a26fc0
[ 2590.970420] bcmgenet 12c00000.ethernet eth0: tc7200u tx submit ring=0 q=0 len=98 frags=0 free_now=984 sw_prod=44 hw_before(p=0 c=8) hw_after(p=1 c=176) first=0x06c05182 first_stat=0x00a26fc0 last=0x06c05182 last_stat=0x00a26fc0
[ 2591.008308] bcmgenet 12c00000.ethernet eth0: tc7200u tx submit ring=0 q=0 len=98 frags=0 free_now=983 sw_prod=45 hw_before(p=0 c=8) hw_after(p=1 c=192) first=0x06c05402 first_stat=0x00a26fc0 last=0x06c05402 last_stat=0x00a26fc0
[ 2593.047244] bcmgenet 12c00000.ethernet eth0: NETDEV WATCHDOG: CPU: 0: transmit queue 0 timed out 2010 ms
[ 2593.112615] bcmgenet 12c00000.ethernet eth0: tc7200u tx submit ring=0 q=0 len=98 frags=0 free_now=1235 sw_prod=46 hw_before(p=0 c=8) hw_after(p=1 c=208) first=0x06c05682 first_stat=0x00a26fc0 last=0x06c05682 last_stat=0x00a26fc0
[ 2593.150910] bcmgenet 12c00000.ethernet eth0: tc7200u tx submit ring=0 q=0 len=98 frags=0 free_now=1234 sw_prod=47 hw_before(p=0 c=8) hw_after(p=1 c=224) first=0x06c05902 first_stat=0x00a26fc0 last=0x06c05902 last_stat=0x00a26fc0
[ 2593.232138] bcmgenet 12c00000.ethernet eth0: tc7200u tx submit ring=0 q=0 len=98 frags=0 free_now=1233 sw_prod=48 hw_before(p=0 c=8) hw_after(p=1 c=240) first=0x06f3b682 first_stat=0x00a26fc0 last=0x06f3b682 last_stat=0x00a26fc0
[ 2594.339370] bcmgenet 12c00000.ethernet eth0: tc7200u tx submit ring=0 q=0 len=98 frags=0 free_now=1232 sw_prod=49 hw_before(p=0 c=8) hw_after(p=1 c=0) first=0x06f3b902 first_stat=0x00a26fc0 last=0x06f3b902 last_stat=0x00a26fc0
[ 2595.499840] bcmgenet 12c00000.ethernet eth0: tc7200u tx submit ring=0 q=0 len=98 frags=0 free_now=1231 sw_prod=50 hw_before(p=0 c=8) hw_after(p=1 c=16) first=0x06f3b402 first_stat=0x00a26fc0 last=0x06f3b402 last_stat=0x00a26fc0
[ 2596.716835] bcmgenet 12c00000.ethernet eth0: tc7200u tx submit ring=0 q=0 len=98 frags=0 free_now=1230 sw_prod=51 hw_before(p=0 c=8) hw_after(p=1 c=32) first=0x06f3a282 first_stat=0x00a26fc0 last=0x06f3a282 last_stat=0x00a26fc0
[ 2597.937977] bcmgenet 12c00000.ethernet eth0: tc7200u tx submit ring=0 q=0 len=98 frags=0 free_now=1229 sw_prod=52 hw_before(p=0 c=8) hw_after(p=1 c=48) first=0x06f3ac82 first_stat=0x00a26fc0 last=0x06f3ac82 last_stat=0x00a26fc0
[ 2599.138540] bcmgenet 12c00000.ethernet eth0: tc7200u tx submit ring=0 q=0 len=98 frags=0 free_now=1228 sw_prod=53 hw_before(p=0 c=8) hw_after(p=1 c=64) first=0x06f3b182 first_stat=0x00a26fc0 last=0x06f3b182 last_stat=0x00a26fc0
[ 2600.299167] bcmgenet 12c00000.ethernet eth0: tc7200u tx submit ring=0 q=0 len=98 frags=0 free_now=1227 sw_prod=54 hw_before(p=0 c=8) hw_after(p=1 c=80) first=0x06f3a782 first_stat=0x00a26fc0 last=0x06f3a782 last_stat=0x00a26fc0
[ 2601.467180] bcmgenet 12c00000.ethernet eth0: tc7200u tx submit ring=0 q=0 len=98 frags=0 free_now=1226 sw_prod=55 hw_before(p=0 c=8) hw_after(p=1 c=96) first=0x06f3af02 first_stat=0x00a26fc0 last=0x06f3af02 last_stat=0x00a26fc0
[ 2602.678577] bcmgenet 12c00000.ethernet eth0: tc7200u tx submit ring=0 q=0 len=98 frags=0 free_now=1225 sw_prod=56 hw_before(p=0 c=8) hw_after(p=1 c=112) first=0x06f3aa02 first_stat=0x00a26fc0 last=0x06f3aa02 last_stat=0x00a26fc0
[ 2603.890524] bcmgenet 12c00000.ethernet eth0: tc7200u tx submit ring=0 q=0 len=98 frags=0 free_now=1224 sw_prod=57 hw_before(p=0 c=8) hw_after(p=1 c=128) first=0x06f3a502 first_stat=0x00a26fc0 last=0x06f3a502 last_stat=0x00a26fc0
[ 2605.110768] bcmgenet 12c00000.ethernet eth0: tc7200u tx submit ring=0 q=0 len=98 frags=0 free_now=1223 sw_prod=58 hw_before(p=0 c=8) hw_after(p=1 c=144) first=0x06f3bb82 first_stat=0x00a26fc0 last=0x06f3bb82 last_stat=0x00a26fc0
[ 2606.327585] bcmgenet 12c00000.ethernet eth0: tc7200u tx submit ring=0 q=0 len=98 frags=0 free_now=1222 sw_prod=59 hw_before(p=0 c=8) hw_after(p=1 c=160) first=0x06f3a002 first_stat=0x00a26fc0 last=0x06f3a002 last_stat=0x00a26fc0
[ 2607.528741] bcmgenet 12c00000.ethernet eth0: tc7200u tx submit ring=0 q=0 len=98 frags=0 free_now=1221 sw_prod=60 hw_before(p=0 c=8) hw_after(p=1 c=176) first=0x068cf402 first_stat=0x00a26fc0 last=0x068cf402 last_stat=0x00a26fc0
[ 2608.737015] bcmgenet 12c00000.ethernet eth0: tc7200u tx submit ring=0 q=0 len=98 frags=0 free_now=1220 sw_prod=61 hw_before(p=0 c=8) hw_after(p=1 c=192) firsfirst_stat=0x00a26fc0 last=0x068cf902 last_stat=0x00a26fc0
[ 2609.959531] bcmgenet 12c00000.ethernet eth0: tc7200u tx submit ring=0 q=0 len=98 frags=0 free_now=1219 sw_prod=62 hw_before(p=0 c=8) hw_after(p=1 c=208) first=0x068cf182 first_stat=0x00a26fc0 last=0x068cf182 last_stat=0x00a26fc0
[ 2611.172264] bcmgenet 12c00000.ethernet eth0: tc7200u tx submit ring=0 q=0 len=98 frags=0 free_now=1218 sw_prod=63 hw_before(p=0 c=8) hw_after(p=1 c=224) first=0x068ce282 first_stat=0x00a26fc0 last=0x068ce282 last_stat=0x00a26fc0
[ 2612.398575] bcmgenet 12c00000.ethernet eth0: tc7200u tx submit ring=0 q=0 len=98 frags=0 free_now=1217 sw_prod=64 hw_before(p=0 c=8) hw_after(p=1 c=240) first=0x068ce782 first_stat=0x00a26fc0 last=0x068ce782 last_stat=0x00a26fc0
[ 2613.609057] bcmgenet 12c00000.ethernet eth0: tc7200u tx submit ring=0 q=0 len=98 frags=0 free_now=1216 sw_prod=65 hw_before(p=0 c=8) hw_after(p=1 c=0) first=0x068cec82 first_stat=0x00a26fc0 last=0x068cec82 last_stat=0x00a26fc0
[ 2614.819792] bcmgenet 12c00000.ethernet eth0: tc7200u tx submit ring=0 q=0 len=98 frags=0 free_now=1215 sw_prod=66 hw_before(p=0 c=8) hw_after(p=1 c=16) first=0x068cfb82 first_stat=0x00a26fc0 last=0x068cfb82 last_stat=0x00a26fc0
[ 2616.035093] bcmgenet 12c00000.ethernet eth0: tc7200u tx submit ring=0 q=0 len=98 frags=0 free_now=1214 sw_prod=67 hw_before(p=0 c=8) hw_after(p=1 c=32) first=0x068cef02 first_stat=0x00a26fc0 last=0x068cef02 last_stat=0x00a26fc0
[ 2617.239973] bcmgenet 12c00000.ethernet eth0: tc7200u tx submit ring=0 q=0 len=98 frags=0 free_now=1213 sw_prod=68 hw_before(p=0 c=8) hw_after(p=1 c=48) first=0x068cf682 first_stat=0x00a26fc0 last=0x068cf682 last_stat=0x00a26fc0
[ 2618.460167] bcmgenet 12c00000.ethernet eth0: tc7200u tx submit ring=0 q=0 len=98 frags=0 free_now=1212 sw_prod=69 hw_before(p=0 c=8) hw_after(p=1 c=64) first=0x068ce502 first_stat=0x00a26fc0 last=0x068ce502 last_stat=0x00a26fc0
[ 2619.676885] bcmgenet 12c00000.ethernet eth0: tc7200u tx submit ring=0 q=0 len=98 frags=0 free_now=1211 sw_prod=70 hw_before(p=0 c=8) hw_after(p=1 c=80) first=0x068cea02 first_stat=0x00a26fc0 last=0x068cea02 last_stat=0x00a26fc0
[ 2620.917829] bcmgenet 12c00000.ethernet eth0: tc7200u tx submit ring=0 q=0 len=98 frags=0 free_now=1210 sw_prod=71 hw_before(p=0 c=8) hw_after(p=1 c=96) first=0x068ce002 first_stat=0x00a26fc0 last=0x068ce002 last_stat=0x00a26fc0
[ 2622.132740] bcmgenet 12c00000.ethernet eth0: tc7200u tx submit ring=0 q=0 len=98 frags=0 free_now=1209 sw_prod=72 hw_before(p=0 c=8) hw_after(p=1 c=112) first=0x06f7af02 first_stat=0x00a26fc0 last=0x06f7af02 last_stat=0x00a26fc0
[ 2623.356863] bcmgenet 12c00000.ethernet eth0: tc7200u tx submit ring=0 q=0 len=98 frags=0 free_now=1208 sw_prod=73 hw_before(p=0 c=8) hw_after(p=1 c=128) first=0x06f7ac82 first_stat=0x00a26fc0 last=0x06f7ac82 last_stat=0x00a26fc0
[ 2624.569011] bcmgenet 12c00000.ethernet eth0: tc7200u tx submit ring=0 q=0 len=98 frags=0 free_now=1207 sw_prod=74 hw_before(p=0 c=8) hw_after(p=1 c=144) first=0x06f7a782 first_stat=0x00a26fc0 last=0x06f7a782 last_stat=0x00a26fc0
[ 2625.787080] bcmgenet 12c00000.ethernet eth0: tc7200u tx submit ring=0 q=0 len=98 frags=0 free_now=1206 sw_prod=75 hw_before(p=0 c=8) hw_after(p=1 c=160) first=0x06f7a282 first_stat=0x00a26fc0 last=0x06f7a282 last_stat=0x00a26fc0
[ 2626.997837] bcmgenet 12c00000.ethernet eth0: tc7200u tx submit ring=0 q=0 len=98 frags=0 free_now=1205 sw_prod=76 hw_before(p=0 c=8) hw_after(p=1 c=176) first=0x06f7b402 first_stat=0x00a26fc0 last=0x06f7b402 last_stat=0x00a26fc0
[ 2628.200037] bcmgenet 12c00000.ethernet eth0: tc7200u tx submit ring=0 q=0 len=98 frags=0 free_now=1204 sw_prod=77 hw_before(p=0 c=8) hw_after(p=1 c=192) first=0x06f7b182 first_stat=0x00a26fc0 last=0x06f7b182 last_stat=0x00a26fc0
[ 2629.420670] bcmgenet 12c00000.ethernet eth0: tc7200u tx submit ring=0 q=0 len=98 frags=0 free_now=1203 sw_prod=78 hw_before(p=0 c=8) hw_after(p=1 c=208) first=0x06f7b902 first_stat=0x00a26fc0 last=0x06f7b902 last_stat=0x00a26fc0
[ 2630.617943] bcmgenet 12c00000.ethernet eth0: tc7200u tx submit ring=0 q=0 len=98 frags=0 free_now=1202 sw_prod=79 hw_before(p=0 c=8) hw_after(p=1 c=224) first=0x06f7b682 first_stat=0x00a26fc0 last=0x06f7b682 last_stat=0x00a26fc0
[ 2631.770323] bcmgenet 12c00000.ethernet eth0: tc7200u tx submit ring=0 q=0 len=98 frags=0 free_now=1201 sw_prod=80 hw_before(p=0 c=8) hw_after(p=1 c=240) first=0x06f7a502 first_stat=0x00a26fc0 last=0x06f7a502 last_stat=0x00a26fc0
[ 2632.998459] bcmgenet 12c00000.ethernet eth0: tc7200u tx submit ring=0 q=0 len=98 frags=0 free_now=1200 sw_prod=81 hw_before(p=0 c=8) hw_after(p=1 c=0) first=0x06f7a002 first_stat=0x00a26fc0 last=0x06f7a002 last_stat=0x00a26fc0
[ 2634.218715] bcmgenet 12c00000.ethernet eth0: tc7200u tx submit ring=0 q=0 len=98 frags=0 free_now=1199 sw_prod=82 hw_before(p=0 c=8) hw_after(p=1 c=16) first=0x06f7bb82 first_stat=0x00a26fc0 last=0x06f7bb82 last_stat=0x00a26fc0
[ 2635.433131] bcmgenet 12c00000.ethernet eth0: tc7200u tx submit ring=0 q=0 len=98 frags=0 free_now=1198 sw_prod=83 hw_before(p=0 c=8) hw_after(p=1 c=32) first=0x06f7d682 first_stat=0x00a26fc0 last=0x06f7d682 last_stat=0x00a26fc0
[ 2636.638810] bcmgenet 12c00000.ethernet eth0: tc7200u tx submit ring=0 q=0 len=98 frags=0 free_now=1197 sw_prod=84 hw_before(p=0 c=8) hw_after(p=1 c=48) first=0x06f7c002 first_stat=0x00a26fc0 last=0x06f7c002 last_stat=0x00a26fc0
[ 2637.798928] bcmgenet 12c00000.ethernet eth0: tc7200u tx submit ring=0 q=0 len=98 frags=0 free_now=1196 sw_prod=85 hw_before(p=0 c=8) hw_after(p=1 c=64) first=0x06f7c502 first_stat=0x00a26fc0 last=0x06f7c502 last_stat=0x00a26fc0
[ 2638.968550] bcmgenet 12c00000.ethernet eth0: tc7200u tx submit ring=0 q=0 len=98 frags=0 free_now=1195 sw_prod=86 hw_before(p=0 c=8) hw_after(p=1 c=80) first=0x06f7db82 first_stat=0x00a26fc0 last=0x06f7db82 last_stat=0x00a26fc0
[ 2640.170660] bcmgenet 12c00000.ethernet eth0: tc7200u tx submit ring=0 q=0 len=98 frags=0 free_now=1194 sw_prod=87 hw_before(p=0 c=8) hw_after(p=1 c=96) first=0x06f7ca02 first_stat=0x00a26fc0 last=0x06f7ca02 last_stat=0x00a26fc0
[ 2641.389643] bcmgenet 12c00000.ethernet eth0: tc7200u tx submit ring=0 q=0 len=98 frags=0 free_now=1193 sw_prod=88 hw_before(p=0 c=8) hw_after(p=1 c=112) first=0x06f7c782 first_stat=0x00a26fc0 last=0x06f7c782 last_stat=0x00a26fc0
[ 2642.608785] bcmgenet 12c00000.ethernet eth0: tc7200u tx submit ring=0 q=0 len=98 frags=0 free_now=1192 sw_prod=89 hw_before(p=0 c=8) hw_after(p=1 c=128) first=0x06f7cf02 first_stat=0x00a26fc0 last=0x06f7cf02 last_stat=0x00a26fc0
[ 2643.815375] bcmgenet 12c00000.ethernet eth0: tc7200u tx submit ring=0 q=0 len=98 frags=0 free_now=1191 sw_prod=90 hw_before(p=0 c=8) hw_after(p=1 c=144) first=0x06f7d182 first_stat=0x00a26fc0 last=0x06f7d182 last_stat=0x00a26fc0
[ 2645.015043] bcmgenet 12c00000.ethernet eth0: tc7200u tx submit ring=0 q=0 len=98 frags=0 free_now=1190 sw_prod=91 hw_before(p=0 c=8) hw_after(p=1 c=160) first=0x06f7cc82 first_stat=0x00a26fc0 last=0x06f7cc82 last_stat=0x00a26fc0
[ 2646.227852] bcmgenet 12c00000.ethernet eth0: tc7200u tx submit ring=0 q=0 len=98 frags=0 free_now=1189 sw_prod=92 hw_before(p=0 c=8) hw_after(p=1 c=176) first=0x06f7d402 first_stat=0x00a26fc0 last=0x06f7d402 last_stat=0x00a26fc0
[ 2647.439444] bcmgenet 12c00000.ethernet eth0: tc7200u tx submit ring=0 q=0 len=98 frags=0 free_now=1188 sw_prod=93 hw_before(p=0 c=8) hw_after(p=1 c=192) first=0x06f7c282 first_stat=0x00a26fc0 last=0x06f7c282 last_stat=0x00a26fc0
[ 2648.666880] bcmgenet 12c00000.ethernet eth0: tc7200u tx submit ring=0 q=0 len=98 frags=0 free_now=1187 sw_prod=94 hw_before(p=0 c=8) hw_after(p=1 c=208) first=0x06f7d902 first_stat=0x00a26fc0 last=0x06f7d902 last_stat=0x00a26fc0
[ 2649.878399] bcmgenet 12c00000.ethernet eth0: tc7200u tx submit ring=0 q=0 len=98 frags=0 free_now=1186 sw_prod=95 hw_before(p=0 c=8) hw_after(p=1 c=224) first=0x06f7aa02 first_stat=0x00a26fc0 last=0x06f7aa02 last_stat=0x00a26fc0
[ 2651.085053] bcmgenet 12c00000.ethernet eth0: tc7200u tx submit ring=0 q=0 len=98 frags=0 free_now=1185 sw_prod=96 hw_before(p=0 c=8) hw_after(p=1 c=240) first=0x06c05402 first_stat=0x00a26fc0 last=0x06c05402 last_stat=0x00a26fc0
[ 2652.285303] bcmgenet 12c00000.ethernet eth0: tc7200u tx submit ring=0 q=0 len=98 frags=0 free_now=1184 sw_prod=97 hw_before(p=0 c=8) hw_after(p=1 c=0) first=0x06c05182 first_stat=0x00a26fc0 last=0x06c05182 last_stat=0x00a26fc0
[ 2653.505250] bcmgenet 12c00000.ethernet eth0: tc7200u tx submit ring=0 q=0 len=98 frags=0 free_now=1183 sw_prod=98 hw_before(p=0 c=8) hw_after(p=1 c=16) first=0x06c04282 first_stat=0x00a26fc0 last=0x06c04282 last_stat=0x00a26fc0
[ 2654.710396] bcmgenet 12c00000.ethernet eth0: tc7200u tx submit ring=0 q=0 len=98 frags=0 free_now=1182 sw_prod=99 hw_before(p=0 c=8) hw_after(p=1 c=32) first=0x06c04c82 first_stat=0x00a26fc0 last=0x06c04c82 last_stat=0x00a26fc0
[ 2655.939965] bcmgenet 12c00000.ethernet eth0: tc7200u tx submit ring=0 q=0 len=98 frags=0 free_now=1181 sw_prod=100 hw_before(p=0 c=8) hw_after(p=1 c=48) first=0x06c04782 first_stat=0x00a26fc0 last=0x06c04782 last_stat=0x00a26fc0
[ 2657.155045] bcmgenet 12c00000.ethernet eth0: tc7200u tx submit ring=0 q=0 len=98 frags=0 free_now=1180 sw_prod=101 hw_before(p=0 c=8) hw_after(p=1 c=64) first=0x06c04f02 first_stat=0x00a26fc0 last=0x06c04f02 last_stat=0x00a26fc0
[ 2658.367005] bcmgenet 12c00000.ethernet eth0: tc7200u tx submit ring=0 q=0 len=98 frags=0 free_now=1179 sw_prod=102 hw_before(p=0 c=8) hw_after(p=1 c=80) first=0x06c04a02 first_stat=0x00a26fc0 last=0x06c04a02 last_stat=0x00a26fc0
[ 2659.569934] bcmgenet 12c00000.ethernet eth0: tc7200u tx submit ring=0 q=0 len=98 frags=0 free_now=1178 sw_prod=103 hw_before(p=0 c=8) hw_after(p=1 c=96) first=0x06c05b82 first_stat=0x00a26fc0 last=0x06c05b82 last_stat=0x00a26fc0
[ 2660.797088] bcmgenet 12c00000.ethernet eth0: tc7200u tx submit ring=0 q=0 len=98 frags=0 free_now=1177 sw_prod=104 hw_before(p=0 c=8) hw_after(p=1 c=112) first=0x06c04502 first_stat=0x00a26fc0 last=0x06c04502 last_stat=0x00a26fc0
[ 2662.019797] bcmgenet 12c00000.ethernet eth0: tc7200u tx submit ring=0 q=0 len=98 frags=0 free_now=1176 sw_prod=105 hw_before(p=0 c=8) hw_after(p=1 c=128) first=0x06c04002 first_stat=0x00a26fc0 last=0x06c04002 last_stat=0x00a26fc0
phase1 round 3/8
[ 2670.023688] bcmgenet 12c00000.ethernet eth0: tc7200u tx submit ring=0 q=0 len=98 frags=0 free_now=1175 sw_prod=106 hw_before(p=0 c=8) hw_after(p=1 c=144) first=0x06f7f682 first_stat=0x00a26fc0 last=0x06f7f682 last_stat=0x00a26fc0
[ 2671.276930] bcmgenet 12c00000.ethernet eth0: tc7200u tx submit ring=0 q=0 len=98 frags=0 free_now=1174 sw_prod=107 hw_before(p=0 c=8) hw_after(p=1 c=160) first=0x06f7e502 first_stat=0x00a26fc0 last=0x06f7e502 last_stat=0x00a26fc0
[ 2672.478447] bcmgenet 12c00000.ethernet eth0: tc7200u tx submit ring=0 q=0 len=98 frags=0 free_now=1173 sw_prod=108 hw_before(p=0 c=8) hw_after(p=1 c=176) first=0x06f7f902 first_stat=0x00a26fc0 last=0x06f7f902 last_stat=0x00a26fc0
[ 2673.680499] bcmgenet 12c00000.ethernet eth0: tc7200u tx submit ring=0 q=0 len=98 frags=0 free_now=1172 sw_prod=109 hw_before(p=0 c=8) hw_after(p=1 c=192) first=0x06f7fb82 first_stat=0x00a26fc0 last=0x06f7fb82 last_stat=0x00a26fc0
[ 2674.888333] bcmgenet 12c00000.ethernet eth0: tc7200u tx submit ring=0 q=0 len=98 frags=0 free_now=1171 sw_prod=110 hw_before(p=0 c=8) hw_after(p=1 c=208) first=0x06f7e002 first_stat=0x00a26fc0 last=0x06f7e002 last_stat=0x00a26fc0
[ 2676.039785] bcmgenet 12c00000.ethernet eth0: tc7200u tx submit ring=0 q=0 len=98 frags=0 free_now=1170 sw_prod=111 hw_before(p=0 c=8) hw_after(p=1 c=224) first=0x06f7ea02 first_stat=0x00a26fc0 last=0x06f7ea02 last_stat=0x00a26fc0
[ 2677.208828] bcmgenet 12c00000.ethernet eth0: tc7200u tx submit ring=0 q=0 len=98 frags=0 free_now=1169 sw_prod=112 hw_before(p=0 c=8) hw_after(p=1 c=240) first=0x06f7ef02 first_stat=0x00a26fc0 last=0x06f7ef02 last_stat=0x00a26fc0
[ 2678.441349] bcmgenet 12c00000.ethernet eth0: tc7200u tx submit ring=0 q=0 len=98 frags=0 free_now=1168 sw_prod=113 hw_before(p=0 c=8) hw_after(p=1 c=0) first=0x06f7ec82 first_stat=0x00a26fc0 last=0x06f7ec82 last_stat=0x00a26fc0
[ 2679.648966] bcmgenet 12c00000.ethernet eth0: tc7200u tx submit ring=0 q=0 len=98 frags=0 free_now=1167 sw_prod=114 hw_before(p=0 c=8) hw_after(p=1 c=16) first=0x06f7e782 first_stat=0x00a26fc0 last=0x06f7e782 last_stat=0x00a26fc0
[ 2680.868148] bcmgenet 12c00000.ethernet eth0: tc7200u tx submit ring=0 q=0 len=98 frags=0 free_now=1166 sw_prod=115 hw_before(p=0 c=8) hw_after(p=1 c=32) first=0x06f7e282 first_stat=0x00a26fc0 last=0x06f7e282 last_stat=0x00a26fc0
[ 2682.088104] bcmgenet 12c00000.ethernet eth0: tc7200u tx submit ring=0 q=0 len=98 frags=0 free_now=1165 sw_prod=116 hw_before(p=0 c=8) hw_after(p=1 c=48) first=0x06f7f182 first_stat=0x00a26fc0 last=0x06f7f182 last_stat=0x00a26fc0
[ 2683.291715] bcmgenet 12c00000.ethernet eth0: tc7200u tx submit ring=0 q=0 len=98 frags=0 free_now=1164 sw_prod=117 hw_before(p=0 c=8) hw_after(p=1 c=64) first=0x06f7f402 first_stat=0x00a26fc0 last=0x06f7f402 last_stat=0x00a26fc0
[ 2684.518744] bcmgenet 12c00000.ethernet eth0: tc7200u tx submit ring=0 q=0 len=98 frags=0 free_now=1163 sw_prod=118 hw_before(p=0 c=8) hw_after(p=1 c=80) first=0x06f88782 first_stat=0x00a26fc0 last=0x06f88782 last_stat=0x00a26fc0
[ 2685.738163] bcmgenet 12c00000.ethernet eth0: tc7200u tx submit ring=0 q=0 len=98 frags=0 free_now=1162 sw_prod=119 hw_before(p=0 c=8) hw_after(p=1 c=96) first=0x06f88f02 first_stat=0x00a26fc0 last=0x06f88f02 last_stat=0x00a26fc0
[ 2686.947594] bcmgenet 12c00000.ethernet eth0: tc7200u tx submit ring=0 q=0 len=98 frags=0 free_now=1161 sw_prod=120 hw_before(p=0 c=8) hw_after(p=1 c=112) first=0x06f88c82 first_stat=0x00a26fc0 last=0x06f88c82 last_stat=0x00a26fc0
[ 2688.148643] bcmgenet 12c00000.ethernet eth0: tc7200u tx submit ring=0 q=0 len=98 frags=0 free_now=1160 sw_prod=121 hw_before(p=0 c=8) hw_after(p=1 c=128) first=0x06f88282 first_stat=0x00a26fc0 last=0x06f88282 last_stat=0x00a26fc0
[ 2689.358681] bcmgenet 12c00000.ethernet eth0: tc7200u tx submit ring=0 q=0 len=98 frags=0 free_now=1159 sw_prod=122 hw_before(p=0 c=8) hw_after(p=1 c=144) first=0x06f89182 first_stat=0x00a26fc0 last=0x06f89182 last_stat=0x00a26fc0
[ 2690.589969] bcmgenet 12c00000.ethernet eth0: tc7200u tx submit ring=0 q=0 len=98 frags=0 free_now=1158 sw_prod=123 hw_before(p=0 c=8) hw_after(p=1 c=160) first=0x06f89902 first_stat=0x00a26fc0 last=0x06f89902 last_stat=0x00a26fc0
[ 2691.817084] bcmgenet 12c00000.ethernet eth0: tc7200u tx submit ring=0 q=0 len=98 frags=0 free_now=1157 sw_prod=124 hw_before(p=0 c=8) hw_after(p=1 c=176) first=0x06f89402 first_stat=0x00a26fc0 last=0x06f89402 last_stat=0x00a26fc0
[ 2693.028643] bcmgenet 12c00000.ethernet eth0: tc7200u tx submit ring=0 q=0 len=98 frags=0 free_now=1156 sw_prod=125 hw_before(p=0 c=8) hw_after(p=1 c=192) first=0x06f89682 first_stat=0x00a26fc0 last=0x06f89682 last_stat=0x00a26fc0
[ 2694.248435] bcmgenet 12c00000.ethernet eth0: tc7200u tx submit ring=0 q=0 len=98 frags=0 free_now=1155 sw_prod=126 hw_before(p=0 c=8) hw_after(p=1 c=208) first=0x06f88002 first_stat=0x00a26fc0 last=0x06f88002 last_stat=0x00a26fc0
[ 2695.459348] bcmgenet 12c00000.ethernet eth0: tc7200u tx submit ring=0 q=0 len=98 frags=0 free_now=1154 sw_prod=127 hw_before(p=0 c=8) hw_after(p=1 c=224) first=0x06f89b82 first_stat=0x00a26fc0 last=0x06f89b82 last_stat=0x00a26fc0
[ 2696.669910] bcmgenet 12c00000.ethernet eth0: tc7200u tx submit ring=0 q=0 len=98 frags=0 free_now=1153 sw_prod=128 hw_before(p=0 c=8) hw_after(p=1 c=240) first=0x06f88502 first_stat=0x00a26fc0 last=0x06f88502 last_stat=0x00a26fc0
[ 2697.889792] bcmgenet 12c00000.ethernet eth0: tc7200u tx submit ring=0 q=0 len=98 frags=0 free_now=1152 sw_prod=129 hw_before(p=0 c=8) hw_after(p=1 c=0) first=0x06f88a02 first_stat=0x00a26fc0 last=0x06f88a02 last_stat=0x00a26fc0
[ 2699.105418] bcmgenet 12c00000.ethernet eth0: tc7200u tx submit ring=0 q=0 len=98 frags=0 free_now=1151 sw_prod=130 hw_before(p=0 c=8) hw_after(p=1 c=16) first=0x068f9902 first_stat=0x00a26fc0 last=0x068f9902 last_stat=0x00a26fc0
[ 2700.309598] bcmgenet 12c00000.ethernet eth0: tc7200u tx submit ring=0 q=0 len=98 frags=0 free_now=1150 sw_prod=131 hw_before(p=0 c=8) hw_after(p=1 c=32) first=0x068f8282 first_stat=0x00a26fc0 last=0x068f8282 last_stat=0x00a26fc0
[ 2701.529566] bcmgenet 12c00000.ethernet eth0: tc7200u tx submit ring=0 q=0 len=98 frags=0 free_now=1149 sw_prod=132 hw_before(p=0 c=8) hw_after(p=1 c=48) first=0x068f8002 first_stat=0x00a26fc0 last=0x068f8002 last_stat=0x00a26fc0
[ 2702.739182] bcmgenet 12c00000.ethernet eth0: tc7200u tx submit ring=0 q=0 len=98 frags=0 free_now=1148 sw_prod=133 hw_before(p=0 c=8) hw_after(p=1 c=64) first=0x068f8782 first_stat=0x00a26fc0 last=0x068f8782 last_stat=0x00a26fc0
[ 2703.959115] bcmgenet 12c00000.ethernet eth0: tc7200u tx submit ring=0 q=0 len=98 frags=0 free_now=1147 sw_prod=134 hw_before(p=0 c=8) hw_after(p=1 c=80) first=0x068f9682 first_stat=0x00a26fc0 last=0x068f9682 last_stat=0x00a26fc0
[ 2705.158311] bcmgenet 12c00000.ethernet eth0: tc7200u tx submit ring=0 q=0 len=98 frags=0 free_now=1146 sw_prod=135 hw_before(p=0 c=8) hw_after(p=1 c=96) first=0x068f9402 first_stat=0x00a26fc0 last=0x068f9402 last_stat=0x00a26fc0
[ 2706.310063] bcmgenet 12c00000.ethernet eth0: tc7200u tx submit ring=0 q=0 len=98 frags=0 free_now=1145 sw_prod=136 hw_before(p=0 c=8) hw_after(p=1 c=112) first=0x068f8c82 first_stat=0x00a26fc0 last=0x068f8c82 last_stat=0x00a26fc0
[ 2707.535185] bcmgenet 12c00000.ethernet eth0: tc7200u tx submit ring=0 q=0 len=98 frags=0 free_now=1144 sw_prod=137 hw_before(p=0 c=8) hw_after(p=1 c=128) first=0x068f8502 first_stat=0x00a26fc0 last=0x068f8502 last_stat=0x00a26fc0
[ 2708.740370] bcmgenet 12c00000.ethernet eth0: tc7200u tx submit ring=0 q=0 len=98 frags=0 free_now=1143 sw_prod=138 hw_before(p=0 c=8) hw_after(p=1 c=144) first=0x068f9182 first_stat=0x00a26fc0 last=0x068f9182 last_stat=0x00a26fc0
[ 2709.949060] bcmgenet 12c00000.ethernet eth0: tc7200u tx submit ring=0 q=0 len=98 frags=0 free_now=1142 sw_prod=139 hw_before(p=0 c=8) hw_after(p=1 c=160) first=0x068f8a02 first_stat=0x00a26fc0 last=0x068f8a02 last_stat=0x00a26fc0
[ 2711.169795] bcmgenet 12c00000.ethernet eth0: tc7200u tx submit ring=0 q=0 len=98 frags=0 free_now=1141 sw_prod=140 hw_before(p=0 c=8) hw_after(p=1 c=176) first=0x068f9b82 first_stat=0x00a26fc0 last=0x068f9b82 last_stat=0x00a26fc0
[ 2712.348472] bcmgenet 12c00000.ethernet eth0: tc7200u tx submit ring=0 q=0 len=98 frags=0 free_now=1140 sw_prod=141 hw_before(p=0 c=8) hw_after(p=1 c=192) first=0x068f8f02 first_stat=0x00a26fc0 last=0x068f8f02 last_stat=0x00a26fc0
[ 2713.519889] bcmgenet 12c00000.ethernet eth0: tc7200u tx submit ring=0 q=0 len=98 frags=0 free_now=1139 sw_prod=142 hw_before(p=0 c=8) hw_after(p=1 c=208) first=0x06f82502 first_stat=0x00a26fc0 last=0x06f82502 last_stat=0x00a26fc0
[ 2714.728457] bcmgenet 12c00000.ethernet eth0: tc7200u tx submit ring=0 q=0 len=98 frags=0 free_now=1138 sw_prod=143 hw_before(p=0 c=8) hw_after(p=1 c=224) first=0x06f82002 first_stat=0x00a26fc0 last=0x06f82002 last_stat=0x00a26fc0
[ 2715.928044] bcmgenet 12c00000.ethernet eth0: tc7200u tx submit ring=0 q=0 len=98 frags=0 free_now=1137 sw_prod=144 hw_before(p=0 c=8) hw_after(p=1 c=240) first=0x06f83682 first_stat=0x00a26fc0 last=0x06f83682 last_stat=0x00a26fc0
[ 2717.130099] bcmgenet 12c00000.ethernet eth0: tc7200u tx submit ring=0 q=0 len=98 frags=0 free_now=1136 sw_prod=145 hw_before(p=0 c=8) hw_after(p=1 c=0) first=0x06f83902 first_stat=0x00a26fc0 last=0x06f83902 last_stat=0x00a26fc0
[ 2718.360053] bcmgenet 12c00000.ethernet eth0: tc7200u tx submit ring=0 q=0 len=98 frags=0 free_now=1135 sw_prod=146 hw_before(p=0 c=8) hw_after(p=1 c=16) first=0x06f83402 first_stat=0x00a26fc0 last=0x06f83402 last_stat=0x00a26fc0
[ 2719.578464] bcmgenet 12c00000.ethernet eth0: tc7200u tx submit ring=0 q=0 len=98 frags=0 free_now=1134 sw_prod=147 hw_before(p=0 c=8) hw_after(p=1 c=32) first=0x06f83182 first_stat=0x00a26fc0 last=0x06f83182 last_stat=0x00a26fc0
[ 2720.788484] bcmgenet 12c00000.ethernet eth0: tc7200u tx submit ring=0 q=0 len=98 frags=0 free_now=1133 sw_prod=148 hw_before(p=0 c=8) hw_after(p=1 c=48) first=0x06f82282 first_stat=0x00a26fc0 last=0x06f82282 last_stat=0x00a26fc0
[ 2721.989857] bcmgenet 12c00000.ethernet eth0: tc7200u tx submit ring=0 q=0 len=98 frags=0 free_now=1132 sw_prod=149 hw_before(p=0 c=8) hw_after(p=1 c=64) first=0x06f82c82 first_stat=0x00a26fc0 last=0x06f82c82 last_stat=0x00a26fc0
[ 2723.200139] bcmgenet 12c00000.ethernet eth0: tc7200u tx submit ring=0 q=0 len=98 frags=0 free_now=1131 sw_prod=150 hw_before(p=0 c=8) hw_after(p=1 c=80) first=0x06f82f02 first_stat=0x00a26fc0 last=0x06f82f02 last_stat=0x00a26fc0
[ 2724.439384] bcmgenet 12c00000.ethernet eth0: tc7200u tx submit ring=0 q=0 len=98 frags=0 free_now=1130 sw_prod=151 hw_before(p=0 c=8) hw_after(p=1 c=96) first=0x06f82782 first_stat=0x00a26fc0 last=0x06f82782 last_stat=0x00a26fc0
[ 2725.657740] bcmgenet 12c00000.ethernet eth0: tc7200u tx submit ring=0 q=0 len=98 frags=0 free_now=1129 sw_prod=152 hw_before(p=0 c=8) hw_after(p=1 c=112) first=0x06f82a02 first_stat=0x00a26fc0 last=0x06f82a02 last_stat=0x00a26fc0
[ 2726.859159] bcmgenet 12c00000.ethernet eth0: tc7200u tx submit ring=0 q=0 len=98 frags=0 free_now=1128 sw_prod=153 hw_before(p=0 c=8) hw_after(p=1 c=128) first=0x06f83b82 first_stat=0x00a26fc0 last=0x06f83b82 last_stat=0x00a26fc0
[ 2728.079015] bcmgenet 12c00000.ethernet eth0: tc7200u tx submit ring=0 q=0 len=98 frags=0 free_now=1127 sw_prod=154 hw_before(p=0 c=8) hw_after(p=1 c=144) first=0x06f8ea02 first_stat=0x00a26fc0 last=0x06f8ea02 last_stat=0x00a26fc0
[ 2729.281182] bcmgenet 12c00000.ethernet eth0: tc7200u tx submit ring=0 q=0 len=98 frags=0 free_now=1126 sw_prod=155 hw_before(p=0 c=8) hw_after(p=1 c=160) first=0x06f8ef02 first_stat=0x00a26fc0 last=0x06f8ef02 last_stat=0x00a26fc0
[ 2730.500216] bcmgenet 12c00000.ethernet eth0: tc7200u tx submit ring=0 q=0 len=98 frags=0 free_now=1125 sw_prod=156 hw_before(p=0 c=8) hw_after(p=1 c=176) first=0x06f8e782 first_stat=0x00a26fc0 last=0x06f8e782 last_stat=0x00a26fc0
[ 2731.719359] bcmgenet 12c00000.ethernet eth0: tc7200u tx submit ring=0 q=0 len=98 frags=0 free_now=1124 sw_prod=157 hw_before(p=0 c=8) hw_after(p=1 c=192) first=0x06f8ec82 first_stat=0x00a26fc0 last=0x06f8ec82 last_stat=0x00a26fc0
[ 2732.940784] bcmgenet 12c00000.ethernet eth0: tc7200u tx submit ring=0 q=0 len=98 frags=0 free_now=1123 sw_prod=158 hw_before(p=0 c=8) hw_after(p=1 c=208) first=0x06f8e282 first_stat=0x00a26fc0 last=0x06f8e282 last_stat=0x00a26fc0
[ 2734.150087] bcmgenet 12c00000.ethernet eth0: tc7200u tx submit ring=0 q=0 len=98 frags=0 free_now=1122 sw_prod=159 hw_before(p=0 c=8) hw_after(p=1 c=224) first=0x06f8f182 first_stat=0x00a26fc0 last=0x06f8f182 last_stat=0x00a26fc0
[ 2735.366941] bcmgenet 12c00000.ethernet eth0: tc7200u tx submit ring=0 q=0 len=98 frags=0 free_now=1121 sw_prod=160 hw_before(p=0 c=8) hw_after(p=1 c=240) first=0x06f8f402 first_stat=0x00a26fc0 last=0x06f8f402 last_stat=0x00a26fc0
[ 2736.578738] bcmgenet 12c00000.ethernet eth0: tc7200u tx submit ring=0 q=0 len=98 frags=0 free_now=1120 sw_prod=161 hw_before(p=0 c=8) hw_after(p=1 c=0) first=0x06f8f902 first_stat=0x00a26fc0 last=0x06f8f902 last_stat=0x00a26fc0
[ 2737.799510] bcmgenet 12c00000.ethernet eth0: tc7200u tx submit ring=0 q=0 len=98 frags=0 free_now=1119 sw_prod=162 hw_before(p=0 c=8) hw_after(p=1 c=16) first=0x06f8f682 first_stat=0x00a26fc0 last=0x06f8f682 last_stat=0x00a26fc0
[ 2739.009253] bcmgenet 12c00000.ethernet eth0: tc7200u tx submit ring=0 q=0 len=98 frags=0 free_now=1118 sw_prod=163 hw_before(p=0 c=8) hw_after(p=1 c=32) first=0x06f8e002 first_stat=0x00a26fc0 last=0x06f8e002 last_stat=0x00a26fc0
[ 2740.219697] bcmgenet 12c00000.ethernet eth0: tc7200u tx submit ring=0 q=0 len=98 frags=0 free_now=1117 sw_prod=164 hw_before(p=0 c=8) hw_after(p=1 c=48) first=0x06f8fb82 first_stat=0x00a26fc0 last=0x06f8fb82 last_stat=0x00a26fc0
[ 2741.445041] bcmgenet 12c00000.ethernet eth0: tc7200u tx submit ring=0 q=0 len=98 frags=0 free_now=1116 sw_prod=165 hw_before(p=0 c=8) hw_after(p=1 c=64) first=0x06f8e502 first_stat=0x00a26fc0 last=0x06f8e502 last_stat=0x00a26fc0
[ 2742.599095] bcmgenet 12c00000.ethernet eth0: tc7200u tx submit ring=0 q=0 len=98 frags=0 free_now=1115 sw_prod=166 hw_before(p=0 c=8) hw_after(p=1 c=80) first=0x06f8db82 first_stat=0x00a26fc0 last=0x06f8db82 last_stat=0x00a26fc0
[ 2743.757789] bcmgenet 12c00000.ethernet eth0: tc7200u tx submit ring=0 q=0 len=98 frags=0 free_now=1114 sw_prod=167 hw_before(p=0 c=8) hw_after(p=1 c=96) first=0x06f8ca02 first_stat=0x00a26fc0 last=0x06f8ca02 last_stat=0x00a26fc0
[ 2744.970018] bcmgenet 12c00000.ethernet eth0: tc7200u tx submit ring=0 q=0 len=98 frags=0 free_now=1113 sw_prod=168 hw_before(p=0 c=8) hw_after(p=1 c=112) first=0x06f8cf02 first_stat=0x00a26fc0 last=0x06f8cf02 last_stat=0x00a26fc0
[ 2746.187382] bcmgenet 12c00000.ethernet eth0: tc7200u tx submit ring=0 q=0 len=98 frags=0 free_now=1112 sw_prod=169 hw_before(p=0 c=8) hw_after(p=1 c=128) first=0x06f8c282 first_stat=0x00a26fc0 last=0x06f8c282 last_stat=0x00a26fc0
[ 2747.389179] bcmgenet 12c00000.ethernet eth0: tc7200u tx submit ring=0 q=0 len=98 frags=0 free_now=1111 sw_prod=170 hw_before(p=0 c=8) hw_after(p=1 c=144) first=0x06f8cc82 first_stat=0x00a26fc0 last=0x06f8cc82 last_stat=0x00a26fc0
[ 2748.615485] bcmgenet 12c00000.ethernet eth0: tc7200u tx submit ring=0 q=0 len=98 frags=0 free_now=1110 sw_prod=171 hw_before(p=0 c=8) hw_after(p=1 c=160) first=0x06f8c782 first_stat=0x00a26fc0 last=0x06f8c782 last_stat=0x00a26fc0
[ 2749.769528] bcmgenet 12c00000.ethernet eth0: tc7200u tx submit ring=0 q=0 len=98 frags=0 free_now=1109 sw_prod=172 hw_before(p=0 c=8) hw_after(p=1 c=176) first=0x06f8d182 first_stat=0x00a26fc0 last=0x06f8d182 last_stat=0x00a26fc0
[ 2750.928174] bcmgenet 12c00000.ethernet eth0: tc7200u tx submit ring=0 q=0 len=98 frags=0 free_now=1108 sw_prod=173 hw_before(p=0 c=8) hw_after(p=1 c=192) first=0x06f8d402 first_stat=0x00a26fc0 last=0x06f8d402 last_stat=0x00a26fc0
[ 2752.155289] bcmgenet 12c00000.ethernet eth0: tc7200u tx submit ring=0 q=0 len=98 frags=0 free_now=1107 sw_prod=174 hw_before(p=0 c=8) hw_after(p=1 c=208) first=0x06f8d902 first_stat=0x00a26fc0 last=0x06f8d902 last_stat=0x00a26fc0
[ 2753.367374] bcmgenet 12c00000.ethernet eth0: tc7200u tx submit ring=0 q=0 len=98 frags=0 free_now=1106 sw_prod=175 hw_before(p=0 c=8) hw_after(p=1 c=224) first=0x06f8c002 first_stat=0x00a26fc0 last=0x06f8c002 last_stat=0x00a26fc0
[ 2754.568686] bcmgenet 12c00000.ethernet eth0: tc7200u tx submit ring=0 q=0 len=98 frags=0 free_now=1105 sw_prod=176 hw_before(p=0 c=8) hw_after(p=1 c=240) first=0x06f8d682 first_stat=0x00a26fc0 last=0x06f8d682 last_stat=0x00a26fc0
[ 2755.778996] bcmgenet 12c00000.ethernet eth0: tc7200u tx submit ring=0 q=0 len=98 frags=0 free_now=1104 sw_prod=177 hw_before(p=0 c=8) hw_after(p=1 c=0) first=0x06f8c502 first_stat=0x00a26fc0 last=0x06f8c502 last_stat=0x00a26fc0
[ 2756.989264] bcmgenet 12c00000.ethernet eth0: tc7200u tx submit ring=0 q=0 len=98 frags=0 free_now=1103 sw_prod=178 hw_before(p=0 c=8) hw_after(p=1 c=16) first=0x06f66282 first_stat=0x00a26fc0 last=0x06f66282 last_stat=0x00a26fc0
[ 2758.209121] bcmgenet 12c00000.ethernet eth0: tc7200u tx submit ring=0 q=0 len=98 frags=0 free_now=1102 sw_prod=179 hw_before(p=0 c=8) hw_after(p=1 c=32) first=0x06f67182 first_stat=0x00a26fc0 last=0x06f67182 last_stat=0x00a26fc0
[ 2759.410013] bcmgenet 12c00000.ethernet eth0: tc7200u tx submit ring=0 q=0 len=98 frags=0 free_now=1101 sw_prod=180 hw_before(p=0 c=8) hw_after(p=1 c=48) first=0x06f67402 first_stat=0x00a26fc0 last=0x06f67402 last_stat=0x00a26fc0
[ 2760.629726] bcmgenet 12c00000.ethernet eth0: tc7200u tx submit ring=0 q=0 len=98 frags=0 free_now=1100 sw_prod=181 hw_before(p=0 c=8) hw_after(p=1 c=64) first=0x06f67902 first_stat=0x00a26fc0 last=0x06f67902 last_stat=0x00a26fc0
[ 2761.850175] bcmgenet 12c00000.ethernet eth0: tc7200u tx submit ring=0 q=0 len=98 frags=0 free_now=1099 sw_prod=182 hw_before(p=0 c=8) hw_after(p=1 c=80) first=0x06f67682 first_stat=0x00a26fc0 last=0x06f67682 last_stat=0x00a26fc0
[ 2763.080695] bcmgenet 12c00000.ethernet eth0: tc7200u tx submit ring=0 q=0 len=98 frags=0 free_now=1098 sw_prod=183 hw_before(p=0 c=8) hw_after(p=1 c=96) first=0x06f66002 first_stat=0x00a26fc0 last=0x06f66002 last_stat=0x00a26fc0
[ 2764.300396] bcmgenet 12c00000.ethernet eth0: tc7200u tx submit ring=0 q=0 len=98 frags=0 free_now=1097 sw_prod=184 hw_before(p=0 c=8) hw_after(p=1 c=112) first=0x06f66502 first_stat=0x00a26fc0 last=0x06f66502 last_stat=0x00a26fc0
[ 2765.518308] bcmgenet 12c00000.ethernet eth0: tc7200u tx submit ring=0 q=0 len=98 frags=0 free_now=1096 sw_prod=185 hw_before(p=0 c=8) hw_after(p=1 c=128) first=0x06f67b82 first_stat=0x00a26fc0 last=0x06f67b82 last_stat=0x[ 2766.719521] bcmgenet 12c00000.ethernet eth0: tc7200u tx submit ring=0 q=0 len=98 frags=0 free_now=1095 sw_prod=186 hw_before(p=0 c=8) hw_after(p=1 c=144) first=0x06f66a02 first_stat=0x00a26fc0 last=0x06f66a02 last_stat=0x00a26fc0
[ 2767.937037] bcmgenet 12c00000.ethernet eth0: tc7200u tx submit ring=0 q=0 len=98 frags=0 free_now=1094 sw_prod=187 hw_before(p=0 c=8) hw_after(p=1 c=160) first=0x06f66f02 first_stat=0x00a26fc0 last=0x06f66f02 last_stat=0x00a26fc0
[ 2769.140031] bcmgenet 12c00000.ethernet eth0: tc7200u tx submit ring=0 q=0 len=98 frags=0 free_now=1093 sw_prod=188 hw_before(p=0 c=8) hw_after(p=1 c=176) first=0x06f66782 first_stat=0x00a26fc0 last=0x06f66782 last_stat=0x00a26fc0
[ 2771.907802] bcmgenet 12c00000.ethernet eth0: NETDEV WATCHDOG: CPU: 0: transmit queue 0 timed out 2740 ms
[ 2773.937239] bcmgenet 12c00000.ethernet eth0: NETDEV WATCHDOG: CPU: 0: transmit queue 0 timed out 2010 ms
[ 2775.967243] bcmgenet 12c00000.ethernet eth0: NETDEV WATCHDOG: CPU: 0: transmit queue 0 timed out 2010 ms
[ 2777.997144] bcmgenet 12c00000.ethernet eth0: NETDEV WATCHDOG: CPU: 0: transmit queue 0 timed out 2010 ms
[ 2780.027115] bcmgenet 12c00000.ethernet eth0: NETDEV WATCHDOG: CPU: 0: transmit queue 0 timed out 2010 ms
[ 2782.057236] bcmgenet 12c00000.ethernet eth0: NETDEV WATCHDOG: CPU: 0: transmit queue 0 timed out 2010 ms
[ 2782.122578] bcmgenet 12c00000.ethernet eth0: tc7200u tx submit ring=0 q=0 len=98 frags=0 free_now=1348 sw_prod=189 hw_before(p=0 c=8) hw_after(p=1 c=192) first=0x06f66c82 first_stat=0x00a26fc0 last=0x06f66c82 last_stat=0x00a26fc0
[ 2782.200275] bcmgenet 12c00000.ethernet eth0: tc7200u tx submit ring=0 q=0 len=98 frags=0 free_now=1337 sw_prod=200 hw_before(p=0 c=8) hw_after(p=1 c=112) first=0x06f8b402 first_stat=0x00a26fc0 last=0x06f8b402 last_stat=0x00a26fc0
[ 2782.507726] bcmgenet 12c00000.ethernet eth0: tc7200u tx submit ring=0 q=0 len=98 frags=0 free_now=1336 sw_prod=201 hw_before(p=0 c=8) hw_after(p=1 c=128) first=0x06f61b82 first_stat=0x00a26fc0 last=0x06f61b82 last_stat=0x00a26fc0
[ 2783.719207] bcmgenet 12c00000.ethernet eth0: tc7200u tx submit ring=0 q=0 len=98 frags=0 free_now=1335 sw_prod=202 hw_before(p=0 c=8) hw_after(p=1 c=144) first=0x06f60a02 first_stat=0x00a26fc0 last=0x06f60a02 last_stat=0x00a26fc0
[ 2784.945113] bcmgenet 12c00000.ethernet eth0: tc7200u tx submit ring=0 q=0 len=98 frags=0 free_now=1334 sw_prod=203 hw_before(p=0 c=8) hw_after(p=1 c=160) first=0x06f60f02 first_stat=0x00a26fc0 last=0x06f60f02 last_stat=0x00a26fc0
[ 2786.141763] bcmgenet 12c00000.ethernet eth0: tc7200u tx submit ring=0 q=0 len=98 frags=0 free_now=1333 sw_prod=204 hw_before(p=0 c=8) hw_after(p=1 c=176) first=0x06f60782 first_stat=0x00a26fc0 last=0x06f60782 last_stat=0x00a26fc0
[ 2787.315445] bcmgenet 12c00000.ethernet eth0: tc7200u tx submit ring=0 q=0 len=98 frags=0 free_now=1332 sw_prod=205 hw_before(p=0 c=8) hw_after(p=1 c=192) first=0x06f60c82 first_stat=0x00a26fc0 last=0x06f60c82 last_stat=0x00a26fc0
[ 2788.518977] bcmgenet 12c00000.ethernet eth0: tc7200u tx submit ring=0 q=0 len=98 frags=0 free_now=1331 sw_prod=206 hw_before(p=0 c=8) hw_after(p=1 c=208) first=0x06f60282 first_stat=0x00a26fc0 last=0x06f60282 last_stat=0x00a26fc0
[ 2789.729295] bcmgenet 12c00000.ethernet eth0: tc7200u tx submit ring=0 q=0 len=98 frags=0 free_now=1330 sw_prod=207 hw_before(p=0 c=8) hw_after(p=1 c=224) first=0x06f61402 first_stat=0x00a26fc0 last=0x06f61402 last_stat=0x00a26fc0
[ 2790.936901] bcmgenet 12c00000.ethernet eth0: tc7200u tx submit ring=0 q=0 len=98 frags=0 free_now=1329 sw_prod=208 hw_before(p=0 c=8) hw_after(p=1 c=240) first=0x06f61182 first_stat=0x00a26fc0 last=0x06f61182 last_stat=0x00a26fc0
[ 2792.159536] bcmgenet 12c00000.ethernet eth0: tc7200u tx submit ring=0 q=0 len=98 frags=0 free_now=1328 sw_prod=209 hw_before(p=0 c=8) hw_after(p=1 c=0) first=0x06f61902 first_stat=0x00a26fc0 last=0x06f61902 last_stat=0x00a26fc0
[ 2793.360192] bcmgenet 12c00000.ethernet eth0: tc7200u tx submit ring=0 q=0 len=98 frags=0 free_now=1327 sw_prod=210 hw_before(p=0 c=8) hw_after(p=1 c=16) first=0x06f61682 first_stat=0x00a26fc0 last=0x06f61682 last_stat=0x00a26fc0
[ 2794.585083] bcmgenet 12c00000.ethernet eth0: tc7200u tx submit ring=0 q=0 len=98 frags=0 free_now=1326 sw_prod=211 hw_before(p=0 c=8) hw_after(p=1 c=32) first=0x06f60002 first_stat=0x00a26fc0 last=0x06f60002 last_stat=0x00a26fc0
[ 2795.789237] bcmgenet 12c00000.ethernet eth0: tc7200u tx submit ring=0 q=0 len=98 frags=0 free_now=1325 sw_prod=212 hw_before(p=0 c=8) hw_after(p=1 c=48) first=0x06f60502 first_stat=0x00a26fc0 last=0x06f60502 last_stat=0x00a26fc0
[ 2796.998136] bcmgenet 12c00000.ethernet eth0: tc7200u tx submit ring=0 q=0 len=98 frags=0 free_now=1324 sw_prod=213 hw_before(p=0 c=8) hw_after(p=1 c=64) first=0x06f66782 first_stat=0x00a26fc0 last=0x06f66782 last_stat=0x00a26fc0
[ 2798.229216] bcmgenet 12c00000.ethernet eth0: tc7200u tx submit ring=0 q=0 len=98 frags=0 free_now=1323 sw_prod=214 hw_before(p=0 c=8) hw_after(p=1 c=80) first=0x06f66f02 first_stat=0x00a26fc0 last=0x06f66f02 last_stat=0x00a26fc0
[ 2799.431371] bcmgenet 12c00000.ethernet eth0: tc7200u tx submit ring=0 q=0 len=98 frags=0 free_now=1322 sw_prod=215 hw_before(p=0 c=8) hw_after(p=1 c=96) first=0x06f66a02 first_stat=0x00a26fc0 last=0x06f66a02 last_stat=0x00a26fc0
[ 2800.638542] bcmgenet 12c00000.ethernet eth0: tc7200u tx submit ring=0 q=0 len=98 frags=0 free_now=1321 sw_prod=216 hw_before(p=0 c=8) hw_after(p=1 c=112) first=0x06f67b82 first_stat=0x00a26fc0 last=0x06f67b82 last_stat=0x00a26fc0
[ 2801.851238] bcmgenet 12c00000.ethernet eth0: tc7200u tx submit ring=0 q=0 len=98 frags=0 free_now=1320 sw_prod=217 hw_before(p=0 c=8) hw_after(p=1 c=128) first=0x06f66502 first_stat=0x00a26fc0 last=0x06f66502 last_stat=0x00a26fc0
[ 2803.079452] bcmgenet 12c00000.ethernet eth0: tc7200u tx submit ring=0 q=0 len=98 frags=0 free_now=1319 sw_prod=218 hw_before(p=0 c=8) hw_after(p=1 c=144) first=0x06f66002 first_stat=0x00a26fc0 last=0x06f66002 last_stat=0x00a26fc0
[ 2804.309662] bcmgenet 12c00000.ethernet eth0: tc7200u tx submit ring=0 q=0 len=98 frags=0 free_now=1318 sw_prod=219 hw_before(p=0 c=8) hw_after(p=1 c=160) first=0x06f67682 first_stat=0x00a26fc0 last=0x06f67682 last_stat=0x00a26fc0
[ 2805.520626] bcmgenet 12c00000.ethernet eth0: tc7200u tx submit ring=0 q=0 len=98 frags=0 free_now=1317 sw_prod=220 hw_before(p=0 c=8) hw_after(p=1 c=176) first=0x06f67902 first_stat=0x00a26fc0 last=0x06f67902 last_stat=0x00a26fc0
[ 2806.741116] bcmgenet 12c00000.ethernet eth0: tc7200u tx submit ring=0 q=0 len=98 frags=0 free_now=1316 sw_prod=221 hw_before(p=0 c=8) hw_after(p=1 c=192) first=0x06f67402 first_stat=0x00a26fc0 last=0x06f67402 last_stat=0x00a26fc0
[ 2807.979485] bcmgenet 12c00000.ethernet eth0: tc7200u tx submit ring=0 q=0 len=98 frags=0 free_now=1315 sw_prod=222 hw_before(p=0 c=8) hw_after(p=1 c=208) first=0x06f67182 first_stat=0x00a26fc0 last=0x06f67182 last_stat=0x00a26fc0
[ 2809.189514] bcmgenet 12c00000.ethernet eth0: tc7200u tx submit ring=0 q=0 len=98 frags=0 free_now=1314 sw_prod=223 hw_before(p=0 c=8) hw_after(p=1 c=224) first=0x06f66282 first_stat=0x00a26fc0 last=0x06f66282 last_stat=0x00a26fc0
[ 2810.397075] bcmgenet 12c00000.ethernet eth0: tc7200u tx submit ring=0 q=0 len=98 frags=0 free_now=1313 sw_prod=224 hw_before(p=0 c=8) hw_after(p=1 c=240) first=0x06f8c502 first_stat=0x00a26fc0 last=0x06f8c502 last_stat=0x00a26fc0
[ 2811.609783] bcmgenet 12c00000.ethernet eth0: tc7200u tx submit ring=0 q=0 len=98 frags=0 free_now=1312 sw_prod=225 hw_before(p=0 c=8) hw_after(p=1 c=0) first=0x06f8d682 first_stat=0x00a26fc0 last=0x06f8d682 last_stat=0x00a26fc0
[ 2812.819607] bcmgenet 12c00000.ethernet eth0: tc7200u tx submit ring=0 q=0 len=98 frags=0 free_now=1311 sw_prod=226 hw_before(p=0 c=8) hw_after(p=1 c=16) first=0x06f8c002 first_stat=0x00a26fc0 last=0x06f8c002 last_stat=0x00a26fc0
[ 2814.039081] bcmgenet 12c00000.ethernet eth0: tc7200u tx submit ring=0 q=0 len=98 frags=0 free_now=1310 sw_prod=227 hw_before(p=0 c=8) hw_after(p=1 c=32) first=0x06f8d402 first_stat=0x00a26fc0 last=0x06f8d402 last_stat=0x00a26fc0
[ 2815.252208] bcmgenet 12c00000.ethernet eth0: tc7200u tx submit ring=0 q=0 len=98 frags=0 free_now=1309 sw_prod=228 hw_before(p=0 c=8) hw_after(p=1 c=48) first=0x06f8d902 first_stat=0x00a26fc0 last=0x06f8d902 last_stat=0x00a26fc0
[ 2816.408940] bcmgenet 12c00000.ethernet eth0: tc7200u tx submit ring=0 q=0 len=98 frags=0 free_now=1308 sw_prod=229 hw_before(p=0 c=8) hw_after(p=1 c=64) first=0x06f8d182 first_stat=0x00a26fc0 last=0x06f8d182 last_stat=0x00a26fc0
[ 2817.568081] bcmgenet 12c00000.ethernet eth0: tc7200u tx submit ring=0 q=0 len=98 frags=0 free_now=1307 sw_prod=230 hw_before(p=0 c=8) hw_after(p=1 c=80) first=0x06f8c782 first_stat=0x00a26fc0 last=0x06f8c782 last_stat=0x00a26fc0
[ 2818.788655] bcmgenet 12c00000.ethernet eth0: tc7200u tx submit ring=0 q=0 len=98 frags=0 free_now=1306 sw_prod=231 hw_before(p=0 c=8) hw_after(p=1 c=96) first=0x06f8c282 first_stat=0x00a26fc0 last=0x06f8c282 last_stat=0x00a26fc0
[ 2820.015058] bcmgenet 12c00000.ethernet eth0: tc7200u tx submit ring=0 q=0 len=98 frags=0 free_now=1305 sw_prod=232 hw_before(p=0 c=8) hw_after(p=1 c=112) first=0x06f8cc82 first_stat=0x00a26fc0 last=0x06f8cc82 last_stat=0x00a26fc0
[ 2821.220110] bcmgenet 12c00000.ethernet eth0: tc7200u tx submit ring=0 q=0 len=98 frags=0 free_now=1304 sw_prod=233 hw_before(p=0 c=8) hw_after(p=1 c=128) first=0x06f8ca02 first_stat=0x00a26fc0 last=0x06f8ca02 last_stat=0x00a26fc0
[ 2822.429118] bcmgenet 12c00000.ethernet eth0: tc7200u tx submit ring=0 q=0 len=98 frags=0 free_now=1303 sw_prod=234 hw_before(p=0 c=8) hw_after(p=1 c=144) first=0x06f8cf02 first_stat=0x00a26fc0 last=0x06f8cf02 last_stat=0x00a26fc0
[ 2823.589887] bcmgenet 12c00000.ethernet eth0: tc7200u tx submit ring=0 q=0 len=98 frags=0 free_now=1302 sw_prod=235 hw_before(p=0 c=8) hw_after(p=1 c=160) first=0x06f8db82 first_stat=0x00a26fc0 last=0x06f8db82 last_stat=0x00a26fc0
[ 2824.760350] bcmgenet 12c00000.ethernet eth0: tc7200u tx submit ring=0 q=0 len=98 frags=0 free_now=1301 sw_prod=236 hw_before(p=0 c=8) hw_after(p=1 c=176) first=0x06f8e502 first_stat=0x00a26fc0 last=0x06f8e502 last_stat=0x00a26fc0
[ 2825.988931] bcmgenet 12c00000.ethernet eth0: tc7200u tx submit ring=0 q=0 len=98 frags=0 free_now=1300 sw_prod=237 hw_before(p=0 c=8) hw_after(p=1 c=192) first=0x06f8fb82 first_stat=0x00a26fc0 last=0x06f8fb82 last_stat=0x00a26fc0
[ 2827.188823] bcmgenet 12c00000.ethernet eth0: tc7200u tx submit ring=0 q=0 len=98 frags=0 free_now=1299 sw_prod=238 hw_before(p=0 c=8) hw_after(p=1 c=208) first=0x06f8f682 first_stat=0x00a26fc0 last=0x06f8f682 last_stat=0x00a26fc0
[ 2828.409462] bcmgenet 12c00000.ethernet eth0: tc7200u tx submit ring=0 q=0 len=98 frags=0 free_now=1298 sw_prod=239 hw_before(p=0 c=8) hw_after(p=1 c=224) first=0x06f8e002 first_stat=0x00a26fc0 last=0x06f8e002 last_stat=0x00a26fc0
[ 2829.599955] bcmgenet 12c00000.ethernet eth0: tc7200u tx submit ring=0 q=0 len=98 frags=0 free_now=1297 sw_prod=240 hw_before(p=0 c=8) hw_after(p=1 c=240) first=0x06f8f902 first_stat=0x00a26fc0 last=0x06f8f902 last_stat=0x00a26fc0
[ 2830.819371] bcmgenet 12c00000.ethernet eth0: tc7200u tx submit ring=0 q=0 len=98 frags=0 free_now=1296 sw_prod=241 hw_before(p=0 c=8) hw_after(p=1 c=0) first=0x06f8f402 first_stat=0x00a26fc0 last=0x06f8f402 last_stat=0x00a26fc0
[ 2832.029413] bcmgenet 12c00000.ethernet eth0: tc7200u tx submit ring=0 q=0 len=98 frags=0 free_now=1295 sw_prod=242 hw_before(p=0 c=8) hw_after(p=1 c=16) first=0x06f8f182 first_stat=0x00a26fc0 last=0x06f8f182 last_stat=0x00a26fc0
[ 2833.239880] bcmgenet 12c00000.ethernet eth0: tc7200u tx submit ring=0 q=0 len=98 frags=0 free_now=1294 sw_prod=243 hw_before(p=0 c=8) hw_after(p=1 c=32) first=0x06f8e282 first_stat=0x00a26fc0 last=0x06f8e282 last_stat=0x00a26fc0
[ 2834.451072] bcmgenet 12c00000.ethernet eth0: tc7200u tx submit ring=0 q=0 len=98 frags=0 free_now=1293 sw_prod=244 hw_before(p=0 c=8) hw_after(p=1 c=48) first=0x06f8ec82 first_stat=0x00a26fc0 last=0x06f8ec82 last_stat=0x00a26fc0
[ 2835.670649] bcmgenet 12c00000.ethernet eth0: tc7200u tx submit ring=0 q=0 len=98 frags=0 free_now=1292 sw_prod=245 hw_before(p=0 c=8) hw_after(p=1 c=64) first=0x06f8e782 first_stat=0x00a26fc0 last=0x06f8e782 last_stat=0x00a26fc0
[ 2836.895057] bcmgenet 12c00000.ethernet eth0: tc7200u tx submit ring=0 q=0 len=98 frags=0 free_now=1291 sw_prod=246 hw_before(p=0 c=8) hw_after(p=1 c=80) first=0x06f8ef02 first_stat=0x00a26fc0 last=0x06f8ef02 last_stat=0x00a26fc0
[ 2838.119596] bcmgenet 12c00000.ethernet eth0: tc7200u tx submit ring=0 q=0 len=98 frags=0 free_now=1290 sw_prod=247 hw_before(p=0 c=8) hw_after(p=1 c=96) first=0x06f8ea02 first_stat=0x00a26fc0 last=0x06f8ea02 last_stat=0x00a26fc0
[ 2839.330815] bcmgenet 12c00000.ethernet eth0: tc7200u tx submit ring=0 q=0 len=98 frags=0 free_now=1289 sw_prod=248 hw_before(p=0 c=8) hw_after(p=1 c=112) first=0x06f83b82 first_stat=0x00a26fc0 last=0x06f83b82 last_stat=0x00a26fc0
[ 2840.540330] bcmgenet 12c00000.ethernet eth0: tc7200u tx submit ring=0 q=0 len=98 frags=0 free_now=1288 sw_prod=249 hw_before(p=0 c=8) hw_after(p=1 c=128) first=0x06f82a02 first_stat=0x00a26fc0 last=0x06f82a02 last_stat=0x00a26fc0
[ 2841.759826] bcmgenet 12c00000.ethernet eth0: tc7200u tx submit ring=0 q=0 len=98 frags=0 free_now=1287 sw_prod=250 hw_before(p=0 c=8) hw_after(p=1 c=144) first=0x06f82782 first_stat=0x00a26fc0 last=0x06f82782 last_stat=0x00a26fc0
[ 2842.980180] bcmgenet 12c00000.ethernet eth0: tc7200u tx submit ring=0 q=0 len=98 frags=0 free_now=1286 sw_prod=251 hw_before(p=0 c=8) hw_after(p=1 c=160) first=0x06f82f02 first_stat=0x00a26fc0 last=0x06f82f02 last_stat=0x00a26fc0
[ 2844.209453] bcmgenet 12c00000.ethernet eth0: tc7200u tx submit ring=0 q=0 len=98 frags=0 free_now=1285 sw_prod=252 hw_before(p=0 c=8) hw_after(p=1 c=176) first=0x06f82c82 first_stat=0x00a26fc0 last=0x06f82c82 last_stat=0x00a26fc0
[ 2845.419102] bcmgenet 12c00000.ethernet eth0: tc7200u tx submit ring=0 q=0 len=98 frags=0 free_now=1284 sw_prod=253 hw_before(p=0 c=8) hw_after(p=1 c=192) first=0x06f82282 first_stat=0x00a26fc0 last=0x06f82282 last_stat=0x00a26fc0
[ 2846.618895] bcmgenet 12c00000.ethernet eth0: tc7200u tx submit ring=0 q=0 len=98 frags=0 free_now=1283 sw_prod=254 hw_before(p=0 c=8) hw_after(p=1 c=208) first=0x06f83182 first_stat=0x00a26fc0 last=0x06f83182 last_stat=0x00a26fc0
[ 2847.839595] bcmgenet 12c00000.ethernet eth0: tc7200u tx submit ring=0 q=0 len=98 frags=0 free_now=1282 sw_prod=255 hw_before(p=0 c=8) hw_after(p=1 c=224) first=0x06f83402 first_stat=0x00a26fc0 last=0x06f83402 last_stat=0x00a26fc0
[ 2849.049808] bcmgenet 12c00000.ethernet eth0: tc7200u tx submit ring=0 q=0 len=98 frags=0 free_now=1281 sw_prod=0 hw_before(p=0 c=8) hw_after(p=1 c=240) first=0x06f83902 first_stat=0x00a26fc0 last=0x06f83902 last_stat=0x00a26fc0
[ 2850.258718] bcmgenet 12c00000.ethernet eth0: tc7200u tx submit ring=0 q=0 len=98 frags=0 free_now=1280 sw_prod=1 hw_before(p=0 c=8) hw_after(p=1 c=0) first=0x06f82002 first_stat=0x00a26fc0 last=0x06f82002 last_stat=0x00a26fc0
[ 2851.476764] bcmgenet 12c00000.ethernet eth0: tc7200u tx submit ring=0 q=0 len=98 frags=0 free_now=1279 sw_prod=2 hw_before(p=0 c=8) hw_after(p=1 c=16) first=0x06f83682 first_stat=0x00a26fc0 last=0x06f83682 last_stat=0x00a26fc0
[ 2852.648394] bcmgenet 12c00000.ethernet eth0: tc7200u tx submit ring=0 q=0 len=98 frags=0 free_now=1278 sw_prod=3 hw_before(p=0 c=8) hw_after(p=1 c=32) first=0x06f82502 first_stat=0x00a26fc0 last=0x06f82502 last_stat=0x00a26fc0
[ 2853.809156] bcmgenet 12c00000.ethernet eth0: tc7200u tx submit ring=0 q=0 len=98 frags=0 free_now=1277 sw_prod=4 hw_before(p=0 c=8) hw_after(p=1 c=48) first=0x068f8f02 first_stat=0x00a26fc0 last=0x068f8f02 last_stat=0x00a26fc0
[ 2855.008984] bcmgenet 12c00000.ethernet eth0: tc7200u tx submit ring=0 q=0 len=98 frags=0 free_now=1276 sw_prod=5 hw_before(p=0 c=8) hw_after(p=1 c=64) first=0x068f9b82 first_stat=0x00a26fc0 last=0x068f9b82 last_stat=0x00a26fc0
[ 2856.217624] bcmgenet 12c00000.ethernet eth0: tc7200u tx submit ring=0 q=0 len=98 frags=0 free_now=1275 sw_prod=6 hw_before(p=0 c=8) hw_after(p=1 c=80) first=0x068f9182 first_stat=0x00a26fc0 last=0x068f9182 last_stat=0x00a26fc0
[ 2857.428964] bcmgenet 12c00000.ethernet eth0: tc7200u tx submit ring=0 q=0 len=98 frags=0 free_now=1274 sw_prod=7 hw_before(p=0 c=8) hw_after(p=1 c=96) first=0x068f8a02 first_stat=0x00a26fc0 last=0x068f8a02 last_stat=0x00a26fc0
[ 2858.659237] bcmgenet 12c00000.ethernet eth0: tc7200u tx submit ring=0 q=0 len=98 frags=0 free_now=1273 sw_prod=8 hw_before(p=0 c=8) hw_after(p=1 c=112) first=0x068f8c82 first_stat=0x00a26fc0 last=0x068f8c82 last_stat=0x00a26fc0
[ 2859.859381] bcmgenet 12c00000.ethernet eth0: tc7200u tx submit ring=0 q=0 len=98 frags=0 free_now=1272 sw_prod=9 hw_before(p=0 c=8) hw_after(p=1 c=128) first=0x068f8502 first_stat=0x00a26fc0 last=0x068f8502 last_stat=0x00a26fc0
[ 2861.018547] bcmgenet 12c00000.ethernet eth0: tc7200u tx submit ring=0 q=0 len=98 frags=0 free_now=1271 sw_prod=10 hw_before(p=0 c=8) hw_after(p=1 c=144) first=0x068f9402 first_stat=0x00a26fc0 last=0x068f9402 last_stat=0x00a26fc0
[ 2862.168748] bcmgenet 12c00000.ethernet eth0: tc7200u tx submit ring=0 q=0 len=98 frags=0 free_now=1270 sw_prod=11 hw_before(p=0 c=8) hw_after(p=1 c=160) first=0x068f9682 first_stat=0x00a26fc0 last=0x068f9682 last_stat=0x00a26fc0
[ 2863.388993] bcmgenet 12c00000.ethernet eth0: tc7200u tx submit ring=0 q=0 len=98 frags=0 free_now=1269 sw_prod=12 hw_before(p=0 c=8) hw_after(p=1 c=176) first=0x068f8002 first_stat=0x00a26fc0 last=0x068f8002 last_stat=0x00a26fc0
[ 2864.599820] bcmgenet 12c00000.ethernet eth0: tc7200u tx submit ring=0 q=0 len=98 frags=0 free_now=1268 sw_prod=13 hw_before(p=0 c=8) hw_after(p=1 c=192) first=0x068f8782 first_stat=0x00a26fc0 last=0x068f8782 last_stat=0x00a26fc0
[ 2865.828397] bcmgenet 12c00000.ethernet eth0: tc7200u tx submit ring=0 q=0 len=98 frags=0 free_now=1267 sw_prod=14 hw_before(p=0 c=8) hw_after(p=1 c=208) first=0x068f8282 first_stat=0x00a26fc0 last=0x068f8282 last_stat=0x00a26fc0
[ 2867.058003] bcmgenet 12c00000.ethernet eth0: tc7200u tx submit ring=0 q=0 len=98 frags=0 free_now=1266 sw_prod=15 hw_before(p=0 c=8) hw_after(p=1 c=224) first=0x068f9902 first_stat=0x00a26fc0 last=0x068f9902 last_stat=0x00a26fc0
[ 2868.256883] bcmgenet 12c00000.ethernet eth0: tc7200u tx submit ring=0 q=0 len=98 frags=0 free_now=1265 sw_prod=16 hw_before(p=0 c=8) hw_after(p=1 c=240) first=0x06f8b902 first_stat=0x00a26fc0 last=0x06f8b902 last_stat=0x00a26fc0
[ 2869.459820] bcmgenet 12c00000.ethernet eth0: tc7200u tx submit ring=0 q=0 len=98 frags=0 free_now=1264 sw_prod=17 hw_before(p=0 c=8) hw_after(p=1 c=0) first=0x06f7aa02 first_stat=0x00a26fc0 last=0x06f7aa02 last_stat=0x00a26fc0
[ 2870.679498] bcmgenet 12c00000.ethernet eth0: tc7200u tx submit ring=0 q=0 len=98 frags=0 free_now=1263 sw_prod=18 hw_before(p=0 c=8) hw_after(p=1 c=16) first=0x06f7bb82 first_stat=0x00a26fc0 last=0x06f7bb82 last_stat=0x00a26fc0
[ 2871.905402] bcmgenet 12c00000.ethernet eth0: tc7200u tx submit ring=0 q=0 len=98 frags=0 free_now=1262 sw_prod=19 hw_before(p=0 c=8) hw_after(p=1 c=32) first=0x06f7a002 first_stat=0x00a26fc0 last=0x06f7a002 last_stat=0x00a26fc0
[ 2873.110513] bcmgenet 12c00000.ethernet eth0: tc7200u tx submit ring=0 q=0 len=98 frags=0 free_now=1261 sw_prod=20 hw_before(p=0 c=8) hw_after(p=1 c=48) first=0x06f7a502 first_stat=0x00a26fc0 last=0x06f7a502 last_stat=0x00a26fc0
[ 2874.338983] bcmgenet 12c00000.ethernet eth0: tc7200u tx submit ring=0 q=0 len=98 frags=0 free_now=1260 sw_prod=21 hw_before(p=0 c=8) hw_after(p=1 c=64) first=0x06f7b682 first_stat=0x00a26fc0 last=0x06f7b682 last_stat=0x00a26fc0
[ 2875.539888] bcmgenet 12c00000.ethernet eth0: tc7200u tx submit ring=0 q=0 len=98 frags=0 free_now=1259 sw_prod=22 hw_before(p=0 c=8) hw_after(p=1 c=80) first=0x06f7b902 first_stat=0x00a26fc0 last=0x06f7b902 last_stat=0x00a26fc0
[ 2876.755227] bcmgenet 12c00000.ethernet eth0: tc7200u tx submit ring=0 q=0 len=98 frags=0 free_now=1258 sw_prod=23 hw_before(p=0 c=8) hw_after(p=1 c=96) first=0x06f7b182 first_stat=0x00a26fc0 last=0x06f7b182 last_stat=0x00a26fc0
[ 2877.959324] bcmgenet 12c00000.ethernet eth0: tc7200u tx submit ring=0 q=0 len=98 frags=0 free_now=1257 sw_prod=24 hw_before(p=0 c=8) hw_after(p=1 c=112) first=0x06f7b402 first_stat=0x00a26fc0 last=0x06f7b402 last_stat=0x00a26fc0
[ 2879.187151] bcmgenet 12c00000.ethernet eth0: tc7200u tx submit ring=0 q=0 len=98 frags=0 free_now=1256 sw_prod=25 hw_before(p=0 c=8) hw_after(p=1 c=128) first=0x06f7a282 first_stat=0x00a26fc0 last=0x06f7a282 last_stat=0x00a26fc0
[ 2880.395397] bcmgenet 12c00000.ethernet eth0: tc7200u tx submit ring=0 q=0 len=98 frags=0 free_now=1255 sw_prod=26 hw_before(p=0 c=8) hw_after(p=1 c=144) first=0x06f7a782 first_stat=0x00a26fc0 last=0x06f7a782 last_stat=0x00a26fc0
[ 2881.600578] bcmgenet 12c00000.ethernet eth0: tc7200u tx submit ring=0 q=0 len=98 frags=0 free_now=1254 sw_prod=27 hw_before(p=0 c=8) hw_after(p=1 c=160) first=0x06f7ac82 first_stat=0x00a26fc0 last=0x06f7ac82 last_stat=0x00a26fc0
[ 2882.819850] bcmgenet 12c00000.ethernet eth0: tc7200u tx submit ring=0 q=0 len=98 frags=0 free_now=1253 sw_prod=28 hw_before(p=0 c=8) hw_after(p=1 c=176) first=0x06f7af02 first_stat=0x00a26fc0 last=0x06f7af02 last_stat=0x00a26fc0
[ 2884.039342] bcmgenet 12c00000.ethernet eth0: tc7200u tx submit ring=0 q=0 len=98 frags=0 free_now=1252 sw_prod=29 hw_before(p=0 c=8) hw_after(p=1 c=192) first=0x06f7d902 first_stat=0x00a26fc0 last=0x06f7d902 last_stat=0x00a26fc0
[ 2885.259488] bcmgenet 12c00000.ethernet eth0: tc7200u tx submit ring=0 q=0 len=98 frags=0 free_now=1251 sw_prod=30 hw_before(p=0 c=8) hw_after(p=1 c=208) first=0x06f7c282 first_stat=0x00a26fc0 last=0x06f7c282 last_stat=0x00a26fc0
[ 2886.458832] bcmgenet 12c00000.ethernet eth0: tc7200u tx submit ring=0 q=0 len=98 frags=0 free_now=1250 sw_prod=31 hw_before(p=0 c=8) hw_after(p=1 c=224) first=0x06f7d402 first_stat=0x00a26fc0 last=0x06f7d402 last_stat=0x00a26fc0
[ 2887.660282] bcmgenet 12c00000.ethernet eth0: tc7200u tx submit ring=0 q=0 len=98 frags=0 free_now=1249 sw_prod=32 hw_before(p=0 c=8) hw_after(p=1 c=240) first=0x06f7d182 first_stat=0x00a26fc0 last=0x06f7d182 last_stat=0x00a26fc0
[ 2888.878545] bcmgenet 12c00000.ethernet eth0: tc7200u tx submit ring=0 q=0 len=98 frags=0 free_now=1248 sw_prod=33 hw_before(p=0 c=8) hw_after(p=1 c=0) first=0x06f7cc82 first_stat=0x00a26fc0 last=0x06f7cc82 last_stat=0x00a26fc0
[ 2890.038723] bcmgenet 12c00000.ethernet eth0: tc7200u tx submit ring=0 q=0 len=98 frags=0 free_now=1247 sw_prod=34 hw_before(p=0 c=8) hw_after(p=1 c=16) first=0x06f7cf02 first_stat=0x00a26fc0 last=0x06f7cf02 last_stat=0x00a26fc0
[ 2891.196755] bcmgenet 12c00000.ethernet eth0: tc7200u tx submit ring=0 q=0 len=98 frags=0 free_now=1246 sw_prod=35 hw_before(p=0 c=8) hw_after(p=1 c=32) first=0x06f7c782 first_stat=0x00a26fc0 last=0x06f7c782 last_stat=0x00a26fc0
[ 2892.399559] bcmgenet 12c00000.ethernet eth0: tc7200u tx submit ring=0 q=0 len=98 frags=0 free_now=1245 sw_prod=36 hw_before(p=0 c=8) hw_after(p=1 c=48) first=0x06f7ca02 first_stat=0x00a26fc0 last=0x06f7ca02 last_stat=0x00a26fc0
[ 2893.598508] bcmgenet 12c00000.ethernet eth0: tc7200u tx submit ring=0 q=0 len=98 frags=0 free_now=1244 sw_prod=37 hw_before(p=0 c=8) hw_after(p=1 c=64) first=0x06f7c502 first_stat=0x00a26fc0 last=0x06f7c502 last_stat=0x00a26fc0
[ 2894.809294] bcmgenet 12c00000.ethernet eth0: tc7200u tx submit ring=0 q=0 len=98 frags=0 free_now=1243 sw_prod=38 hw_before(p=0 c=8) hw_after(p=1 c=80) first=0x06f7c002 first_stat=0x00a26fc0 last=0x06f7c002 last_stat=0x00a26fc0
[ 2896.013045] bcmgenet 12c00000.ethernet eth0: tc7200u tx submit ring=0 q=0 len=98 frags=0 free_now=1242 sw_prod=39 hw_before(p=0 c=8) hw_after(p=1 c=96) first=0x06f7db82 first_stat=0x00a26fc0 last=0x06f7db82 last_stat=0x00a26fc0
[ 2897.185080] bcmgenet 12c00000.ethernet eth0: tc7200u tx submit ring=0 q=0 len=98 frags=0 free_now=1241 sw_prod=40 hw_before(p=0 c=8) hw_after(p=1 c=112) first=0x06f7d682 first_stat=0x00a26fc0 last=0x06f7d682 last_stat=0x00a26fc0
[ 2898.341952] bcmgenet 12c00000.ethernet eth0: tc7200u tx submit ring=0 q=0 len=98 frags=0 free_now=1240 sw_prod=41 hw_before(p=0 c=8) hw_after(p=1 c=128) first=0x06f7f402 first_stat=0x00a26fc0 last=0x06f7f402 last_stat=0x00a26fc0
[ 2899.559757] bcmgenet 12c00000.ethernet eth0: tc7200u tx submit ring=0 q=0 len=98 frags=0 free_now=1239 sw_prod=42 hw_before(p=0 c=8) hw_after(p=1 c=144) first=0x06f7f182 first_stat=0x00a26fc0 last=0x06f7f182 last_stat=0x00a26fc0
[ 2900.768384] bcmgenet 12c00000.ethernet eth0: tc7200u tx submit ring=0 q=0 len=98 frags=0 free_now=1238 sw_prod=43 hw_before(p=0 c=8) hw_after(p=1 c=160) first=0x06f7e782 first_stat=0x00a26fc0 last=0x06f7e782 last_stat=0x00a26fc0
[ 2901.979860] bcmgenet 12c00000.ethernet eth0: tc7200u tx submit ring=0 q=0 len=98 frags=0 free_now=1237 sw_prod=44 hw_before(p=0 c=8) hw_after(p=1 c=176) first=0x06f7e282 first_stat=0x00a26fc0 last=0x06f7e282 last_stat=0x00a26fc0
[ 2903.199367] bcmgenet 12c00000.ethernet eth0: tc7200u tx submit ring=0 q=0 len=98 frags=0 free_now=1236 sw_prod=45 hw_before(p=0 c=8) hw_after(p=1 c=192) first=0x06f7ec82 first_stat=0x00a26fc0 last=0x06f7ec82 last_stat=0x00a26fc0
[ 2904.408795] bcmgenet 12c00000.ethernet eth0: tc7200u tx submit ring=0 q=0 len=98 frags=0 free_now=1235 sw_prod=46 hw_before(p=0 c=8) hw_after(p=1 c=208) first=0x06f7ef02 first_stat=0x00a26fc0 last=0x06f7ef02 last_stat=0x00a26fc0
[ 2905.620517] bcmgenet 12c00000.ethernet eth0: tc7200u tx submit ring=0 q=0 len=98 frags=0 free_now=1234 sw_prod=47 hw_before(p=0 c=8) hw_after(p=1 c=224) first=0x06f7ea02 first_stat=0x00a26fc0 last=0x06f7ea02 last_stat=0x00a26fc0
[ 2906.829948] bcmgenet 12c00000.ethernet eth0: tc7200u tx submit ring=0 q=0 len=98 frags=0 free_now=1233 sw_prod=48 hw_before(p=0 c=8) hw_after(p=1 c=240) first=0x06f7e002 first_stat=0x00a26fc0 last=0x06f7e002 last_stat=0x00a26fc0
[ 2908.047531] bcmgenet 12c00000.ethernet eth0: tc7200u tx submit ring=0 q=0 len=98 frags=0 free_now=1232 sw_prod=49 hw_before(p=0 c=8) hw_after(p=1 c=0) first=0x06f7fb82 first_stat=0x00a26fc0 last=0x06f7fb82 last_stat=0x00a26fc0
[ 2909.249335] bcmgenet 12c00000.ethernet eth0: tc7200u tx submit ring=0 q=0 len=98 frags=0 free_now=1231 sw_prod=50 hw_before(p=0 c=8) hw_after(p=1 c=16) first=0x06f7f902 first_stat=0x00a26fc0 last=0x06f7f902 last_stat=0x00a26fc0
[ 2910.460067] bcmgenet 12c00000.ethernet eth0: tc7200u tx submit ring=0 q=0 len=98 frags=0 free_now=1230 sw_prod=51 hw_before(p=0 c=8) hw_after(p=1 c=32) first=0x06f7e502 first_stat=0x00a26fc0 last=0x06f7e502 last_stat=0x00a26fc0
[ 2911.681632] bcmgenet 12c00000.ethernet eth0: tc7200u tx submit ring=0 q=0 len=98 frags=0 free_now=1229 sw_prod=52 hw_before(p=0 c=8) hw_after(p=1 c=48) first=0x06f7f682 first_stat=0x00a26fc0 last=0x06f7f682 last_stat=0x00a26fc0
[ 2912.900217] bcmgenet 12c00000.ethernet eth0: tc7200u tx submit ring=0 q=0 len=98 frags=0 free_now=1228 sw_prod=53 hw_before(p=0 c=8) hw_after(p=1 c=64) first=0x06f88a02 first_stat=0x00a26fc0 last=0x06f88a02 last_stat=0x00a26fc0
[ 2914.127373] bcmgenet 12c00000.ethernet eth0: tc7200u tx submit ring=0 q=0 len=98 frags=0 free_now=1227 sw_prod=54 hw_before(p=0 c=8) hw_after(p=1 c=80) first=0x06f88502 first_stat=0x00a26fc0 last=0x06f88502 last_stat=0x00a26fc0
[ 2915.342024] bcmgenet 12c00000.ethernet eth0: tc7200u tx submit ring=0 q=0 len=98 frags=0 free_now=1226 sw_prod=55 hw_before(p=0 c=8) hw_after(p=1 c=96) first=0x06f89b82 first_stat=0x00a26fc0 last=0x06f89b82 last_stat=0x00a26fc0
[ 2916.568413] bcmgenet 12c00000.ethernet eth0: tc7200u tx submit ring=0 q=0 len=98 frags=0 free_now=1225 sw_prod=56 hw_before(p=0 c=8) hw_after(p=1 c=112) first=0x06f88002 first_stat=0x00a26fc0 last=0x06f88002 last_stat=0x00a26fc0
[ 2917.768575] bcmgenet 12c00000.ethernet eth0: tc7200u tx submit ring=0 q=0 len=98 frags=0 free_now=1224 sw_prod=57 hw_before(p=0 c=8) hw_after(p=1 c=128) first=0x06f89682 first_stat=0x00a26fc0 last=0x06f89682 last_stat=0x00a26fc0
[ 2918.995042] bcmgenet 12c00000.ethernet eth0: tc7200u tx submit ring=0 q=0 len=98 frags=0 free_now=1223 sw_prod=58 hw_before(p=0 c=8) hw_after(p=1 c=144) first=0x06f89402 first_stat=0x00a26fc0 last=0x06f89402 last_stat=0x00a26fc0
[ 2920.220270] bcmgenet 12c00000.ethernet eth0: tc7200u tx submit ring=0 q=0 len=98 frags=0 free_now=1222 sw_prod=59 hw_before(p=0 c=8) hw_after(p=1 c=160) first=0x06f89902 first_stat=0x00a26fc0 last=0x06f89902 last_stat=0x00a26fc0
[ 2921.438441] bcmgenet 12c00000.ethernet eth0: tc7200u tx submit ring=0 q=0 len=98 frags=0 free_now=1221 sw_prod=60 hw_before(p=0 c=8) hw_after(p=1 c=176) first=0x06f89182 first_stat=0x00a26fc0 last=0x06f89182 last_stat=0x00a26fc0
[ 2922.646924] bcmgenet 12c00000.ethernet eth0: tc7200u tx submit ring=0 q=0 len=98 frags=0 free_now=1220 sw_prod=61 hw_before(p=0 c=8) hw_after(p=1 c=192) first=0x06f88282 first_stat=0x00a26fc0 last=0x06f88282 last_stat=0x00a26fc0
[ 2923.875108] bcmgenet 12c00000.ethernet eth0: tc7200u tx submit ring=0 q=0 len=98 frags=0 free_now=1219 sw_prod=62 hw_before(p=0 c=8) hw_after(p=1 c=208) first=0x06f88c82 first_stat=0x00a26fc0 last=0x06f88c82 last_stat=0x00a26fc0
[ 2925.086796] bcmgenet 12c00000.ethernet eth0: tc7200u tx submit ring=0 q=0 len=98 frags=0 free_now=1218 sw_prod=63 hw_before(p=0 c=8) hw_after(p=1 c=224) first=0x06f88782 first_stat=0x00a26fc0 last=0x06f88782 last_stat=0x00a26fc0
[ 2926.308233] bcmgenet 12c00000.ethernet eth0: tc7200u tx submit ring=0 q=0 len=98 frags=0 free_now=1217 sw_prod=64 hw_before(p=0 c=8) hw_after(p=1 c=240) first=0x06f88f02 first_stat=0x00a26fc0 last=0x06f88f02 last_stat=0x00a26fc0
[ 2927.460410] bcmgenet 12c00000.ethernet eth0: tc7200u tx submit ring=0 q=0 len=98 frags=0 free_now=1216 sw_prod=65 hw_before(p=0 c=8) hw_after(p=1 c=0) first=0x068cea02 first_stat=0x00a26fc0 last=0x068cea02 last_stat=0x00a26fc0
[ 2928.667959] bcmgenet 12c00000.ethernet eth0: tc7200u tx submit ring=0 q=0 len=98 frags=0 free_now=1215 sw_prod=66 hw_before(p=0 c=8) hw_after(p=1 c=16) first=0x068cef02 first_stat=0x00a26fc0 last=0x068cef02 last_stat=0x00a26fc0
[ 2929.874972] bcmgenet 12c00000.ethernet eth0: tc7200u tx submit ring=0 q=0 len=98 frags=0 free_now=1214 sw_prod=67 hw_before(p=0 c=8) hw_after(p=1 c=32) first=0x068cec82 first_stat=0x00a26fc0 last=0x068cec82 last_stat=0x00a26fc0
[ 2931.071995] bcmgenet 12c00000.ethernet eth0: tc7200u tx submit ring=0 q=0 len=98 frags=0 free_now=1213 sw_prod=68 hw_before(p=0 c=8) hw_after(p=1 c=48) first=0x068ce782 first_stat=0x00a26fc0 last=0x068ce782 last_stat=0x00a26fc0
[ 2932.297041] bcmgenet 12c00000.ethernet eth0: tc7200u tx submit ring=0 q=0 len=98 frags=0 free_now=1212 sw_prod=69 hw_before(p=0 c=8) hw_after(p=1 c=64) first=0x068cf182 first_stat=0x00a26fc0 last=0x068cf182 last_stat=0x00a26fc0
[ 2933.518769] bcmgenet 12c00000.ethernet eth0: tc7200u tx submit ring=0 q=0 len=98 frags=0 free_now=1211 sw_prod=70 hw_before(p=0 c=8) hw_after(p=1 c=80) first=0x068ce282 first_stat=0x00a26fc0 last=0x068ce282 last_stat=0x00a26fc0
[ 2934.689867] bcmgenet 12c00000.ethernet eth0: tc7200u tx submit ring=0 q=0 len=98 frags=0 free_now=1210 sw_prod=71 hw_before(p=0 c=8) hw_after(p=1 c=96) first=0x068cf402 first_stat=0x00a26fc0 last=0x068cf402 last_stat=0x00a26fc0
[ 2935.856980] bcmgenet 12c00000.ethernet eth0: tc7200u tx submit ring=0 q=0 len=98 frags=0 free_now=1209 sw_prod=72 hw_before(p=0 c=8) hw_after(p=1 c=112) first=0x068cf902 first_stat=0x00a26fc0 last=0x068cf902 last_stat=0x00a26fc0
[ 2937.068618] bcmgenet 12c00000.ethernet eth0: tc7200u tx submit ring=0 q=0 len=98 frags=0 free_now=1208 sw_prod=73 hw_before(p=0 c=8) hw_after(p=1 c=128) first=0x068cf682 first_stat=0x00a26fc0 last=0x068cf682 last_stat=0x00a26fc0
[ 2938.279125] bcmgenet 12c00000.ethernet eth0: tc7200u tx submit ring=0 q=0 len=98 frags=0 free_now=1207 sw_prod=74 hw_before(p=0 c=8) hw_after(p=1 c=144) first=0x068ce502 first_stat=0x00a26fc0 last=0x068ce502 last_stat=0x00a26fc0
[ 2939.487825] bcmgenet 12c00000.ethernet eth0: tc7200u tx submit ring=0 q=0 len=98 frags=0 free_now=1206 sw_prod=75 hw_before(p=0 c=8) hw_after(p=1 c=160) first=0x068ce002 first_stat=0x00a26fc0 last=0x068ce002 last_stat=0x00a26fc0
[ 2940.697322] bcmgenet 12c00000.ethernet eth0: tc7200u tx submit ring=0 q=0 len=98 frags=0 free_now=1205 sw_prod=76 hw_before(p=0 c=8) hw_after(p=1 c=176) first=0x068cfb82 first_stat=0x00a26fc0 last=0x068cfb82 last_stat=0x00a26fc0
[ 2941.908327] bcmgenet 12c00000.ethernet eth0: tc7200u tx submit ring=0 q=0 len=98 frags=0 free_now=1204 sw_prod=77 hw_before(p=0 c=8) hw_after(p=1 c=192) first=0x06f06282 first_stat=0x00a26fc0 last=0x06f06282 last_stat=0x00a26fc0
[ 2943.125038] bcmgenet 12c00000.ethernet eth0: tc7200u tx submit ring=0 q=0 len=98 frags=0 free_now=1203 sw_prod=78 hw_before(p=0 c=8) hw_after(p=1 c=208) first=0x06f07182 first_stat=0x00a26fc0 last=0x06f07182 last_stat=0x00a26fc0
[ 2944.336855] bcmgenet 12c00000.ethernet eth0: tc7200u tx submit ring=0 q=0 len=98 frags=0 free_now=1202 sw_prod=79 hw_before(p=0 c=8) hw_after(p=1 c=224) first=0x06f07402 first_stat=0x00a26fc0 last=0x06f07402 last_stat=0x00a26fc0
[ 2945.548650] bcmgenet 12c00000.ethernet eth0: tc7200u tx submit ring=0 q=0 len=98 frags=0 free_now=1201 sw_prod=80 hw_before(p=0 c=8) hw_after(p=1 c=240) first=0x06f07902 first_stat=0x00a26fc0 last=0x06f07902 last_stat=0x00a26fc0
[ 2946.769583] bcmgenet 12c00000.ethernet eth0: tc7200u tx submit ring=0 q=0 len=98 frags=0 free_now=1200 sw_prod=81 hw_before(p=0 c=8) hw_after(p=1 c=0) first=0x06f07682 first_stat=0x00a26fc0 last=0x06f07682 last_stat=0x00a26fc0
[ 2947.970877] bcmgenet 12c00000.ethernet eth0: tc7200u tx submit ring=0 q=0 len=98 frags=0 free_now=1199 sw_prod=82 hw_before(p=0 c=8) hw_after(p=1 c=16) first=0x06f06002 first_stat=0x00a26fc0 last=0x06f06002 last_stat=0x00a26fc0
[ 2949.197007] bcmgenet 12c00000.ethernet eth0: tc7200u tx submit ring=0 q=0 len=98 frags=0 free_now=1198 sw_prod=83 hw_before(p=0 c=8) hw_after(p=1 c=32) first=0x06f06502 first_stat=0x00a26fc0 last=0x06f06502 last_stat=0x00a26fc0
[ 2950.409330] bcmgenet 12c00000.ethernet eth0: tc7200u tx submit ring=0 q=0 len=98 frags=0 free_now=1197 sw_prod=84 hw_before(p=0 c=8) hw_after(p=1 c=48) first=0x06f07b82 first_stat=0x00a26fc0 last=0x06f07b82 last_stat=0x00a26fc0
[ 2951.620595] bcmgenet 12c00000.ethernet eth0: tc7200u tx submit ring=0 q=0 len=98 frags=0 free_now=1196 sw_prod=85 hw_before(p=0 c=8) hw_after(p=1 c=64) first=0x06f06a02 first_stat=0x00a26fc0 last=0x06f06a02 last_stat=0x00a26fc0
[ 2952.832434] bcmgenet 12c00000.ethernet eth0: tc7200u tx submit ring=0 q=0 len=98 frags=0 free_now=1195 sw_prod=86 hw_before(p=0 c=8) hw_after(p=1 c=80) first=0x06f06782 first_stat=0x00a26fc0 last=0x06f06782 last_stat=0x00a26fc0
[ 2954.071527] bcmgenet 12c00000.ethernet eth0: tc7200u tx submit ring=0 q=0 len=98 frags=0 free_now=1194 sw_prod=87 hw_before(p=0 c=8) hw_after(p=1 c=96) first=0x06f06f02 first_stat=0x00a26fc0 last=0x06f06f02 last_stat=0x00a26fc0
[ 2955.279378] bcmgenet 12c00000.ethernet eth0: tc7200u tx submit ring=0 q=0 len=98 frags=0 free_now=1193 sw_prod=88 hw_before(p=0 c=8) hw_after(p=1 c=112) first=0x06f06c82 first_stat=0x00a26fc0 last=0x06f06c82 last_stat=0x00a26fc0
[ 2956.481931] bcmgenet 12c00000.ethernet eth0: tc7200u tx submit ring=0 q=0 len=98 frags=0 free_now=1192 sw_prod=89 hw_before(p=0 c=8) hw_after(p=1 c=128) first=0x06f81b82 first_stat=0x00a26fc0 last=0x06f81b82 last_stat=0x00a26fc0
[ 2957.708901] bcmgenet 12c00000.ethernet eth0: tc7200u tx submit ring=0 q=0 len=98 frags=0 free_now=1191 sw_prod=90 hw_before(p=0 c=8) hw_after(p=1 c=144) first=0x06f80a02 first_stat=0x00a26fc0 last=0x06f80a02 last_stat=0x00a26fc0
[ 2958.910058] bcmgenet 12c00000.ethernet eth0: tc7200u tx submit ring=0 q=0 len=98 frags=0 free_now=1190 sw_prod=91 hw_before(p=0 c=8) hw_after(p=1 c=160) first=0x06f80f02 first_stat=0x00a26fc0 last=0x06f80f02 last_stat=0x00a26fc0
[ 2960.138591] bcmgenet 12c00000.ethernet eth0: tc7200u tx submit ring=0 q=0 len=98 frags=0 free_now=1189 sw_prod=92 hw_before(p=0 c=8) hw_after(p=1 c=176) first=0x06f80782 first_stat=0x00a26fc0 last=0x06f80782 last_stat=0x00a26fc0
[ 2961.358364] bcmgenet 12c00000.ethernet eth0: tc7200u tx submit ring=0 q=0 len=98 frags=0 free_now=1188 sw_prod=93 hw_before(p=0 c=8) hw_after(p=1 c=192) first=0x06f80282 first_stat=0x00a26fc0 last=0x06f80282 last_stat=0x00a26fc0
[ 2962.568718] bcmgenet 12c00000.ethernet eth0: tc7200u tx submit ring=0 q=0 len=98 frags=0 free_now=1187 sw_prod=94 hw_before(p=0 c=8) hw_after(p=1 c=208) first=0x06f80c82 first_stat=0x00a26fc0 last=0x06f80c82 last_stat=0x00a26fc0
[ 2963.728153] bcmgenet 12c00000.ethernet eth0: tc7200u tx submit ring=0 q=0 len=98 frags=0 free_now=1186 sw_prod=95 hw_before(p=0 c=8) hw_after(p=1 c=224) first=0x06f81182 first_stat=0x00a26fc0 last=0x06f81182 last_stat=0x00a26fc0
[ 2964.889106] bcmgenet 12c00000.ethernet eth0: tc7200u tx submit ring=0 q=0 len=98 frags=0 free_now=1185 sw_prod=96 hw_before(p=0 c=8) hw_after(p=1 c=240) first=0x06f81402 first_stat=0x00a26fc0 last=0x06f81402 last_stat=0x00a26fc0
[ 2966.090126] bcmgenet 12c00000.ethernet eth0: tc7200u tx submit ring=0 q=0 len=98 frags=0 free_now=1184 sw_prod=97 hw_before(p=0 c=8) hw_after(p=1 c=0) first=0x06f81902 first_stat=0x00a26fc0 last=0x06f81902 last_stat=0x00a26fc0
[ 2967.298787] bcmgenet 12c00000.ethernet eth0: tc7200u tx submit ring=0 q=0 len=98 frags=0 free_now=1183 sw_prod=98 hw_before(p=0 c=8) hw_after(p=1 c=16) first=0x06f80002 first_stat=0x00a26fc0 last=0x06f80002 last_stat=0x00a26fc0
[ 2968.507062] bcmgenet 12c00000.ethernet eth0: tc7200u tx submit ring=0 q=0 len=98 frags=0 free_now=1182 sw_prod=99 hw_before(p=0 c=8) hw_after(p=1 c=32) first=0x06f81682 first_stat=0x00a26fc0 last=0x06f81682 last_stat=0x00a26fc0
[ 2969.718435] bcmgenet 12c00000.ethernet eth0: tc7200u tx submit ring=0 q=0 len=98 frags=0 free_now=1181 sw_prod=100 hw_before(p=0 c=8) hw_after(p=1 c=48) first=0x06f6b682 first_stat=0x00a26fc0 last=0x06f6b682 last_stat=0x00a26fc0
[ 2970.922496] bcmgenet 12c00000.ethernet eth0: tc7200u tx submit ring=0 q=0 len=98 frags=0 free_now=1180 sw_prod=101 hw_before(p=0 c=8) hw_after(p=1 c=64) first=0x06f6a002 first_stat=0x00a26fc0 last=0x06f6a002 last_stat=0x00a26fc0
[ 2972.095403] bcmgenet 12c00000.ethernet eth0: tc7200u tx submit ring=0 q=0 len=98 frags=0 free_now=1179 sw_prod=102 hw_before(p=0 c=8) hw_after(p=1 c=80) first=0x06f6a502 first_stat=0x00a26fc0 last=0x06f6a502 last_stat=0x00a26fc0
[ 2973.318495] bcmgenet 12c00000.ethernet eth0: tc7200u tx submit ring=0 q=0 len=98 frags=0 free_now=1178 sw_prod=103 hw_before(p=0 c=8) hw_after(p=1 c=96) first=0x06f6bb82 first_stat=0x00a26fc0 last=0x06f6bb82 last_stat=0x00a26fc0
[ 2974.518804] bcmgenet 12c00000.ethernet eth0: tc7200u tx submit ring=0 q=0 len=98 frags=0 free_now=1177 sw_prod=104 hw_before(p=0 c=8) hw_after(p=1 c=112) first=0x06f6af02 first_stat=0x00a26fc0 last=0x06f6af02 last_stat=0x00a26fc0
[ 2975.728576] bcmgenet 12c00000.ethernet eth0: tc7200u tx submit ring=0 q=0 len=98 frags=0 free_now=1176 sw_prod=105 hw_before(p=0 c=8) hw_after(p=1 c=128) first=0x06f6aa02 first_stat=0x00a26fc0 last=0x06f6aa02 last_stat=0x00a26fc0
[ 2976.938302] bcmgenet 12c00000.ethernet eth0: tc7200u tx submit ring=0 q=0 len=98 frags=0 free_now=1175 sw_prod=106 hw_before(p=0 c=8) hw_after(p=1 c=144) first=0x06f6a782 first_stat=0x00a26fc0 last=0x06f6a782 last_stat=0x00a26fc0
[ 2978.140317] bcmgenet 12c00000.ethernet eth0: tc7200u tx submit ring=0 q=0 len=98 frags=0 free_now=1174 sw_prod=107 hw_before(p=0 c=8) hw_after(p=1 c=160) first=0x06f6ac82 first_stat=0x00a26fc0 last=0x06f6ac82 last_stat=0x00a26fc0
[ 2979.359721] bcmgenet 12c00000.ethernet eth0: tc7200u tx submit ring=0 q=0 len=98 frags=0 free_now=1173 sw_prod=108 hw_before(p=0 c=8) hw_after(p=1 c=176) first=0x06f6a282 first_stat=0x00a26fc0 last=0x06f6a282 last_stat=0x00a26fc0
[ 2980.579251] bcmgenet 12c00000.ethernet eth0: tc7200u tx submit ring=0 q=0 len=98 frags=0 free_now=1172 sw_prod=109 hw_before(p=0 c=8) hw_after(p=1 c=192) first=0x06f6b182 first_stat=0x00a26fc0 last=0x06f6b182 last_stat=0x00a26fc0
[ 2981.789062] bcmgenet 12c00000.ethernet eth0: tc7200u tx submit ring=0 q=0 len=98 frags=0 free_now=1171 sw_prod=110 hw_before(p=0 c=8) hw_after(p=1 c=208) first=0x06f6b402 first_stat=0x00a26fc0 last=0x06f6b402 last_stat=0x00a26fc0
[ 2983.009276] bcmgenet 12c00000.ethernet eth0: tc7200u tx submit ring=0 q=0 len=98 frags=0 free_now=1170 sw_prod=111 hw_before(p=0 c=8) hw_after(p=1 c=224) first=0x06f6b902 first_stat=0x00a26fc0 last=0x06f6b902 last_stat=0x00a26fc0
[ 2984.219839] bcmgenet 12c00000.ethernet eth0: tc7200u tx submit ring=0 q=0 len=98 frags=0 free_now=1169 sw_prod=112 hw_before(p=0 c=8) hw_after(p=1 c=240) first=0x06f80502 first_stat=0x00a26fc0 last=0x06f80502 last_stat=0x00a26fc0
[ 2985.439870] bcmgenet 12c00000.ethernet eth0: tc7200u tx submit ring=0 q=0 len=98 frags=0 free_now=1168 sw_prod=113 hw_before(p=0 c=8) hw_after(p=1 c=0) first=0x06f79182 first_stat=0x00a26fc0 last=0x06f79182 last_stat=0x00a26fc0
[ 2986.669541] bcmgenet 12c00000.ethernet eth0: tc7200u tx submit ring=0 q=0 len=98 frags=0 free_now=1167 sw_prod=114 hw_before(p=0 c=8) hw_after(p=1 c=16) first=0x06f79402 first_stat=0x00a26fc0 last=0x06f79402 last_stat=0x00a26fc0
[ 2987.868656] bcmgenet 12c00000.ethernet eth0: tc7200u tx submit ring=0 q=0 len=98 frags=0 free_now=1166 sw_prod=115 hw_before(p=0 c=8) hw_after(p=1 c=32) first=0x06f79902 first_stat=0x00a26fc0 last=0x06f79902 last_stat=0x00a26fc0
[ 2989.088296] bcmgenet 12c00000.ethernet eth0: tc7200u tx submit ring=0 q=0 len=98 frags=0 free_now=1165 sw_prod=116 hw_before(p=0 c=8) hw_after(p=1 c=48) first=0x06f79682 first_stat=0x00a26fc0 last=0x06f79682 last_stat=0x00a26fc0
[ 2990.292395] bcmgenet 12c00000.ethernet eth0: tc7200u tx submit ring=0 q=0 len=98 frags=0 free_now=1164 sw_prod=117 hw_before(p=0 c=8) hw_after(p=1 c=64) first=0x06f78002 first_stat=0x00a26fc0 last=0x06f78002 last_stat=0x00a26fc0
[ 2991.528064] bcmgenet 12c00000.ethernet eth0: tc7200u tx submit ring=0 q=0 len=98 frags=0 free_now=1163 sw_prod=118 hw_before(p=0 c=8) hw_after(p=1 c=80) first=0x06f78502 first_stat=0x00a26fc0 last=0x06f78502 last_stat=0x00a26fc0
[ 2992.739735] bcmgenet 12c00000.ethernet eth0: tc7200u tx submit ring=0 q=0 len=98 frags=0 free_now=1162 sw_prod=119 hw_before(p=0 c=8) hw_after(p=1 c=96) first=0x06f79b82 first_stat=0x00a26fc0 last=0x06f79b82 last_stat=0x00a26fc0
[ 2993.949588] bcmgenet 12c00000.ethernet eth0: tc7200u tx submit ring=0 q=0 len=98 frags=0 free_now=1161 sw_prod=120 hw_before(p=0 c=8) hw_after(p=1 c=112) first=0x06f78a02 first_stat=0x00a26fc0 last=0x06f78a02 last_stat=0x00a26fc0
[ 2995.176924] bcmgenet 12c00000.ethernet eth0: tc7200u tx submit ring=0 q=0 len=98 frags=0 free_now=1160 sw_prod=121 hw_before(p=0 c=8) hw_after(p=1 c=128) first=0x06f78f02 first_stat=0x00a26fc0 last=0x06f78f02 last_stat=0x00a26fc0
[ 2996.385101] bcmgenet 12c00000.ethernet eth0: tc7200u tx submit ring=0 q=0 len=98 frags=0 free_now=1159 sw_prod=122 hw_before(p=0 c=8) hw_after(p=1 c=144) first=0x06f78782 first_stat=0x00a26fc0 last=0x06f78782 last_stat=0x00a26fc0
[ 2997.595101] bcmgenet 12c00000.ethernet eth0: tc7200u tx submit ring=0 q=0 len=98 frags=0 free_now=1158 sw_prod=123 hw_before(p=0 c=8) hw_after(p=1 c=160) first=0x06f78c82 first_stat=0x00a26fc0 last=0x06f78c82 last_stat=0x00a26fc0
[ 2998.805439] bcmgenet 12c00000.ethernet eth0: tc7200u tx submit ring=0 q=0 len=98 frags=0 free_now=1157 sw_prod=124 hw_before(p=0 c=8) hw_after(p=1 c=176) first=0x06f59182 first_stat=0x00a26fc0 last=0x06f59182 last_stat=0x00a26fc0
[ 3000.018260] bcmgenet 12c00000.ethernet eth0: tc7200u tx submit ring=0 q=0 len=98 frags=0 free_now=1156 sw_prod=125 hw_before(p=0 c=8) hw_after(p=1 c=192) first=0x06f59402 first_stat=0x00a26fc0 last=0x06f59402 last_stat=0x00a26fc0
[ 3001.178738] bcmgenet 12c00000.ethernet eth0: tc7200u tx submit ring=0 q=0 len=98 frags=0 free_now=1155 sw_prod=126 hw_before(p=0 c=8) hw_after(p=1 c=208) first=0x06f59902 first_stat=0x00a26fc0 last=0x06f59902 last_stat=0x00a26fc0
[ 3002.338674] bcmgenet 12c00000.ethernet eth0: tc7200u tx submit ring=0 q=0 len=98 frags=0 free_now=1154 sw_prod=127 hw_before(p=0 c=8) hw_after(p=1 c=224) first=0x06f59682 first_stat=0x00a26fc0 last=0x06f59682 last_stat=0x00a26fc0
[ 3003.559453] bcmgenet 12c00000.ethernet eth0: tc7200u tx submit ring=0 q=0 len=98 frags=0 free_now=1153 sw_prod=128 hw_before(p=0 c=8) hw_after(p=1 c=240) first=0x06f58002 first_stat=0x00a26fc0 last=0x06f58002 last_stat=0x00a26fc0
[ 3004.770529] bcmgenet 12c00000.ethernet eth0: tc7200u tx submit ring=0 q=0 len=98 frags=0 free_now=1152 sw_prod=129 hw_before(p=0 c=8) hw_after(p=1 c=0) first=0x06f59b82 first_stat=0x00a26fc0 last=0x06f59b82 last_stat=0x00a26fc0
[ 3005.990212] bcmgenet 12c00000.ethernet eth0: tc7200u tx submit ring=0 q=0 len=98 frags=0 free_now=1151 sw_prod=130 hw_before(p=0 c=8) hw_after(p=1 c=16) first=0x06f58a02 first_stat=0x00a26fc0 last=0x06f58a02 last_stat=0x00a26fc0
[ 3007.228756] bcmgenet 12c00000.ethernet eth0: tc7200u tx submit ring=0 q=0 len=98 frags=0 free_now=1150 sw_prod=131 hw_before(p=0 c=8) hw_after(p=1 c=32) first=0x06f58502 first_stat=0x00a26fc0 last=0x06f58502 last_stat=0x00a26fc0
[ 3008.389962] bcmgenet 12c00000.ethernet eth0: tc7200u tx submit ring=0 q=0 len=98 frags=0 free_now=1149 sw_prod=132 hw_before(p=0 c=8) hw_after(p=1 c=48) first=0x06f58f02 first_stat=0x00a26fc0 last=0x06f58f02 last_stat=0x00a26fc0
[ 3009.550389] bcmgenet 12c00000.ethernet eth0: tc7200u tx submit ring=0 q=0 len=98 frags=0 free_now=1148 sw_prod=133 hw_before(p=0 c=8) hw_after(p=1 c=64) first=0x06f58782 first_stat=0x00a26fc0 last=0x06f58782 last_stat=0x00a26fc0
[ 3010.761717] bcmgenet 12c00000.ethernet eth0: tc7200u tx submit ring=0 q=0 len=98 frags=0 free_now=1147 sw_prod=134 hw_before(p=0 c=8) hw_after(p=1 c=80) first=0x06f58c82 first_stat=0x00a26fc0 last=0x06f58c82 last_stat=0x00a26fc0
[ 3011.998443] bcmgenet 12c00000.ethernet eth0: tc7200u tx submit ring=0 q=0 len=98 frags=0 free_now=1146 sw_prod=135 hw_before(p=0 c=8) hw_after(p=1 c=96) first=0x06f78282 first_stat=0x00a26fc0 last=0x06f78282 last_stat=0x00a26fc0
[ 3013.197217] bcmgenet 12c00000.ethernet eth0: tc7200u tx submit ring=0 q=0 len=98 frags=0 free_now=1145 sw_prod=136 hw_before(p=0 c=8) hw_after(p=1 c=112) first=0x06f58282 first_stat=0x00a26fc0 last=0x06f58282 last_stat=0x00a26fc0
[ 3014.409926] bcmgenet 12c00000.ethernet eth0: tc7200u tx submit ring=0 q=0 len=98 frags=0 free_now=1144 sw_prod=137 hw_before(p=0 c=8) hw_after(p=1 c=128) first=0x06f6ea02 first_stat=0x00a26fc0 last=0x06f6ea02 last_stat=0x00a26fc0
[ 3015.628521] bcmgenet 12c00000.ethernet eth0: tc7200u tx submit ring=0 q=0 len=98 frags=0 free_now=1143 sw_prod=138 hw_before(p=0 c=8) hw_after(p=1 c=144) first=0x06f6ef02 first_stat=0x00a26fc0 last=0x06f6ef02 last_stat=0x00a26fc0
[ 3016.830043] bcmgenet 12c00000.ethernet eth0: tc7200u tx submit ring=0 q=0 len=98 frags=0 free_now=1142 sw_prod=139 hw_before(p=0 c=8) hw_after(p=1 c=160) first=0x06f6e782 first_stat=0x00a26fc0 last=0x06f6e782 last_stat=0x00a26fc0
[ 3018.049988] bcmgenet 12c00000.ethernet eth0: tc7200u tx submit ring=0 q=0 len=98 frags=0 free_now=1141 sw_prod=140 hw_before(p=0 c=8) hw_after(p=1 c=176) first=0x06f6ec82 first_stat=0x00a26fc0 last=0x06f6ec82 last_stat=0x00a26fc0
[ 3019.278393] bcmgenet 12c00000.ethernet eth0: tc7200u tx submit ring=0 q=0 len=98 frags=0 free_now=1140 sw_prod=141 hw_before(p=0 c=8) hw_after(p=1 c=192) first=0x06f6e282 first_stat=0x00a26fc0 last=0x06f6e282 last_stat=0x00a26fc0
[ 3020.497901] bcmgenet 12c00000.ethernet eth0: tc7200u tx submit ring=0 q=0 len=98 frags=0 free_now=1139 sw_prod=142 hw_before(p=0 c=8) hw_after(p=1 c=208) first=0x06f6f182 first_stat=0x00a26fc0 last=0x06f6f182 last_stat=0x00a26fc0
[ 3021.714967] bcmgenet 12c00000.ethernet eth0: tc7200u tx submit ring=0 q=0 len=98 frags=0 free_now=1138 sw_prod=143 hw_before(p=0 c=8) hw_after(p=1 c=224) first=0x06f6f402 first_stat=0x00a26fc0 last=0x06f6f402 last_stat=0x00a26fc0
[ 3022.920982] bcmgenet 12c00000.ethernet eth0: tc7200u tx submit ring=0 q=0 len=98 frags=0 free_now=1137 sw_prod=144 hw_before(p=0 c=8) hw_after(p=1 c=240) first=0x06f6f902 first_stat=0x00a26fc0 last=0x06f6f902 last_stat=0x00a26fc0
[ 3024.130355] bcmgenet 12c00000.ethernet eth0: tc7200u tx submit ring=0 q=0 len=98 frags=0 free_now=1136 sw_prod=145 hw_before(p=0 c=8) hw_after(p=1 c=0) first=0x06f6f682 first_stat=0x00a26fc0 last=0x06f6f682 last_stat=0x00a26fc0
[ 3025.348557] bcmgenet 12c00000.ethernet eth0: tc7200u tx submit ring=0 q=0 len=98 frags=0 free_now=1135 sw_prod=146 hw_before(p=0 c=8) hw_after(p=1 c=16) first=0x06f6e002 first_stat=0x00a26fc0 last=0x06f6e002 last_stat=0x00a26fc0
[ 3026.572675] bcmgenet 12c00000.ethernet eth0: tc7200u tx submit ring=0 q=0 len=98 frags=0 free_now=1134 sw_prod=147 hw_before(p=0 c=8) hw_after(p=1 c=32) first=0x06f6e502 first_stat=0x00a26fc0 last=0x06f6e502 last_stat=0x00a26fc0
[ 3027.810136] bcmgenet 12c00000.ethernet eth0: tc7200u tx submit ring=0 q=0 len=98 frags=0 free_now=1133 sw_prod=148 hw_before(p=0 c=8) hw_after(p=1 c=48) first=0x06f6fb82 first_stat=0x00a26fc0 last=0x06f6fb82 last_stat=0x00a26fc0
[ 3029.019784] bcmgenet 12c00000.ethernet eth0: tc7200u tx submit ring=0 q=0 len=98 frags=0 free_now=1132 sw_prod=149 hw_before(p=0 c=8) hw_after(p=1 c=64) first=0x06f53182 first_stat=0x00a26fc0 last=0x06f53182 last_stat=0x00a26fc0
phase1 round 4/8
[ 3037.442423] bcmgenet 12c00000.ethernet eth0: tc7200u tx submit ring=0 q=0 len=98 frags=0 free_now=1131 sw_prod=150 hw_before(p=0 c=8) hw_after(p=1 c=80) first=0x06f53902 first_stat=0x00a26fc0 last=0x06f53902 last_stat=0x00a26fc0
[ 3038.617009] bcmgenet 12c00000.ethernet eth0: tc7200u tx submit ring=0 q=0 len=98 frags=0 free_now=1130 sw_prod=151 hw_before(p=0 c=8) hw_after(p=1 c=96) first=0x06f53402 first_stat=0x00a26fc0 last=0x06f53402 last_stat=0x00a26fc0
[ 3039.778738] bcmgenet 12c00000.ethernet eth0: tc7200u tx submit ring=0 q=0 len=98 frags=0 free_now=1129 sw_prod=152 hw_before(p=0 c=8) hw_after(p=1 c=112) first=0x06f53682 first_stat=0x00a26fc0 last=0x06f53682 last_stat=0x00a26fc0
[ 3040.999135] bcmgenet 12c00000.ethernet eth0: tc7200u tx submit ring=0 q=0 len=98 frags=0 free_now=1128 sw_prod=153 hw_before(p=0 c=8) hw_after(p=1 c=128) first=0x06f52002 first_stat=0x00a26fc0 last=0x06f52002 last_stat=0x00a26fc0
[ 3042.207918] bcmgenet 12c00000.ethernet eth0: tc7200u tx submit ring=0 q=0 len=98 frags=0 free_now=1127 sw_prod=154 hw_before(p=0 c=8) hw_after(p=1 c=144) first=0x06f53b82 first_stat=0x00a26fc0 last=0x06f53b82 last_stat=0x00a26fc0
[ 3043.419246] bcmgenet 12c00000.ethernet eth0: tc7200u tx submit ring=0 q=0 len=98 frags=0 free_now=1126 sw_prod=155 hw_before(p=0 c=8) hw_after(p=1 c=160) first=0x06f52502 first_stat=0x00a26fc0 last=0x06f52502 last_stat=0x00a26fc0
[ 3044.629263] bcmgenet 12c00000.ethernet eth0: tc7200u tx submit ring=0 q=0 len=98 frags=0 free_now=1125 sw_prod=156 hw_before(p=0 c=8) hw_after(p=1 c=176) first=0x06f52f02 first_stat=0x00a26fc0 last=0x06f52f02 last_stat=0x00a26fc0
[ 3045.838438] bcmgenet 12c00000.ethernet eth0: tc7200u tx submit ring=0 q=0 len=98 frags=0 free_now=1124 sw_prod=157 hw_before(p=0 c=8) hw_after(p=1 c=192) first=0x06f52a02 first_stat=0x00a26fc0 last=0x06f52a02 last_stat=0x00a26fc0
[ 3046.988963] bcmgenet 12c00000.ethernet eth0: tc7200u tx submit ring=0 q=0 len=98 frags=0 free_now=1123 sw_prod=158 hw_before(p=0 c=8) hw_after(p=1 c=208) first=0x06f52782 first_stat=0x00a26fc0 last=0x06f52782 last_stat=0x00a26fc0
[ 3048.196870] bcmgenet 12c00000.ethernet eth0: tc7200u tx submit ring=0 q=0 len=98 frags=0 free_now=1122 sw_prod=159 hw_before(p=0 c=8) hw_after(p=1 c=224) first=0x06f52c82 first_stat=0x00a26fc0 last=0x06f52c82 last_stat=0x00a26fc0
[ 3049.400829] bcmgenet 12c00000.ethernet eth0: tc7200u tx submit ring=0 q=0 len=98 frags=0 free_now=1121 sw_prod=160 hw_before(p=0 c=8) hw_after(p=1 c=240) first=0x06f84f02 first_stat=0x00a26fc0 last=0x06f84f02 last_stat=0x00a26fc0
[ 3050.624950] bcmgenet 12c00000.ethernet eth0: tc7200u tx submit ring=0 q=0 len=98 frags=0 free_now=1120 sw_prod=161 hw_before(p=0 c=8) hw_after(p=1 c=0) first=0x06f84782 first_stat=0x00a26fc0 last=0x06f84782 last_stat=0x00a26fc0
[ 3051.829096] bcmgenet 12c00000.ethernet eth0: tc7200u tx submit ring=0 q=0 len=98 frags=0 free_now=1119 sw_prod=162 hw_before(p=0 c=8) hw_after(p=1 c=16) first=0x06f84c82 first_stat=0x00a26fc0 last=0x06f84c82 last_stat=0x00a26fc0
[ 3053.039359] bcmgenet 12c00000.ethernet eth0: tc7200u tx submit ring=0 q=0 len=98 frags=0 free_now=1118 sw_prod=163 hw_before(p=0 c=8) hw_after(p=1 c=32) first=0x06f84282 first_stat=0x00a26fc0 last=0x06f84282 last_stat=0x00a26fc0
[ 3054.257084] bcmgenet 12c00000.ethernet eth0: tc7200u tx submit ring=0 q=0 len=98 frags=0 free_now=1117 sw_prod=164 hw_before(p=0 c=8) hw_after(p=1 c=48) first=0x06f85182 first_stat=0x00a26fc0 last=0x06f85182 last_stat=0x00a26fc0
[ 3055.476879] bcmgenet 12c00000.ethernet eth0: tc7200u tx submit ring=0 q=0 len=98 frags=0 free_now=1116 sw_prod=165 hw_before(p=0 c=8) hw_after(p=1 c=64) first=0x06f85402 first_stat=0x00a26fc0 last=0x06f85402 last_stat=0x00a26fc0
[ 3056.688650] bcmgenet 12c00000.ethernet eth0: tc7200u tx submit ring=0 q=0 len=98 frags=0 free_now=1115 sw_prod=166 hw_before(p=0 c=8) hw_after(p=1 c=80) first=0x06f85902 first_stat=0x00a26fc0 last=0x06f85902 last_stat=0x00a26fc0
[ 3057.898665] bcmgenet 12c00000.ethernet eth0: tc7200u tx submit ring=0 q=0 len=98 frags=0 free_now=1114 sw_prod=167 hw_before(p=0 c=8) hw_after(p=1 c=96) first=0x06f85682 first_stat=0x00a26fc0 last=0x06f85682 last_stat=0x00a26fc0
[ 3059.116922] bcmgenet 12c00000.ethernet eth0: tc7200u tx submit ring=0 q=0 len=98 frags=0 free_now=1113 sw_prod=168 hw_before(p=0 c=8) hw_after(p=1 c=112) first=0x06f84002 first_stat=0x00a26fc0 last=0x06f84002 last_stat=0x00a26fc0
[ 3060.326926] bcmgenet 12c00000.ethernet eth0: tc7200u tx submit ring=0 q=0 len=98 frags=0 free_now=1112 sw_prod=169 hw_before(p=0 c=8) hw_after(p=1 c=128) first=0x06f84502 first_stat=0x00a26fc0 last=0x06f84502 last_stat=0x00a26fc0
[ 3061.528662] bcmgenet 12c00000.ethernet eth0: tc7200u tx submit ring=0 q=0 len=98 frags=0 free_now=1111 sw_prod=170 hw_before(p=0 c=8) hw_after(p=1 c=144) first=0x06f85b82 first_stat=0x00a26fc0 last=0x06f85b82 last_stat=0x00a26fc0
[ 3062.740545] bcmgenet 12c00000.ethernet eth0: tc7200u tx submit ring=0 q=0 len=98 frags=0 free_now=1110 sw_prod=171 hw_before(p=0 c=8) hw_after(p=1 c=160) first=0x06f84a02 first_stat=0x00a26fc0 last=0x06f84a02 last_stat=0x00a26fc0
[ 3063.955373] bcmgenet 12c00000.ethernet eth0: tc7200u tx submit ring=0 q=0 len=98 frags=0 free_now=1109 sw_prod=172 hw_before(p=0 c=8) hw_after(p=1 c=176) first=0x06f52282 first_stat=0x00a26fc0 last=0x06f52282 last_stat=0x00a26fc0
[ 3065.158501] bcmgenet 12c00000.ethernet eth0: tc7200u tx submit ring=0 q=0 len=98 frags=0 free_now=1108 sw_prod=173 hw_before(p=0 c=8) hw_after(p=1 c=192) first=0x06f6d402 first_stat=0x00a26fc0 last=0x06f6d402 last_stat=0x00a26fc0
[ 3066.379850] bcmgenet 12c00000.ethernet eth0: tc7200u tx submit ring=0 q=0 len=98 frags=0 free_now=1107 sw_prod=174 hw_before(p=0 c=8) hw_after(p=1 c=208) first=0x06f6d902 first_stat=0x00a26fc0 last=0x06f6d902 last_stat=0x00a26fc0
[ 3067.608706] bcmgenet 12c00000.ethernet eth0: tc7200u tx submit ring=0 q=0 len=98 frags=0 free_now=1106 sw_prod=175 hw_before(p=0 c=8) hw_after(p=1 c=224) first=0x06f6d682 first_stat=0x00a26fc0 last=0x06f6d682 last_stat=0x00a26fc0
[ 3068.829140] bcmgenet 12c00000.ethernet eth0: tc7200u tx submit ring=0 q=0 len=98 frags=0 free_now=1105 sw_prod=176 hw_before(p=0 c=8) hw_after(p=1 c=240) first=0x06f6c002 first_stat=0x00a26fc0 last=0x06f6c002 last_stat=0x00a26fc0
[ 3070.039244] bcmgenet 12c00000.ethernet eth0: tc7200u tx submit ring=0 q=0 len=98 frags=0 free_now=1104 sw_prod=177 hw_before(p=0 c=8) hw_after(p=1 c=0) first=0x06f6c502 first_stat=0x00a26fc0 last=0x06f6c502 last_stat=0x00a26fc0
[ 3071.239915] bcmgenet 12c00000.ethernet eth0: tc7200u tx submit ring=0 q=0 len=98 frags=0 free_now=1103 sw_prod=178 hw_before(p=0 c=8) hw_after(p=1 c=16) first=0x06f6db82 first_stat=0x00a26fc0 last=0x06f6db82 last_stat=0x00a26fc0
[ 3072.449853] bcmgenet 12c00000.ethernet eth0: tc7200u tx submit ring=0 q=0 len=98 frags=0 free_now=1102 sw_prod=179 hw_before(p=0 c=8) hw_after(p=1 c=32) first=0x06f6ca02 first_stat=0x00a26fc0 last=0x06f6ca02 last_stat=0x00a26fc0
[ 3073.659724] bcmgenet 12c00000.ethernet eth0: tc7200u tx submit ring=0 q=0 len=98 frags=0 free_now=1101 sw_prod=180 hw_before(p=0 c=8) hw_after(p=1 c=48) first=0x06f6c782 first_stat=0x00a26fc0 last=0x06f6c782 last_stat=0x00a26fc0
[ 3074.878471] bcmgenet 12c00000.ethernet eth0: tc7200u tx submit ring=0 q=0 len=98 frags=0 free_now=1100 sw_prod=181 hw_before(p=0 c=8) hw_after(p=1 c=64) first=0x06f6cf02 first_stat=0x00a26fc0 last=0x06f6cf02 last_stat=0x00a26fc0
[ 3076.048304] bcmgenet 12c00000.ethernet eth0: tc7200u tx submit ring=0 q=0 len=98 frags=0 free_now=1099 sw_prod=182 hw_before(p=0 c=8) hw_after(p=1 c=80) first=0x06f6cc82 first_stat=0x00a26fc0 last=0x06f6cc82 last_stat=0x00a26fc0
[ 3077.212238] bcmgenet 12c00000.ethernet eth0: tc7200u tx submit ring=0 q=0 len=98 frags=0 free_now=1098 sw_prod=183 hw_before(p=0 c=8) hw_after(p=1 c=96) first=0x06f6c282 first_stat=0x00a26fc0 last=0x06f6c282 last_stat=0x00a26fc0
[ 3078.438276] bcmgenet 12c00000.ethernet eth0: tc7200u tx submit ring=0 q=0 len=98 frags=0 free_now=1097 sw_prod=184 hw_before(p=0 c=8) hw_after(p=1 c=112) first=0x06f5f182 first_stat=0x00a26fc0 last=0x06f5f182 last_stat=0x00a26fc0
[ 3079.647980] bcmgenet 12c00000.ethernet eth0: tc7200u tx submit ring=0 q=0 len=98 frags=0 free_now=1096 sw_prod=185 hw_before(p=0 c=8) hw_after(p=1 c=128) first=0x06f5f402 first_stat=0x00a26fc0 last=0x06f5f402 last_stat=0x00a26fc0
[ 3080.849656] bcmgenet 12c00000.ethernet eth0: tc7200u tx submit ring=0 q=0 len=98 frags=0 free_now=1095 sw_prod=186 hw_before(p=0 c=8) hw_after(p=1 c=144) first=0x06f5f682 first_stat=0x00a26fc0 last=0x06f5f682 last_stat=0x00a26fc0
[ 3082.088822] bcmgenet 12c00000.ethernet eth0: tc7200u tx submit ring=0 q=0 len=98 frags=0 free_now=1094 sw_prod=187 hw_before(p=0 c=8) hw_after(p=1 c=160) first=0x06f5f902 first_stat=0x00a26fc0 last=0x06f5f902 last_stat=0x00a26fc0
[ 3083.260768] bcmgenet 12c00000.ethernet eth0: tc7200u tx submit ring=0 q=0 len=98 frags=0 free_now=1093 sw_prod=188 hw_before(p=0 c=8) hw_after(p=1 c=176) first=0x06f5e002 first_stat=0x00a26fc0 last=0x06f5e002 last_stat=0x00a26fc0
[ 3084.439793] bcmgenet 12c00000.ethernet eth0: tc7200u tx submit ring=0 q=0 len=98 frags=0 free_now=1092 sw_prod=189 hw_before(p=0 c=8) hw_after(p=1 c=192) first=0x06f5e502 first_stat=0x00a26fc0 last=0x06f5e502 last_stat=0x00a26fc0
[ 3085.648501] bcmgenet 12c00000.ethernet eth0: tc7200u tx submit ring=0 q=0 len=98 frags=0 free_now=1091 sw_prod=190 hw_before(p=0 c=8) hw_after(p=1 c=208) first=0x06f5fb82 first_stat=0x00a26fc0 last=0x06f5fb82 last_stat=0x00a26fc0
[ 3086.849665] bcmgenet 12c00000.ethernet eth0: tc7200u tx submit ring=0 q=0 len=98 frags=0 free_now=1090 sw_prod=191 hw_before(p=0 c=8) hw_after(p=1 c=224) first=0x06f5ef02 first_stat=0x00a26fc0 last=0x06f5ef02 last_stat=0x00a26fc0
[ 3088.079786] bcmgenet 12c00000.ethernet eth0: tc7200u tx submit ring=0 q=0 len=98 frags=0 free_now=1089 sw_prod=192 hw_before(p=0 c=8) hw_after(p=1 c=240) first=0x06f5ea02 first_stat=0x00a26fc0 last=0x06f5ea02 last_stat=0x00a26fc0
[ 3089.317090] bcmgenet 12c00000.ethernet eth0: tc7200u tx submit ring=0 q=0 len=98 frags=0 free_now=1088 sw_prod=193 hw_before(p=0 c=8) hw_after(p=1 c=0) first=0x06f5e782 first_stat=0x00a26fc0 last=0x06f5e782 last_stat=0x00a26fc0
[ 3090.519936] bcmgenet 12c00000.ethernet eth0: tc7200u tx submit ring=0 q=0 len=98 frags=0 free_now=1087 sw_prod=194 hw_before(p=0 c=8) hw_after(p=1 c=16) first=0x06f5ec82 first_stat=0x00a26fc0 last=0x06f5ec82 last_stat=0x00a26fc0
[ 3091.738937] bcmgenet 12c00000.ethernet eth0: tc7200u tx submit ring=0 q=0 len=98 frags=0 free_now=1086 sw_prod=195 hw_before(p=0 c=8) hw_after(p=1 c=32) first=0x06f5e282 first_stat=0x00a26fc0 last=0x06f5e282 last_stat=0x00a26fc0
[ 3092.951337] bcmgenet 12c00000.ethernet eth0: tc7200u tx submit ring=0 q=0 len=98 frags=0 free_now=1085 sw_prod=196 hw_before(p=0 c=8) hw_after(p=1 c=48) first=0x06f6d182 first_stat=0x00a26fc0 last=0x06f6d182 last_stat=0x00a26fc0
[ 3094.159844] bcmgenet 12c00000.ethernet eth0: tc7200u tx submit ring=0 q=0 len=98 frags=0 free_now=1084 sw_prod=197 hw_before(p=0 c=8) hw_after(p=1 c=64) first=0x06efa782 first_stat=0x00a26fc0 last=0x06efa782 last_stat=0x00a26fc0
[ 3095.379775] bcmgenet 12c00000.ethernet eth0: tc7200u tx submit ring=0 q=0 len=98 frags=0 free_now=1083 sw_prod=198 hw_before(p=0 c=8) hw_after(p=1 c=80) first=0x06efac82 first_stat=0x00a26fc0 last=0x06efac82 last_stat=0x00a26fc0
[ 3096.591781] bcmgenet 12c00000.ethernet eth0: tc7200u tx submit ring=0 q=0 len=98 frags=0 free_now=1082 sw_prod=199 hw_before(p=0 c=8) hw_after(p=1 c=96) first=0x06efa282 first_stat=0x00a26fc0 last=0x06efa282 last_stat=0x00a26fc0
[ 3097.808625] bcmgenet 12c00000.ethernet eth0: tc7200u tx submit ring=0 q=0 len=98 frags=0 free_now=1081 sw_prod=200 hw_before(p=0 c=8) hw_after(p=1 c=112) first=0x06efb182 first_stat=0x00a26fc0 last=0x06efb182 last_stat=0x00a26fc0
[ 3099.019536] bcmgenet 12c00000.ethernet eth0: tc7200u tx submit ring=0 q=0 len=98 frags=0 free_now=1080 sw_prod=201 hw_before(p=0 c=8) hw_after(p=1 c=128) first=0x06efb402 first_stat=0x00a26fc0 last=0x06efb402 last_stat=0x00a26fc0
[ 3100.238628] bcmgenet 12c00000.ethernet eth0: tc7200u tx submit ring=0 q=0 len=98 frags=0 free_now=1079 sw_prod=202 hw_before(p=0 c=8) hw_after(p=1 c=144) first=0x06efb902 first_stat=0x00a26fc0 last=0x06efb902 last_stat=0x00a26fc0
[ 3101.457340] bcmgenet 12c00000.ethernet eth0: tc7200u tx submit ring=0 q=0 len=98 frags=0 free_now=1078 sw_prod=203 hw_before(p=0 c=8) hw_after(p=1 c=160) first=0x06efb682 first_stat=0x00a26fc0 last=0x06efb682 last_stat=0x00a26fc0
[ 3102.680015] bcmgenet 12c00000.ethernet eth0: tc7200u tx submit ring=0 q=0 len=98 frags=0 free_now=1077 sw_prod=204 hw_before(p=0 c=8) hw_after(p=1 c=176) first=0x06efa002 first_stat=0x00a26fc0 last=0x06efa002 last_stat=0x00a26fc0
[ 3103.900282] bcmgenet 12c00000.ethernet eth0: tc7200u tx submit ring=0 q=0 len=98 frags=0 free_now=1076 sw_prod=205 hw_before(p=0 c=8) hw_after(p=1 c=192) first=0x06efa502 first_stat=0x00a26fc0 last=0x06efa502 last_stat=0x00a26fc0
[ 3105.117102] bcmgenet 12c00000.ethernet eth0: tc7200u tx submit ring=0 q=0 len=98 frags=0 free_now=1075 sw_prod=206 hw_before(p=0 c=8) hw_after(p=1 c=208) first=0x06efbb82 first_stat=0x00a26fc0 last=0x06efbb82 last_stat=0x00a26fc0
[ 3106.338952] bcmgenet 12c00000.ethernet eth0: tc7200u tx submit ring=0 q=0 len=98 frags=0 free_now=1074 sw_prod=207 hw_before(p=0 c=8) hw_after(p=1 c=224) first=0x06efaa02 first_stat=0x00a26fc0 last=0x06efaa02 last_stat=0x00a26fc0
[ 3107.539095] bcmgenet 12c00000.ethernet eth0: tc7200u tx submit ring=0 q=0 len=98 frags=0 free_now=1073 sw_prod=208 hw_before(p=0 c=8) hw_after(p=1 c=240) first=0x06efaf02 first_stat=0x00a26fc0 last=0x06efaf02 last_stat=0x00a26fc0
[ 3108.759058] bcmgenet 12c00000.ethernet eth0: tc7200u tx submit ring=0 q=0 len=98 frags=0 free_now=1072 sw_prod=209 hw_before(p=0 c=8) hw_after(p=1 c=0) first=0x06f4e282 first_stat=0x00a26fc0 last=0x06f4e282 last_stat=0x00a26fc0
[ 3109.968599] bcmgenet 12c00000.ethernet eth0: tc7200u tx submit ring=0 q=0 len=98 frags=0 free_now=1071 sw_prod=210 hw_before(p=0 c=8) hw_after(p=1 c=16) first=0x06f4f402 first_stat=0x00a26fc0 last=0x06f4f402 last_stat=0x00a26fc0
[ 3111.170599] bcmgenet 12c00000.ethernet eth0: tc7200u tx submit ring=0 q=0 len=98 frags=0 free_now=1070 sw_prod=211 hw_before(p=0 c=8) hw_after(p=1 c=32) first=0x06f4f182 first_stat=0x00a26fc0 last=0x06f4f182 last_stat=0x00a26fc0
[ 3112.335367] bcmgenet 12c00000.ethernet eth0: tc7200u tx submit ring=0 q=0 len=98 frags=0 free_now=1069 sw_prod=212 hw_before(p=0 c=8) hw_after(p=1 c=48) first=0x06f4f902 first_stat=0x00a26fc0 last=0x06f4f902 last_stat=0x00a26fc0
[ 3113.491319] bcmgenet 12c00000.ethernet eth0: tc7200u tx submit ring=0 q=0 len=98 frags=0 free_now=1068 sw_prod=213 hw_before(p=0 c=8) hw_after(p=1 c=64) first=0x06f4f682 first_stat=0x00a26fc0 last=0x06f4f682 last_stat=0x00a26fc0
[ 3114.718971] bcmgenet 12c00000.ethernet eth0: tc7200u tx submit ring=0 q=0 len=98 frags=0 free_now=1067 sw_prod=214 hw_before(p=0 c=8) hw_after(p=1 c=80) first=0x06f4e002 first_stat=0x00a26fc0 last=0x06f4e002 last_stat=0x00a26fc0
[ 3115.938721] bcmgenet 12c00000.ethernet eth0: tc7200u tx submit ring=0 q=0 len=98 frags=0 free_now=1066 sw_prod=215 hw_before(p=0 c=8) hw_after(p=1 c=96) first=0x06f4fb82 first_stat=0x00a26fc0 last=0x06f4fb82 last_stat=0x00a26fc0
[ 3117.138463] bcmgenet 12c00000.ethernet eth0: tc7200u tx submit ring=0 q=0 len=98 frags=0 free_now=1065 sw_prod=216 hw_before(p=0 c=8) hw_after(p=1 c=112) first=0x06f4e502 first_stat=0x00a26fc0 last=0x06f4e502 last_stat=0x00a26fc0
[ 3118.339023] bcmgenet 12c00000.ethernet eth0: tc7200u tx submit ring=0 q=0 len=98 frags=0 free_now=1064 sw_prod=217 hw_before(p=0 c=8) hw_after(p=1 c=128) first=0x06f4ef02 first_stat=0x00a26fc0 last=0x06f4ef02 last_stat=0x00a26fc0
[ 3119.528928] bcmgenet 12c00000.ethernet eth0: tc7200u tx submit ring=0 q=0 len=98 frags=0 free_now=1063 sw_prod=218 hw_before(p=0 c=8) hw_after(p=1 c=144) first=0x06f4ea02 first_stat=0x00a26fc0 last=0x06f4ea02 last_stat=0x00a26fc0
[ 3121.908497] bcmgenet 12c00000.ethernet eth0: NETDEV WATCHDOG: CPU: 0: transmit queue 0 timed out 2350 ms
[ 3123.937124] bcmgenet 12c00000.ethernet eth0: NETDEV WATCHDOG: CPU: 0: transmit queue 0 timed out 2010 ms
[ 3123.972506] bcmgenet 12c00000.ethernet eth0: tc7200u tx submit ring=0 q=0 len=98 frags=0 free_now=1065 sw_prod=219 hw_before(p=0 c=8) hw_after(p=1 c=160) first=0x06f4e782 first_stat=0x00a26fc0 last=0x06f4e782 last_stat=0x00a26fc0
[ 3124.010591] bcmgenet 12c00000.ethernet eth0: tc7200u tx submit ring=0 q=0 len=98 frags=0 free_now=1064 sw_prod=220 hw_before(p=0 c=8) hw_after(p=1 c=176) first=0x06f4ec82 first_stat=0x00a26fc0 last=0x06f4ec82 last_stat=0x00a26fc0
[ 3124.048636] bcmgenet 12c00000.ethernet eth0: tc7200u tx submit ring=0 q=0 len=98 frags=0 free_now=1063 sw_prod=221 hw_before(p=0 c=8) hw_after(p=1 c=192) first=0x06f70502 first_stat=0x00a26fc0 last=0x06f70502 last_stat=0x00a26fc0
[ 3126.867931] bcmgenet 12c00000.ethernet eth0: NETDEV WATCHDOG: CPU: 0: transmit queue 0 timed out 2790 ms
[ 3126.963067] bcmgenet 12c00000.ethernet eth0: tc7200u tx submit ring=0 q=0 len=98 frags=0 free_now=1312 sw_prod=225 hw_before(p=0 c=8) hw_after(p=1 c=0) first=0x06f70782 first_stat=0x00a26fc0 last=0x06f70782 last_stat=0x00a26fc0
[ 3127.806886] bcmgenet 12c00000.ethernet eth0: tc7200u tx submit ring=0 q=0 len=98 frags=0 free_now=1311 sw_prod=226 hw_before(p=0 c=8) hw_after(p=1 c=16) first=0x06f70502 first_stat=0x00a26fc0 last=0x06f70502 last_stat=0x00a26fc0
[ 3129.030606] bcmgenet 12c00000.ethernet eth0: tc7200u tx submit ring=0 q=0 len=98 frags=0 free_now=1310 sw_prod=227 hw_before(p=0 c=8) hw_after(p=1 c=32) first=0x06f70c82 first_stat=0x00a26fc0 last=0x06f70c82 last_stat=0x00a26fc0
[ 3130.238823] bcmgenet 12c00000.ethernet eth0: tc7200u tx submit ring=0 q=0 len=98 frags=0 free_now=1309 sw_prod=228 hw_before(p=0 c=8) hw_after(p=1 c=48) first=0x06f70282 first_stat=0x00a26fc0 last=0x06f70282 last_stat=0x00a26fc0
[ 3131.458642] bcmgenet 12c00000.ethernet eth0: tc7200u tx submit ring=0 q=0 len=98 frags=0 free_now=1308 sw_prod=229 hw_before(p=0 c=8) hw_after(p=1 c=64) first=0x06f71182 first_stat=0x00a26fc0 last=0x06f71182 last_stat=0x00a26fc0
[ 3132.669305] bcmgenet 12c00000.ethernet eth0: tc7200u tx submit ring=0 q=0 len=98 frags=0 free_now=1307 sw_prod=230 hw_before(p=0 c=8) hw_after(p=1 c=80) first=0x06f71402 first_stat=0x00a26fc0 last=0x06f71402 last_stat=0x00a26fc0
[ 3133.876826] bcmgenet 12c00000.ethernet eth0: tc7200u tx submit ring=0 q=0 len=98 frags=0 free_now=1306 sw_prod=231 hw_before(p=0 c=8) hw_after(p=1 c=96) first=0x06f71902 first_stat=0x00a26fc0 last=0x06f71902 last_stat=0x00a26fc0
[ 3135.099793] bcmgenet 12c00000.ethernet eth0: tc7200u tx submit ring=0 q=0 len=98 frags=0 free_now=1305 sw_prod=232 hw_before(p=0 c=8) hw_after(p=1 c=112) first=0x06f71682 first_stat=0x00a26fc0 last=0x06f71682 last_stat=0x00a26fc0
[ 3136.308939] bcmgenet 12c00000.ethernet eth0: tc7200u tx submit ring=0 q=0 len=98 frags=0 free_now=1304 sw_prod=233 hw_before(p=0 c=8) hw_after(p=1 c=128) first=0x06f70002 first_stat=0x00a26fc0 last=0x06f70002 last_stat=0x00a26fc0
[ 3137.527761] bcmgenet 12c00000.ethernet eth0: tc7200u tx submit ring=0 q=0 len=98 frags=0 free_now=1303 sw_prod=234 hw_before(p=0 c=8) hw_after(p=1 c=144) first=0x06f8ea02 first_stat=0x00a26fc0 last=0x06f8ea02 last_stat=0x00a26fc0
[ 3138.746776] bcmgenet 12c00000.ethernet eth0: tc7200u tx submit ring=0 q=0 len=98 frags=0 free_now=1302 sw_prod=235 hw_before(p=0 c=8) hw_after(p=1 c=160) first=0x06f8ef02 first_stat=0x00a26fc0 last=0x06f8ef02 last_stat=0x00a26fc0
[ 3139.957928] bcmgenet 12c00000.ethernet eth0: tc7200u tx submit ring=0 q=0 len=98 frags=0 free_now=1301 sw_prod=236 hw_before(p=0 c=8) hw_after(p=1 c=176) first=0x06f8e782 first_stat=0x00a26fc0 last=0x06f8e782 last_stat=0x00a26fc0
[ 3141.168372] bcmgenet 12c00000.ethernet eth0: tc7200u tx submit ring=0 q=0 len=98 frags=0 free_now=1300 sw_prod=237 hw_before(p=0 c=8) hw_after(p=1 c=192) first=0x06f8ec82 first_stat=0x00a26fc0 last=0x06f8ec82 last_stat=0x00a26fc0
[ 3142.370019] bcmgenet 12c00000.ethernet eth0: tc7200u tx submit ring=0 q=0 len=98 frags=0 free_now=1299 sw_prod=238 hw_before(p=0 c=8) hw_after(p=1 c=208) first=0x06f8e282 first_stat=0x00a26fc0 last=0x06f8e282 last_stat=0x00a26fc0
[ 3143.598402] bcmgenet 12c00000.ethernet eth0: tc7200u tx submit ring=0 q=0 len=98 frags=0 free_now=1298 sw_prod=239 hw_before(p=0 c=8) hw_after(p=1 c=224) first=0x06f8f182 first_stat=0x00a26fc0 last=0x06f8f182 last_stat=0x00a26fc0
[ 3144.808689] bcmgenet 12c00000.ethernet eth0: tc7200u tx submit ring=0 q=0 len=98 frags=0 free_now=1297 sw_prod=240 hw_before(p=0 c=8) hw_after(p=1 c=240) first=0x06f8f402 first_stat=0x00a26fc0 last=0x06f8f402 last_stat=0x00a26fc0
[ 3146.010193] bcmgenet 12c00000.ethernet eth0: tc7200u tx submit ring=0 q=0 len=98 frags=0 free_now=1296 sw_prod=241 hw_before(p=0 c=8) hw_after(p=1 c=0) first=0x06f8f902 first_stat=0x00a26fc0 last=0x06f8f902 last_stat=0x00a26fc0
[ 3147.229852] bcmgenet 12c00000.ethernet eth0: tc7200u tx submit ring=0 q=0 len=98 frags=0 free_now=1295 sw_prod=242 hw_before(p=0 c=8) hw_after(p=1 c=16) first=0x06f8f682 first_stat=0x00a26fc0 last=0x06f8f682 last_stat=0x00a26fc0
[ 3148.449903] bcmgenet 12c00000.ethernet eth0: tc7200u tx submit ring=0 q=0 len=98 frags=0 free_now=1294 sw_prod=243 hw_before(p=0 c=8) hw_after(p=1 c=32) first=0x06f8e002 first_stat=0x00a26fc0 last=0x06f8e002 last_stat=0x00a26fc0
[ 3149.615271] bcmgenet 12c00000.ethernet eth0: tc7200u tx submit ring=0 q=0 len=98 frags=0 free_now=1293 sw_prod=244 hw_before(p=0 c=8) hw_after(p=1 c=48) first=0x06f8fb82 first_stat=0x00a26fc0 last=0x06f8fb82 last_stat=0x00a26fc0
[ 3150.790122] bcmgenet 12c00000.ethernet eth0: tc7200u tx submit ring=0 q=0 len=98 frags=0 free_now=1292 sw_prod=245 hw_before(p=0 c=8) hw_after(p=1 c=64) first=0x06f8e502 first_stat=0x00a26fc0 last=0x06f8e502 last_stat=0x00a26fc0
[ 3152.010527] bcmgenet 12c00000.ethernet eth0: tc7200u tx submit ring=0 q=0 len=98 frags=0 free_now=1291 sw_prod=246 hw_before(p=0 c=8) hw_after(p=1 c=80) first=0x06f8db82 first_stat=0x00a26fc0 last=0x06f8db82 last_stat=0x00a26fc0
[ 3153.226867] bcmgenet 12c00000.ethernet eth0: tc7200u tx submit ring=0 q=0 len=98 frags=0 free_now=1290 sw_prod=247 hw_before(p=0 c=8) hw_after(p=1 c=96) first=0x06f8ca02 first_stat=0x00a26fc0 last=0x06f8ca02 last_stat=0x00a26fc0
[ 3154.420733] bcmgenet 12c00000.ethernet eth0: tc7200u tx submit ring=0 q=0 len=98 frags=0 free_now=1289 sw_prod=248 hw_before(p=0 c=8) hw_after(p=1 c=112) first=0x06f8cf02 first_stat=0x00a26fc0 last=0x06f8cf02 last_stat=0x00a26fc0
[ 3155.646741] bcmgenet 12c00000.ethernet eth0: tc7200u tx submit ring=0 q=0 len=98 frags=0 free_now=1288 sw_prod=249 hw_before(p=0 c=8) hw_after(p=1 c=128) first=0x06f8c282 first_stat=0x00a26fc0 last=0x06f8c282 last_stat=0x00a26fc0
[ 3156.865094] bcmgenet 12c00000.ethernet eth0: tc7200u tx submit ring=0 q=0 len=98 frags=0 free_now=1287 sw_prod=250 hw_before(p=0 c=8) hw_after(p=1 c=144) first=0x06f8c782 first_stat=0x00a26fc0 last=0x06f8c782 last_stat=0x00a26fc0
[ 3158.078898] bcmgenet 12c00000.ethernet eth0: tc7200u tx submit ring=0 q=0 len=98 frags=0 free_now=1286 sw_prod=251 hw_before(p=0 c=8) hw_after(p=1 c=160) first=0x06f8cc82 first_stat=0x00a26fc0 last=0x06f8cc82 last_stat=0x00a26fc0
[ 3159.241439] bcmgenet 12c00000.ethernet eth0: tc7200u tx submit ring=0 q=0 len=98 frags=0 free_now=1285 sw_prod=252 hw_before(p=0 c=8) hw_after(p=1 c=176) first=0x06f8d182 first_stat=0x00a26fc0 last=0x06f8d182 last_stat=0x00a26fc0
[ 3160.469811] bcmgenet 12c00000.ethernet eth0: tc7200u tx submit ring=0 q=0 len=98 frags=0 free_now=1284 sw_prod=253 hw_before(p=0 c=8) hw_after(p=1 c=192) first=0x06f8d902 first_stat=0x00a26fc0 last=0x06f8d902 last_stat=0x00a26fc0
[ 3161.678586] bcmgenet 12c00000.ethernet eth0: tc7200u tx submit ring=0 q=0 len=98 frags=0 free_now=1283 sw_prod=254 hw_before(p=0 c=8) hw_after(p=1 c=208) first=0x06f8c002 first_stat=0x00a26fc0 last=0x06f8c002 last_stat=0x00a26fc0
[ 3162.899980] bcmgenet 12c00000.ethernet eth0: tc7200u tx submit ring=0 q=0 len=98 frags=0 free_now=1282 sw_prod=255 hw_before(p=0 c=8) hw_after(p=1 c=224) first=0x06f8d402 first_stat=0x00a26fc0 last=0x06f8d402 last_stat=0x00a26fc0
[ 3164.129250] bcmgenet 12c00000.ethernet eth0: tc7200u tx submit ring=0 q=0 len=98 frags=0 free_now=1281 sw_prod=0 hw_before(p=0 c=8) hw_after(p=1 c=240) first=0x06f8d682 first_stat=0x00a26fc0 last=0x06f8d682 last_stat=0x00a26fc0
[ 3165.339371] bcmgenet 12c00000.ethernet eth0: tc7200u tx submit ring=0 q=0 len=98 frags=0 free_now=1280 sw_prod=1 hw_before(p=0 c=8) hw_after(p=1 c=0) first=0x06f8c502 first_stat=0x00a26fc0 last=0x06f8c502 last_stat=0x00a26fc0
[ 3166.547609] bcmgenet 12c00000.ethernet eth0: tc7200u tx submit ring=0 q=0 len=98 frags=0 free_now=1279 sw_prod=2 hw_before(p=0 c=8) hw_after(p=1 c=16) first=0x06f66282 first_stat=0x00a26fc0 last=0x06f66282 last_stat=0x00a26fc0
[ 3167.758514] bcmgenet 12c00000.ethernet eth0: tc7200u tx submit ring=0 q=0 len=98 frags=0 free_now=1278 sw_prod=3 hw_before(p=0 c=8) hw_after(p=1 c=32) first=0x06f67182 first_stat=0x00a26fc0 last=0x06f67182 last_stat=0x00a26fc0
[ 3168.980009] bcmgenet 12c00000.ethernet eth0: tc7200u tx submit ring=0 q=0 len=98 frags=0 free_now=1277 sw_prod=4 hw_before(p=0 c=8) hw_after(p=1 c=48) first=0x06f4ec82 first_stat=0x00a26fc0 last=0x06f4ec82 last_stat=0x00a26fc0
[ 3170.190791] bcmgenet 12c00000.ethernet eth0: tc7200u tx submit ring=0 q=0 len=98 frags=0 free_now=1276 sw_prod=5 hw_before(p=0 c=8) hw_after(p=1 c=64) first=0x06f4e782 first_stat=0x00a26fc0 last=0x06f4e782 last_stat=0x00a26fc0
[ 3171.418475] bcmgenet 12c00000.ethernet eth0: tc7200u tx submit ring=0 q=0 len=98 frags=0 free_now=1275 sw_prod=6 hw_before(p=0 c=8) hw_after(p=1 c=80) first=0x06f4ea02 first_stat=0x00a26fc0 last=0x06f4ea02 last_stat=0x00a26fc0
[ 3172.629860] bcmgenet 12c00000.ethernet eth0: tc7200u tx submit ring=0 q=0 len=98 frags=0 free_now=1274 sw_prod=7 hw_before(p=0 c=8) hw_after(p=1 c=96) first=0x06f4ef02 first_stat=0x00a26fc0 last=0x06f4ef02 last_stat=0x00a26fc0
[ 3173.839820] bcmgenet 12c00000.ethernet eth0: tc7200u tx submit ring=0 q=0 len=98 frags=0 free_now=1273 sw_prod=8 hw_before(p=0 c=8) hw_after(p=1 c=112) first=0x06f4e502 first_stat=0x00a26fc0 last=0x06f4e502 last_stat=0x00a26fc0
[ 3175.051582] bcmgenet 12c00000.ethernet eth0: tc7200u tx submit ring=0 q=0 len=98 frags=0 free_now=1272 sw_prod=9 hw_before(p=0 c=8) hw_after(p=1 c=128) first=0x06f4fb82 first_stat=0x00a26fc0 last=0x06f4fb82 last_stat=0x00a26fc0
[ 3176.288883] bcmgenet 12c00000.ethernet eth0: tc7200u tx submit ring=0 q=0 len=98 frags=0 free_now=1271 sw_prod=10 hw_before(p=0 c=8) hw_after(p=1 c=144) first=0x06f4e002 first_stat=0x00a26fc0 last=0x06f4e002 last_stat=0x00a26fc0
[ 3177.520631] bcmgenet 12c00000.ethernet eth0: tc7200u tx submit ring=0 q=0 len=98 frags=0 free_now=1270 sw_prod=11 hw_before(p=0 c=8) hw_after(p=1 c=160) first=0x06f4f682 first_stat=0x00a26fc0 last=0x06f4f682 last_stat=0x00a26fc0
[ 3178.737898] bcmgenet 12c00000.ethernet eth0: tc7200u tx submit ring=0 q=0 len=98 frags=0 free_now=1269 sw_prod=12 hw_before(p=0 c=8) hw_after(p=1 c=176) first=0x06f4f902 first_stat=0x00a26fc0 last=0x06f4f902 last_stat=0x00a26fc0
[ 3179.949556] bcmgenet 12c00000.ethernet eth0: tc7200u tx submit ring=0 q=0 len=98 frags=0 free_now=1268 sw_prod=13 hw_before(p=0 c=8) hw_after(p=1 c=192) first=0x06f4f182 first_stat=0x00a26fc0 last=0x06f4f182 last_stat=0x00a26fc0
[ 3181.165433] bcmgenet 12c00000.ethernet eth0: tc7200u tx submit ring=0 q=0 len=98 frags=0 free_now=1267 sw_prod=14 hw_before(p=0 c=8) hw_after(p=1 c=208) first=0x06f4f402 first_stat=0x00a26fc0 last=0x06f4f402 last_stat=0x00a26fc0
[ 3182.371981] bcmgenet 12c00000.ethernet eth0: tc7200u tx submit ring=0 q=0 len=98 frags=0 free_now=1266 sw_prod=15 hw_before(p=0 c=8) hw_after(p=1 c=224) first=0x06f4e282 first_stat=0x00a26fc0 last=0x06f4e282 last_stat=0x00a26fc0
[ 3183.601209] bcmgenet 12c00000.ethernet eth0: tc7200u tx submit ring=0 q=0 len=98 frags=0 free_now=1265 sw_prod=16 hw_before(p=0 c=8) hw_after(p=1 c=240) first=0x06efaf02 first_stat=0x00a26fc0 last=0x06efaf02 last_stat=0x00a26fc0
[ 3184.819639] bcmgenet 12c00000.ethernet eth0: tc7200u tx submit ring=0 q=0 len=98 frags=0 free_now=1264 sw_prod=17 hw_before(p=0 c=8) hw_after(p=1 c=0) first=0x06efbb82 first_stat=0x00a26fc0 last=0x06efbb82 last_stat=0x00a26fc0
[ 3186.038622] bcmgenet 12c00000.ethernet eth0: tc7200u tx submit ring=0 q=0 len=98 frags=0 free_now=1263 sw_prod=18 hw_before(p=0 c=8) hw_after(p=1 c=16) first=0x06efaa02 first_stat=0x00a26fc0 last=0x06efaa02 last_stat=0x00a26fc0
[ 3187.199892] bcmgenet 12c00000.ethernet eth0: tc7200u tx submit ring=0 q=0 len=98 frags=0 free_now=1262 sw_prod=19 hw_before(p=0 c=8) hw_after(p=1 c=32) first=0x06efa502 first_stat=0x00a26fc0 last=0x06efa502 last_stat=0x00a26fc0
[ 3188.409297] bcmgenet 12c00000.ethernet eth0: tc7200u tx submit ring=0 q=0 len=98 frags=0 free_now=1261 sw_prod=20 hw_before(p=0 c=8) hw_after(p=1 c=48) first=0x06efa002 first_stat=0x00a26fc0 last=0x06efa002 last_stat=0x00a26fc0
[ 3189.617034] bcmgenet 12c00000.ethernet eth0: tc7200u tx submit ring=0 q=0 len=98 frags=0 free_now=1260 sw_prod=21 hw_before(p=0 c=8) hw_after(p=1 c=64) first=0x06efb902 first_stat=0x00a26fc0 last=0x06efb902 last_stat=0x00a26fc0
[ 3190.837806] bcmgenet 12c00000.ethernet eth0: tc7200u tx submit ring=0 q=0 len=98 frags=0 free_now=1259 sw_prod=22 hw_before(p=0 c=8) hw_after(p=1 c=80) first=0x06efb682 first_stat=0x00a26fc0 last=0x06efb682 last_stat=0x00a26fc0
[ 3192.028539] bcmgenet 12c00000.ethernet eth0: tc7200u tx submit ring=0 q=0 len=98 frags=0 free_now=1258 sw_prod=23 hw_before(p=0 c=8) hw_after(p=1 c=96) first=0x06efb402 first_stat=0x00a26fc0 last=0x06efb402 last_stat=0x00a26fc0
[ 3193.239793] bcmgenet 12c00000.ethernet eth0: tc7200u tx submit ring=0 q=0 len=98 frags=0 free_now=1257 sw_prod=24 hw_before(p=0 c=8) hw_after(p=1 c=112) first=0x06efa282 first_stat=0x00a26fc0 last=0x06efa282 last_stat=0x00a26fc0
[ 3194.451910] bcmgenet 12c00000.ethernet eth0: tc7200u tx submit ring=0 q=0 len=98 frags=0 free_now=1256 sw_prod=25 hw_before(p=0 c=8) hw_after(p=1 c=128) first=0x06efb182 first_stat=0x00a26fc0 last=0x06efb182 last_stat=0x00a26fc0
[ 3195.619832] bcmgenet 12c00000.ethernet eth0: tc7200u tx submit ring=0 q=0 len=98 frags=0 free_now=1255 sw_prod=26 hw_before(p=0 c=8) hw_after(p=1 c=144) first=0x06efac82 first_stat=0x00a26fc0 last=0x06efac82 last_stat=0x00a26fc0
[ 3196.796807] bcmgenet 12c00000.ethernet eth0: tc7200u tx submit ring=0 q=0 len=98 frags=0 free_now=1254 sw_prod=27 hw_before(p=0 c=8) hw_after(p=1 c=160) first=0x06f06c82 first_stat=0x00a26fc0 last=0x06f06c82 last_stat=0x00a26fc0
[ 3198.018879] bcmgenet 12c00000.ethernet eth0: tc7200u tx submit ring=0 q=0 len=98 frags=0 free_now=1253 sw_prod=28 hw_before(p=0 c=8) hw_after(p=1 c=176) first=0x06f06f02 first_stat=0x00a26fc0 last=0x06f06f02 last_stat=0x00a26fc0
[ 3199.219407] bcmgenet 12c00000.ethernet eth0: tc7200u tx submit ring=0 q=0 len=98 frags=0 free_now=1252 sw_prod=29 hw_before(p=0 c=8) hw_after(p=1 c=192) first=0x06f06a02 first_stat=0x00a26fc0 last=0x06f06a02 last_stat=0x00a26fc0
[ 3200.428767] bcmgenet 12c00000.ethernet eth0: tc7200u tx submit ring=0 q=0 len=98 frags=0 free_now=1251 sw_prod=30 hw_before(p=0 c=8) hw_after(p=1 c=208) first=0x06f06782 first_stat=0x00a26fc0 last=0x06f06782 last_stat=0x00a26fc0
[ 3201.639160] bcmgenet 12c00000.ethernet eth0: tc7200u tx submit ring=0 q=0 len=98 frags=0 free_now=1250 sw_prod=31 hw_before(p=0 c=8) hw_after(p=1 c=224) first=0x06f07b82 first_stat=0x00a26fc0 last=0x06f07b82 last_stat=0x00a26fc0
[ 3202.853927] bcmgenet 12c00000.ethernet eth0: tc7200u tx submit ring=0 q=0 len=98 frags=0 free_now=1249 sw_prod=32 hw_before(p=0 c=8) hw_after(p=1 c=240) first=0x06f06502 first_stat=0x00a26fc0 last=0x06f06502 last_stat=0x00a26fc0
[ 3204.089335] bcmgenet 12c00000.ethernet eth0: tc7200u tx submit ring=0 q=0 len=98 frags=0 free_now=1248 sw_prod=33 hw_before(p=0 c=8) hw_after(p=1 c=0) first=0x06f06002 first_stat=0x00a26fc0 last=0x06f06002 last_stat=0x00a26fc0
[ 3205.299077] bcmgenet 12c00000.ethernet eth0: tc7200u tx submit ring=0 q=0 len=98 frags=0 free_now=1247 sw_prod=34 hw_before(p=0 c=8) hw_after(p=1 c=16) first=0x06f07682 first_stat=0x00a26fc0 last=0x06f07682 last_stat=0x00a26fc0
[ 3206.527010] bcmgenet 12c00000.ethernet eth0: tc7200u tx submit ring=0 q=0 len=98 frags=0 free_now=1246 sw_prod=35 hw_before(p=0 c=8) hw_after(p=1 c=32) first=0x06f07902 first_stat=0x00a26fc0 last=0x06f07902 last_stat=0x00a26fc0
[ 3207.729745] bcmgenet 12c00000.ethernet eth0: tc7200u tx submit ring=0 q=0 len=98 frags=0 free_now=1245 sw_prod=36 hw_before(p=0 c=8) hw_after(p=1 c=48) first=0x06f07402 first_stat=0x00a26fc0 last=0x06f07402 last_stat=0x00a26fc0
[ 3208.948922] bcmgenet 12c00000.ethernet eth0: tc7200u tx submit ring=0 q=0 len=98 frags=0 free_now=1244 sw_prod=37 hw_before(p=0 c=8) hw_after(p=1 c=64) first=0x06f07182 first_stat=0x00a26fc0 last=0x06f07182 last_stat=0x00a26fc0
[ 3210.169250] bcmgenet 12c00000.ethernet eth0: tc7200u tx submit ring=0 q=0 len=98 frags=0 free_now=1243 sw_prod=38 hw_before(p=0 c=8) hw_after(p=1 c=80) first=0x06f06282 first_stat=0x00a26fc0 last=0x06f06282 last_stat=0x00a26fc0
[ 3211.379763] bcmgenet 12c00000.ethernet eth0: tc7200u tx submit ring=0 q=0 len=98 frags=0 free_now=1242 sw_prod=39 hw_before(p=0 c=8) hw_after(p=1 c=96) first=0x06efa782 first_stat=0x00a26fc0 last=0x06efa782 last_stat=0x00a26fc0
[ 3212.599550] bcmgenet 12c00000.ethernet eth0: tc7200u tx submit ring=0 q=0 len=98 frags=0 free_now=1241 sw_prod=40 hw_before(p=0 c=8) hw_after(p=1 c=112) first=0x06f8b902 first_stat=0x00a26fc0 last=0x06f8b902 last_stat=0x00a26fc0
[ 3213.808639] bcmgenet 12c00000.ethernet eth0: tc7200u tx submit ring=0 q=0 len=98 frags=0 free_now=1240 sw_prod=41 hw_before(p=0 c=8) hw_after(p=1 c=128) first=0x06f7d682 first_stat=0x00a26fc0 last=0x06f7d682 last_stat=0x00a26fc0
[ 3215.017726] bcmgenet 12c00000.ethernet eth0: tc7200u tx submit ring=0 q=0 len=98 frags=0 free_now=1239 sw_prod=42 hw_before(p=0 c=8) hw_after(p=1 c=144) first=0x06f7db82 first_stat=0x00a26fc0 last=0x06f7db82 last_stat=0x00a26fc0
[ 3216.220241] bcmgenet 12c00000.ethernet eth0: tc7200u tx submit ring=0 q=0 len=98 frags=0 free_now=1238 sw_prod=43 hw_before(p=0 c=8) hw_after(p=1 c=160) first=0x06f7c002 first_stat=0x00a26fc0 last=0x06f7c002 last_stat=0x00a26fc0
[ 3217.446999] bcmgenet 12c00000.ethernet eth0: tc7200u tx submit ring=0 q=0 len=98 frags=0 free_now=1237 sw_prod=44 hw_before(p=0 c=8) hw_after(p=1 c=176) first=0x06f7c502 first_stat=0x00a26fc0 last=0x06f7c502 last_stat=0x00a26fc0
[ 3218.659804] bcmgenet 12c00000.ethernet eth0: tc7200u tx submit ring=0 q=0 len=98 frags=0 free_now=1236 sw_prod=45 hw_before(p=0 c=8) hw_after(p=1 c=192) first=0x06f7ca02 first_stat=0x00a26fc0 last=0x06f7ca02 last_stat=0x00a26fc0
[ 3219.875291] bcmgenet 12c00000.ethernet eth0: tc7200u tx submit ring=0 q=0 len=98 frags=0 free_now=1235 sw_prod=46 hw_before(p=0 c=8) hw_after(p=1 c=208) first=0x06f7c782 first_stat=0x00a26fc0 last=0x06f7c782 last_stat=0x00a26fc0
[ 3221.080606] bcmgenet 12c00000.ethernet eth0: tc7200u tx submit ring=0 q=0 len=98 frags=0 free_now=1234 sw_prod=47 hw_before(p=0 c=8) hw_after(p=1 c=224) first=0x06f7cc82 first_stat=0x00a26fc0 last=0x06f7cc82 last_stat=0x00a26fc0
[ 3222.280161] bcmgenet 12c00000.ethernet eth0: tc7200u tx submit ring=0 q=0 len=98 frags=0 free_now=1233 sw_prod=48 hw_before(p=0 c=8) hw_after(p=1 c=240) first=0x06f7cf02 first_stat=0x00a26fc0 last=0x06f7cf02 last_stat=0x00a26fc0
[ 3223.440204] bcmgenet 12c00000.ethernet eth0: tc7200u tx submit ring=0 q=0 len=98 frags=0 free_now=1232 sw_prod=49 hw_before(p=0 c=8) hw_after(p=1 c=0) first=0x06f7d182 first_stat=0x00a26fc0 last=0x06f7d182 last_stat=0x00a26fc0
^C
phase1 round 5/8
[ 3231.028688] bcmgenet 12c00000.ethernet eth0: tc7200u tx submit ring=0 q=0 len=98 frags=0 free_now=1231 sw_prod=50 hw_before(p=0 c=8) hw_after(p=1 c=16) first=0x06f7d402 first_stat=0x00a26fc0 last=0x06f7d402 last_stat=0x00a26fc0
[ 3232.238609] bcmgenet 12c00000.ethernet eth0: tc7200u tx submit ring=0 q=0 len=98 frags=0 free_now=1230 sw_prod=51 hw_before(p=0 c=8) hw_after(p=1 c=32) first=0x06f7c282 first_stat=0x00a26fc0 last=0x06f7c282 last_stat=0x00a26fc0
[ 3233.410453] bcmgenet 12c00000.ethernet eth0: tc7200u tx submit ring=0 q=0 len=98 frags=0 free_now=1229 sw_prod=52 hw_before(p=0 c=8) hw_after(p=1 c=48) first=0x06f7d902 first_stat=0x00a26fc0 last=0x06f7d902 last_stat=0x00a26fc0
[ 3234.569900] bcmgenet 12c00000.ethernet eth0: tc7200u tx submit ring=0 q=0 len=98 frags=0 free_now=1228 sw_prod=53 hw_before(p=0 c=8) hw_after(p=1 c=64) first=0x06f7f682 first_stat=0x00a26fc0 last=0x06f7f682 last_stat=0x00a26fc0
[ 3235.789972] bcmgenet 12c00000.ethernet eth0: tc7200u tx submit ring=0 q=0 len=98 frags=0 free_now=1227 sw_prod=54 hw_before(p=0 c=8) hw_after(p=1 c=80) first=0x06f7e502 first_stat=0x00a26fc0 last=0x06f7e502 last_stat=0x00a26fc0
[ 3237.009765] bcmgenet 12c00000.ethernet eth0: tc7200u tx submit ring=0 q=0 len=98 frags=0 free_now=1226 sw_prod=55 hw_before(p=0 c=8) hw_after(p=1 c=96) first=0x06f7fb82 first_stat=0x00a26fc0 last=0x06f7fb82 last_stat=0x00a26fc0
[ 3238.228614] bcmgenet 12c00000.ethernet eth0: tc7200u tx submit ring=0 q=0 len=98 frags=0 free_now=1225 sw_prod=56 hw_before(p=0 c=8) hw_after(p=1 c=112) first=0x06f7f902 first_stat=0x00a26fc0 last=0x06f7f902 last_stat=0x00a26fc0
[ 3239.438590] bcmgenet 12c00000.ethernet eth0: tc7200u tx submit ring=0 q=0 len=98 frags=0 free_now=1224 sw_prod=57 hw_before(p=0 c=8) hw_after(p=1 c=128) first=0x06f7e002 first_stat=0x00a26fc0 last=0x06f7e002 last_stat=0x00a26fc0
[ 3240.639887] bcmgenet 12c00000.ethernet eth0: tc7200u tx submit ring=0 q=0 len=98 frags=0 free_now=1223 sw_prod=58 hw_before(p=0 c=8) hw_after(p=1 c=144) first=0x06f7ea02 first_stat=0x00a26fc0 last=0x06f7ea02 last_stat=0x00a26fc0
[ 3241.849951] bcmgenet 12c00000.ethernet eth0: tc7200u tx submit ring=0 q=0 len=98 frags=0 free_now=1222 sw_prod=59 hw_before(p=0 c=8) hw_after(p=1 c=160) first=0x06f7ef02 first_stat=0x00a26fc0 last=0x06f7ef02 last_stat=0x00a26fc0
[ 3243.090439] bcmgenet 12c00000.ethernet eth0: tc7200u tx submit ring=0 q=0 len=98 frags=0 free_now=1221 sw_prod=60 hw_before(p=0 c=8) hw_after(p=1 c=176) first=0x06f7ec82 first_stat=0x00a26fc0 last=0x06f7ec82 last_stat=0x00a26fc0
^Cphase1 round 6/8
[ 3250.917776] bcmgenet 12c00000.ethernet eth0: tc7200u tx submit ring=0 q=0 len=98 frags=0 free_now=1220 sw_prod=61 hw_before(p=0 c=8) hw_after(p=1 c=192) first=0x06f7e282 first_stat=0x00a26fc0 last=0x06f7e282 last_stat=0x00a26fc0
^Cphase1 round 7/8
^C
root@OpenWrt:~# 