WARNING: Makefile 'package/boot/arm-trusted-firmware-microchipsw/Makefile' has a build dependency on 'ruby/host', which does not exist
WARNING: Makefile 'package/utils/audit/Makefile' has a dependency on 'libev', which does not exist
WARNING: Makefile 'package/utils/busybox/Makefile' has a dependency on 'libpam', which does not exist
WARNING: Makefile 'package/utils/busybox/Makefile' has a dependency on 'libtirpc', which does not exist
WARNING: Makefile 'package/utils/busybox/Makefile' has a dependency on 'libpam', which does not exist
WARNING: Makefile 'package/utils/busybox/Makefile' has a dependency on 'libtirpc', which does not exist
WARNING: Makefile 'package/utils/busybox/Makefile' has a build dependency on 'libpam', which does not exist
WARNING: Makefile 'package/boot/kexec-tools/Makefile' has a dependency on 'liblzma', which does not exist
WARNING: Makefile 'package/boot/kexec-tools/Makefile' has a dependency on 'libzstd', which does not exist
WARNING: Makefile 'package/network/services/lldpd/Makefile' has a dependency on 'libnetsnmp', which does not exist
WARNING: Makefile 'package/utils/policycoreutils/Makefile' has a dependency on 'libpam', which does not exist
WARNING: Makefile 'package/utils/policycoreutils/Makefile' has a dependency on 'libpam', which does not exist
WARNING: Makefile 'package/utils/policycoreutils/Makefile' has a build dependency on 'libpam', which does not exist
make[2]: Entering directory '/home/mgta29/src/openwrt/scripts/config'
make[2]: 'conf' is up to date.
make[2]: Leaving directory '/home/mgta29/src/openwrt/scripts/config'
make[1]: Entering directory '/home/mgta29/src/openwrt'
+ mkdir -p /home/mgta29/src/openwrt/staging_dir/target-mips_mips32_musl
+ cd /home/mgta29/src/openwrt/staging_dir/target-mips_mips32_musl
+ mkdir -p bin lib stamp usr/include usr/lib
mkdir -p /home/mgta29/src/openwrt/build_dir/target-mips_mips32_musl/stamp
touch /home/mgta29/src/openwrt/staging_dir/target-mips_mips32_musl/.prepared
make[2]: Entering directory '/home/mgta29/src/openwrt/target/linux'
make[3]: Entering directory '/home/mgta29/src/openwrt/target/linux/bmips'
rm -rf /home/mgta29/src/openwrt/build_dir/target-mips_mips32_musl/linux-bmips_bcm63268
mkdir -p /home/mgta29/src/openwrt/build_dir/target-mips_mips32_musl/linux-bmips_bcm63268
xzcat /home/mgta29/src/openwrt/dl/linux-6.12.87.tar.xz | tar -C /home/mgta29/src/openwrt/build_dir/target-mips_mips32_musl/linux-bmips_bcm63268 -xf -
cp -fpR "/home/mgta29/src/openwrt/target/linux/generic/files"/. "/home/mgta29/src/openwrt/target/linux/bmips/files"/. /home/mgta29/src/openwrt/build_dir/target-mips_mips32_musl/linux-bmips_bcm63268/linux-6.12.87/
find /home/mgta29/src/openwrt/build_dir/target-mips_mips32_musl/linux-bmips_bcm63268/linux-6.12.87/ -name \*.rej -or -name \*.orig | xargs -r rm -f
if [ -d /home/mgta29/src/openwrt/target/linux/generic/patches ]; then echo "generic patches directory is present. please move your patches to the pending directory" ; exit 1; fi

Applying /home/mgta29/src/openwrt/target/linux/generic/backport-6.12/010-v6.19-nvmem-layouts-u-boot-env-add-optional-env-size-property.patch using plaintext: 
patching file Documentation/devicetree/bindings/nvmem/layouts/u-boot,env.yaml
patching file drivers/nvmem/layouts/u-boot-env.c

Applying /home/mgta29/src/openwrt/target/linux/generic/backport-6.12/152-v6.16-net-wireguard-add-nonstring-annotation-to-fix-build-with-GCC15.patch using plaintext: 
patching file drivers/net/wireguard/cookie.c
patching file drivers/net/wireguard/noise.c

Applying /home/mgta29/src/openwrt/target/linux/generic/backport-6.12/200-01-v6.13-jiffies-Define-secs_to_jiffies.patch using plaintext: 
patching file include/linux/jiffies.h
patching file net/bluetooth/hci_event.c

Applying /home/mgta29/src/openwrt/target/linux/generic/backport-6.12/200-02-v6.14-jiffies-Cast-to-unsigned-long-in-secs_to_jiffies-con.patch using plaintext: 
patching file include/linux/jiffies.h

Applying /home/mgta29/src/openwrt/target/linux/generic/backport-6.12/201-v6.13-of-property-add-of_graph_get_next_port.patch using plaintext: 
patching file drivers/of/property.c
patching file include/linux/of_graph.h

Applying /home/mgta29/src/openwrt/target/linux/generic/backport-6.12/202-v6.13-clk-Provide-devm_clk_bulk_get_all_enabled-helper.patch using plaintext: 
patching file drivers/clk/clk-devres.c
patching file include/linux/clk.h

Applying /home/mgta29/src/openwrt/target/linux/generic/backport-6.12/203-01-v6.13-of-address-Rework-bus-matching-to-avoid-warnings.patch using plaintext: 
patching file drivers/of/address.c

Applying /home/mgta29/src/openwrt/target/linux/generic/backport-6.12/203-02-v6.13-of-address-Fix-WARN-when-attempting-translating-non-.patch using plaintext: 
patching file drivers/of/address.c

Applying /home/mgta29/src/openwrt/target/linux/generic/backport-6.12/205-v6.16-of-reserved_mem-Add-functions-to-parse-memory-region.patch using plaintext: 
patching file drivers/of/of_reserved_mem.c
patching file include/linux/of_reserved_mem.h

Applying /home/mgta29/src/openwrt/target/linux/generic/backport-6.12/210-v6.13-fortify-Hide-run-time-copy-size-from-value-range-tracking.patch using plaintext: 
patching file include/linux/fortify-string.h

Applying /home/mgta29/src/openwrt/target/linux/generic/backport-6.12/211-01-v6.19-bitfield-Add-less-checking-__FIELD_-GET-PREP.patch using plaintext: 
patching file include/linux/bitfield.h

Applying /home/mgta29/src/openwrt/target/linux/generic/backport-6.12/211-02-v6.19-bitfield-Add-non-constant-field_-prep-get-helpers.patch using plaintext: 
patching file include/linux/bitfield.h

Applying /home/mgta29/src/openwrt/target/linux/generic/backport-6.12/212-v6.17-of-reserved_mem-Add-missing-IORESOURCE_MEM-flag-on-r.patch using plaintext: 
patching file drivers/of/of_reserved_mem.c

Applying /home/mgta29/src/openwrt/target/linux/generic/backport-6.12/400-v6.14-mtd-spinand-add-support-for-FORESEE-F35SQA001G.patch using plaintext: 
patching file drivers/mtd/nand/spi/foresee.c

Applying /home/mgta29/src/openwrt/target/linux/generic/backport-6.12/401-v6.17-mtd-spinand-add-support-for-FudanMicro-FM25S01A.patch using plaintext: 
patching file drivers/mtd/nand/spi/Makefile
patching file drivers/mtd/nand/spi/core.c
patching file drivers/mtd/nand/spi/fmsh.c
patching file include/linux/mtd/spinand.h

Applying /home/mgta29/src/openwrt/target/linux/generic/backport-6.12/402-v6.18-mtd-nand-move-chunk-to-core.patch using plaintext: 
patching file drivers/mtd/nand/core.c
patching file drivers/mtd/nand/raw/nand_base.c
patching file include/linux/mtd/nand.h
patching file include/linux/mtd/rawnand.h

Applying /home/mgta29/src/openwrt/target/linux/generic/backport-6.12/404-v6.19-mtd-spinand-fmsh-remove-QE-bit-for-FM25S01A-flash.patch using plaintext: 
patching file drivers/mtd/nand/spi/fmsh.c

Applying /home/mgta29/src/openwrt/target/linux/generic/backport-6.12/410-01-v6.14-mtd-rawnand-qcom-cleanup-qcom_nandc-driver.patch using plaintext: 
patching file drivers/mtd/nand/raw/qcom_nandc.c

Applying /home/mgta29/src/openwrt/target/linux/generic/backport-6.12/410-02-v6.14-mtd-rawnand-qcom-Add-qcom-prefix-to-common-api.patch using plaintext: 
patching file drivers/mtd/nand/raw/qcom_nandc.c

Applying /home/mgta29/src/openwrt/target/linux/generic/backport-6.12/410-03-v6.14-mtd-nand-Add-qpic_common-API-file.patch using plaintext: 
patching file drivers/mtd/nand/Makefile
patching file drivers/mtd/nand/qpic_common.c
patching file drivers/mtd/nand/raw/qcom_nandc.c
patching file include/linux/mtd/nand-qpic-common.h

Applying /home/mgta29/src/openwrt/target/linux/generic/backport-6.12/410-04-v6.14-mtd-rawnand-qcom-use-FIELD_PREP-and-GENMASK.patch using plaintext: 
patching file drivers/mtd/nand/raw/qcom_nandc.c
patching file include/linux/mtd/nand-qpic-common.h

Applying /home/mgta29/src/openwrt/target/linux/generic/backport-6.12/410-05-v6.14-mtd-rawnand-qcom-fix-broken-config-in-qcom_param_pag.patch using plaintext: 
patching file drivers/mtd/nand/raw/qcom_nandc.c

Applying /home/mgta29/src/openwrt/target/linux/generic/backport-6.12/410-06-v6.14-mtd-rawnand-qcom-Fix-build-issue-on-x86-architecture.patch using plaintext: 
patching file drivers/mtd/nand/qpic_common.c
patching file include/linux/mtd/nand-qpic-common.h

Applying /home/mgta29/src/openwrt/target/linux/generic/backport-6.12/410-07-v6.15-spi-spi-qpic-add-driver-for-QCOM-SPI-NAND-flash-Inte.patch using plaintext: 
patching file drivers/mtd/nand/Makefile
patching file drivers/spi/Kconfig
patching file drivers/spi/Makefile
patching file drivers/spi/spi-qpic-snand.c
patching file include/linux/mtd/nand-qpic-common.h

Applying /home/mgta29/src/openwrt/target/linux/generic/backport-6.12/410-08-v6.15-spi-spi-qpic-snand-Fix-ECC_CFG_ECC_DISABLE-shift-in-.patch using plaintext: 
patching file drivers/spi/spi-qpic-snand.c

Applying /home/mgta29/src/openwrt/target/linux/generic/backport-6.12/410-09-v6.15-spi-spi-qpic-snand-avoid-memleak-in-qcom_spi_ecc_ini.patch using plaintext: 
patching file drivers/spi/spi-qpic-snand.c

Applying /home/mgta29/src/openwrt/target/linux/generic/backport-6.12/410-10-v6.15-spi-SPI_QPIC_SNAND-should-be-tristate-and-depend-on-.patch using plaintext: 
patching file drivers/spi/Kconfig
patching file drivers/spi/spi-qpic-snand.c

Applying /home/mgta29/src/openwrt/target/linux/generic/backport-6.12/410-11-v6.15-spi-spi-qpic-snand-propagate-errors-from-qcom_spi_block_erase.patch using plaintext: 
patching file drivers/spi/spi-qpic-snand.c

Applying /home/mgta29/src/openwrt/target/linux/generic/backport-6.12/410-12-v6.15-spi-spi-qpic-snand-fix-NAND_READ_LOCATION_2-register-handling.patch using plaintext: 
patching file drivers/spi/spi-qpic-snand.c

Applying /home/mgta29/src/openwrt/target/linux/generic/backport-6.12/410-13-v6.15-spi-spi-qpic-snand-use-kmalloc-for-OOB-buffer-alloca.patch using plaintext: 
patching file drivers/spi/spi-qpic-snand.c

Applying /home/mgta29/src/openwrt/target/linux/generic/backport-6.12/410-14-v6.16-spi-spi-qpic-snand-remove-unused-wlen-member-of-struct-qpic_spi_nand.patch using plaintext: 
patching file drivers/spi/spi-qpic-snand.c

Applying /home/mgta29/src/openwrt/target/linux/generic/backport-6.12/411-v6.15-mtd-nand-Drop-explicit-test-for-built-in-CONFIG_SPI_.patch using plaintext: 
patching file drivers/mtd/nand/Makefile

Applying /home/mgta29/src/openwrt/target/linux/generic/backport-6.12/412-v6.16-next-spi-spi-qpic-snand-validate-user-chip-specific-ECC-properties.patch using plaintext: 
patching file drivers/spi/spi-qpic-snand.c

Applying /home/mgta29/src/openwrt/target/linux/generic/backport-6.12/413-v6.16-spi-spi-qpic-snand-use-CW_PER_PAGE_MASK-bitmask.patch using plaintext: 
patching file drivers/spi/spi-qpic-snand.c

Applying /home/mgta29/src/openwrt/target/linux/generic/backport-6.12/414-v6.16-spi-spi-qpic-snand-reallocate-BAM-transactions.patch using plaintext: 
patching file drivers/spi/spi-qpic-snand.c

Applying /home/mgta29/src/openwrt/target/linux/generic/backport-6.12/415-v6.16-spi-spi-qpic-snand-don-t-hardcode-ECC-steps.patch using plaintext: 
patching file drivers/spi/spi-qpic-snand.c

Applying /home/mgta29/src/openwrt/target/linux/generic/backport-6.12/416-v6.17-mtd-nand-qpic-common-add-defines-for-ECC_MODE-values.patch using plaintext: 
patching file drivers/mtd/nand/raw/qcom_nandc.c
patching file drivers/spi/spi-qpic-snand.c
patching file include/linux/mtd/nand-qpic-common.h

Applying /home/mgta29/src/openwrt/target/linux/generic/backport-6.12/417-v6.17-spi-spi-qpic-snand-add-support-for-8-bits-ECC-strength.patch using plaintext: 
patching file drivers/spi/spi-qpic-snand.c

Applying /home/mgta29/src/openwrt/target/linux/generic/backport-6.12/418-v6.17-spi-spi-qpic-snand-use-correct-CW_PER_PAGE-value-for.patch using plaintext: 
patching file drivers/spi/spi-qpic-snand.c

Applying /home/mgta29/src/openwrt/target/linux/generic/backport-6.12/419-v6.17-spi-spi-qpic-snand-fix-calculating-of-ECC-OOB-region.patch using plaintext: 
patching file drivers/spi/spi-qpic-snand.c

Applying /home/mgta29/src/openwrt/target/linux/generic/backport-6.12/420-01-v6.16-mtd-rawnand-brcmnand-remove-unused-parameters.patch using plaintext: 
patching file drivers/mtd/nand/raw/brcmnand/brcmnand.c

Applying /home/mgta29/src/openwrt/target/linux/generic/backport-6.12/420-02-v6.16-mtd-nand-brcmnand-fix-NAND-timeout-when-accessing-eM.patch using plaintext: 
patching file drivers/mtd/nand/raw/brcmnand/brcmnand.c

Applying /home/mgta29/src/openwrt/target/linux/generic/backport-6.12/420-03-v6.16-mtd-rawnand-brcmnand-legacy-exec_op-implementation.patch using plaintext: 
patching file drivers/mtd/nand/raw/brcmnand/brcmnand.c

Applying /home/mgta29/src/openwrt/target/linux/generic/backport-6.12/422-v6.17-spi-spi-qpic-snand-unregister-ECC-engine-on-probe-er.patch using plaintext: 
patching file drivers/spi/spi-qpic-snand.c

Applying /home/mgta29/src/openwrt/target/linux/generic/backport-6.12/429-01-v6.18-mtd-spinand-fix-direct-mapping-creation-sizes.patch using plaintext: 
patching file drivers/mtd/nand/spi/core.c

Applying /home/mgta29/src/openwrt/target/linux/generic/backport-6.12/429-02-v6.18-mtd-spinand-try-a-regular-dirmap-if-creating-a-di.patch using plaintext: 
patching file drivers/mtd/nand/spi/core.c

Applying /home/mgta29/src/openwrt/target/linux/generic/backport-6.12/429-03-v6.18-mtd-spinand-repeat-reading-in-regular-mode-if-con.patch using plaintext: 
patching file drivers/mtd/nand/spi/core.c

Applying /home/mgta29/src/openwrt/target/linux/generic/backport-6.12/430-v6.14-mtd-spinand-Introduce-a-way-to-avoid-raw-access.patch using plaintext: 
patching file drivers/mtd/nand/spi/core.c
patching file include/linux/mtd/spinand.h

Applying /home/mgta29/src/openwrt/target/linux/generic/backport-6.12/431-v6.14-mtd-spinand-Add-support-for-SkyHigh-S35ML-3-family.patch using plaintext: 
patching file drivers/mtd/nand/spi/Makefile
patching file drivers/mtd/nand/spi/core.c
patching file drivers/mtd/nand/spi/skyhigh.c
patching file include/linux/mtd/spinand.h

Applying /home/mgta29/src/openwrt/target/linux/generic/backport-6.12/434-v6.19-mtd-spinand-esmt-add-support-for-F50L1G41LC.patch using plaintext: 
patching file drivers/mtd/nand/spi/core.c
patching file drivers/mtd/nand/spi/esmt.c
patching file include/linux/mtd/spinand.h

Applying /home/mgta29/src/openwrt/target/linux/generic/backport-6.12/435-v6.19-mtd-spinand-add-support-for-FudanMicro-FM25S01BI3.patch using plaintext: 
patching file drivers/mtd/nand/spi/fmsh.c

Applying /home/mgta29/src/openwrt/target/linux/generic/backport-6.12/500-01-v6.13-block-add-support-for-defining-read-only-partitions.patch using plaintext: 
patching file block/blk.h
patching file block/partitions/cmdline.c
patching file block/partitions/core.c

Applying /home/mgta29/src/openwrt/target/linux/generic/backport-6.12/500-02-v6.13-block-introduce-add_disk_fwnode.patch using plaintext: 
patching file block/genhd.c
patching file include/linux/blkdev.h

Applying /home/mgta29/src/openwrt/target/linux/generic/backport-6.12/500-03-v6.13-mmc-block-attach-partitions-fwnode-if-found-in-mmc-c.patch using plaintext: 
patching file drivers/mmc/core/block.c

Applying /home/mgta29/src/openwrt/target/linux/generic/backport-6.12/500-04-v6.13-block-add-support-for-partition-table-defined-in-OF.patch using plaintext: 
patching file block/partitions/Kconfig
patching file block/partitions/Makefile
patching file block/partitions/check.h
patching file block/partitions/core.c
patching file block/partitions/of.c

Applying /home/mgta29/src/openwrt/target/linux/generic/backport-6.12/600-01-v6.13-net-phylink-move-manual-flow-control-setting.patch using plaintext: 
patching file drivers/net/phy/phylink.c

Applying /home/mgta29/src/openwrt/target/linux/generic/backport-6.12/600-02-v6.13-net-phylink-move-MLO_AN_FIXED-resolve-handling-to-if.patch using plaintext: 
patching file drivers/net/phy/phylink.c

Applying /home/mgta29/src/openwrt/target/linux/generic/backport-6.12/600-03-v6.13-net-phylink-move-MLO_AN_PHY-resolve-handling-to-if-s.patch using plaintext: 
patching file drivers/net/phy/phylink.c

Applying /home/mgta29/src/openwrt/target/linux/generic/backport-6.12/600-04-v6.13-net-phylink-remove-switch-statement-in-resolve-handl.patch using plaintext: 
patching file drivers/net/phy/phylink.c

Applying /home/mgta29/src/openwrt/target/linux/generic/backport-6.12/600-05-v6.13-net-phylink-clean-up-phylink_resolve.patch using plaintext: 
patching file drivers/net/phy/phylink.c

Applying /home/mgta29/src/openwrt/target/linux/generic/backport-6.12/601-01-v6.14-net-phylink-pass-phylink-and-pcs-into-phylink_pcs_ne.patch using plaintext: 
patching file drivers/net/phy/phylink.c

Applying /home/mgta29/src/openwrt/target/linux/generic/backport-6.12/601-02-v6.14-net-phylink-split-cur_link_an_mode-into-requested-an.patch using plaintext: 
patching file drivers/net/phy/phylink.c

Applying /home/mgta29/src/openwrt/target/linux/generic/backport-6.12/601-03-v6.14-net-phylink-add-debug-for-phylink_major_config.patch using plaintext: 
patching file drivers/net/phy/phylink.c

Applying /home/mgta29/src/openwrt/target/linux/generic/backport-6.12/601-04-v6.14-net-phy-add-phy_inband_caps.patch using plaintext: 
patching file drivers/net/phy/phy.c
patching file include/linux/phy.h

Applying /home/mgta29/src/openwrt/target/linux/generic/backport-6.12/601-05-v6.14-net-phy-bcm84881-implement-phy_inband_caps-method.patch using plaintext: 
patching file drivers/net/phy/bcm84881.c

Applying /home/mgta29/src/openwrt/target/linux/generic/backport-6.12/601-06-v6.14-net-phy-marvell-implement-phy_inband_caps-method.patch using plaintext: 
patching file drivers/net/phy/marvell.c

Applying /home/mgta29/src/openwrt/target/linux/generic/backport-6.12/601-07-v6.14-net-phy-add-phy_config_inband.patch using plaintext: 
patching file drivers/net/phy/phy.c
patching file include/linux/phy.h

Applying /home/mgta29/src/openwrt/target/linux/generic/backport-6.12/601-08-v6.14-net-phy-marvell-implement-config_inband-method.patch using plaintext: 
patching file drivers/net/phy/marvell.c

Applying /home/mgta29/src/openwrt/target/linux/generic/backport-6.12/601-09-v6.14-net-phylink-add-pcs_inband_caps-method.patch using plaintext: 
patching file drivers/net/phy/phylink.c
patching file include/linux/phylink.h

Applying /home/mgta29/src/openwrt/target/linux/generic/backport-6.12/601-10-v6.14-net-mvneta-implement-pcs_inband_caps-method.patch using plaintext: 
patching file drivers/net/ethernet/marvell/mvneta.c

Applying /home/mgta29/src/openwrt/target/linux/generic/backport-6.12/601-11-v6.14-net-mvpp2-implement-pcs_inband_caps-method.patch using plaintext: 
patching file drivers/net/ethernet/marvell/mvpp2/mvpp2_main.c

Applying /home/mgta29/src/openwrt/target/linux/generic/backport-6.12/601-12-v6.14-net-phylink-add-negotiation-of-in-band-capabilities.patch using plaintext: 
patching file drivers/net/phy/phylink.c

Applying /home/mgta29/src/openwrt/target/linux/generic/backport-6.12/601-13-v6.14-net-phylink-remove-phylink_phy_no_inband.patch using plaintext: 
patching file drivers/net/phy/phylink.c

Applying /home/mgta29/src/openwrt/target/linux/generic/backport-6.12/602-01-v6.14-net-pcs-pcs-lynx-implement-pcs_inband_caps-method.patch using plaintext: 
patching file drivers/net/pcs/pcs-lynx.c

Applying /home/mgta29/src/openwrt/target/linux/generic/backport-6.12/602-02-v6.14-net-pcs-pcs-mtk-lynxi-implement-pcs_inband_caps-meth.patch using plaintext: 
patching file drivers/net/pcs/pcs-mtk-lynxi.c

Applying /home/mgta29/src/openwrt/target/linux/generic/backport-6.12/602-03-v6.14-net-pcs-xpcs-implement-pcs_inband_caps-method.patch using plaintext: 
patching file drivers/net/pcs/pcs-xpcs.c

Applying /home/mgta29/src/openwrt/target/linux/generic/backport-6.12/605-02-v6.17-net-phylink-provide-phylink_get_inband_type.patch using plaintext: 
patching file drivers/net/phy/phylink.c

Applying /home/mgta29/src/openwrt/target/linux/generic/backport-6.12/605-03-v6.17-net-phylink-disable-autoneg-for-interfaces-that-have.patch using plaintext: 
patching file drivers/net/phy/phylink.c

Applying /home/mgta29/src/openwrt/target/linux/generic/backport-6.12/610-01-v6.13-net-dsa-use-ethtool-string-helpers.patch using plaintext: 
patching file drivers/net/dsa/b53/b53_common.c

Applying /home/mgta29/src/openwrt/target/linux/generic/backport-6.12/610-02-v6.15-net-dsa-b53-mdio-add-support-for-BCM53101.patch using plaintext: 
patching file drivers/net/dsa/b53/b53_common.c
patching file drivers/net/dsa/b53/b53_mdio.c
patching file drivers/net/dsa/b53/b53_priv.h

Applying /home/mgta29/src/openwrt/target/linux/generic/backport-6.12/610-03-v6.16-net-dsa-b53-implement-setting-ageing-time.patch using plaintext: 
patching file drivers/net/dsa/b53/b53_common.c
patching file drivers/net/dsa/b53/b53_priv.h
patching file drivers/net/dsa/b53/b53_regs.h

Applying /home/mgta29/src/openwrt/target/linux/generic/backport-6.12/610-04-v6.16-net-dsa-b53-do-not-configure-bcm63xx-s-IMP-port-inte.patch using plaintext: 
patching file drivers/net/dsa/b53/b53_common.c

Applying /home/mgta29/src/openwrt/target/linux/generic/backport-6.12/611-01-v6.17-net-dsa-tag_brcm-add-support-for-legacy-FCS-tags.patch using plaintext: 
patching file include/net/dsa.h
patching file net/dsa/Kconfig
patching file net/dsa/tag_brcm.c

Applying /home/mgta29/src/openwrt/target/linux/generic/backport-6.12/611-02-v6.17-net-dsa-b53-support-legacy-FCS-tags.patch using plaintext: 
patching file drivers/net/dsa/b53/Kconfig
patching file drivers/net/dsa/b53/b53_common.c

Applying /home/mgta29/src/openwrt/target/linux/generic/backport-6.12/611-03-v6.17-net-dsa-b53-detect-BCM5325-variants.patch using plaintext: 
patching file drivers/net/dsa/b53/b53_common.c
patching file drivers/net/dsa/b53/b53_priv.h

Applying /home/mgta29/src/openwrt/target/linux/generic/backport-6.12/611-04-v6.17-net-dsa-b53-add-support-for-FDB-operations-on-5325-5365.patch using plaintext: 
patching file drivers/net/dsa/b53/b53_common.c
patching file drivers/net/dsa/b53/b53_priv.h
patching file drivers/net/dsa/b53/b53_regs.h

Applying /home/mgta29/src/openwrt/target/linux/generic/backport-6.12/611-05-v6.17-net-dsa-b53-prevent-FAST_AGE-access-on-BCM5325.patch using plaintext: 
patching file drivers/net/dsa/b53/b53_common.c

Applying /home/mgta29/src/openwrt/target/linux/generic/backport-6.12/611-06-v6.17-net-dsa-b53-prevent-BRCM_HDR-access-on-older-devices.patch using plaintext: 
patching file drivers/net/dsa/b53/b53_common.c

Applying /home/mgta29/src/openwrt/target/linux/generic/backport-6.12/611-07-v6.17-net-dsa-b53-fix-unicast-multicast-flooding-on-BCM5325.patch using plaintext: 
patching file drivers/net/dsa/b53/b53_common.c
patching file drivers/net/dsa/b53/b53_regs.h

Applying /home/mgta29/src/openwrt/target/linux/generic/backport-6.12/611-08-v6.18-net-dsa-b53-Add-phy_enable-phy_disable-methods.patch using plaintext: 
patching file drivers/net/dsa/b53/b53_common.c
patching file drivers/net/dsa/b53/b53_priv.h

Applying /home/mgta29/src/openwrt/target/linux/generic/backport-6.12/611-09-v6.18-net-dsa-b53-Define-chip-IDs-for-more-bcm63xx-SoCs.patch using plaintext: 
patching file drivers/net/dsa/b53/b53_common.c
patching file drivers/net/dsa/b53/b53_mmap.c
patching file drivers/net/dsa/b53/b53_priv.h

Applying /home/mgta29/src/openwrt/target/linux/generic/backport-6.12/611-10-v6.18-net-dsa-b53-mmap-Add-syscon-reference-and-register-layout-for-bcm63268.patch using plaintext: 
patching file drivers/net/dsa/b53/b53_mmap.c

Applying /home/mgta29/src/openwrt/target/linux/generic/backport-6.12/611-11-v6.18-net-dsa-b53-mmap-Add-register-layout-for-bcm6318.patch using plaintext: 
patching file drivers/net/dsa/b53/b53_mmap.c

Applying /home/mgta29/src/openwrt/target/linux/generic/backport-6.12/611-12-v6.18-net-dsa-b53-mmap-Add-register-layout-for-bcm6368.patch using plaintext: 
patching file drivers/net/dsa/b53/b53_mmap.c

Applying /home/mgta29/src/openwrt/target/linux/generic/backport-6.12/611-13-v6.18-net-dsa-b53-mmap-Implement-bcm63xx-ephy-power-control.patch using plaintext: 
patching file drivers/net/dsa/b53/b53_mmap.c

Applying /home/mgta29/src/openwrt/target/linux/generic/backport-6.12/611-14-v6.18-net-dsa-b53-mmap-Add-gphy-port-to-phy-info-for-bcm63268.patch using plaintext: 
patching file drivers/net/dsa/b53/b53_mmap.c

Applying /home/mgta29/src/openwrt/target/linux/generic/backport-6.12/611-15-v6.18-net-dsa-b53-mmap-Implement-bcm63268-gphy-power-control.patch using plaintext: 
patching file drivers/net/dsa/b53/b53_mmap.c

Applying /home/mgta29/src/openwrt/target/linux/generic/backport-6.12/611-16-v6.18-net-dsa-b53-fix-reserved-register-access-in-b53_fdb_dump.patch using plaintext: 
patching file drivers/net/dsa/b53/b53_common.c

Applying /home/mgta29/src/openwrt/target/linux/generic/backport-6.12/611-17-v6.18-net-dsa-b53-fix-ageing-time-for-BCM53101.patch using plaintext: 
patching file drivers/net/dsa/b53/b53_common.c

Applying /home/mgta29/src/openwrt/target/linux/generic/backport-6.12/611-18-v6.18-net-dsa-b53-properly-bound-ARL-searches-for-4-ARL-bin-chips.patch using plaintext: 
patching file drivers/net/dsa/b53/b53_common.c

Applying /home/mgta29/src/openwrt/target/linux/generic/backport-6.12/611-19-v6.18-net-dsa-tag_brcm-do-not-mark-link-local-traffic-as-offloaded.patch using plaintext: 
patching file net/dsa/tag_brcm.c

Applying /home/mgta29/src/openwrt/target/linux/generic/backport-6.12/612-01-v6.19-net-dsa-b53-b53_arl_read-25-use-the-entry-for-comparision.patch using plaintext: 
patching file drivers/net/dsa/b53/b53_common.c

Applying /home/mgta29/src/openwrt/target/linux/generic/backport-6.12/612-02-v6.19-net-dsa-b53-move-reading-ARL-entries-into-their-own-function.patch using plaintext: 
patching file drivers/net/dsa/b53/b53_common.c

Applying /home/mgta29/src/openwrt/target/linux/generic/backport-6.12/612-03-v6.19-net-dsa-b53-move-writing-ARL-entries-into-their-own-functions.patch using plaintext: 
patching file drivers/net/dsa/b53/b53_common.c

Applying /home/mgta29/src/openwrt/target/linux/generic/backport-6.12/612-04-v6.19-net-dsa-b53-provide-accessors-for-accessing-ARL_SRCH_CTL.patch using plaintext: 
patching file drivers/net/dsa/b53/b53_common.c

Applying /home/mgta29/src/openwrt/target/linux/generic/backport-6.12/612-05-v6.19-net-dsa-b53-split-reading-search-entry-into-their-own-functions.patch using plaintext: 
patching file drivers/net/dsa/b53/b53_common.c

Applying /home/mgta29/src/openwrt/target/linux/generic/backport-6.12/612-06-v6.19-net-dsa-b53-move-ARL-entry-functions-into-ops-struct.patch using plaintext: 
patching file drivers/net/dsa/b53/b53_common.c
patching file drivers/net/dsa/b53/b53_priv.h

Applying /home/mgta29/src/openwrt/target/linux/generic/backport-6.12/612-07-v6.19-net-dsa-b53-add-support-for-5389-5397-5398-ARL-entry-format.patch using plaintext: 
patching file drivers/net/dsa/b53/b53_common.c
patching file drivers/net/dsa/b53/b53_priv.h
patching file drivers/net/dsa/b53/b53_regs.h

Applying /home/mgta29/src/openwrt/target/linux/generic/backport-6.12/612-08-v6.19-net-dsa-b53-add-support-for-bcm63xx-ARL-entry-format.patch using plaintext: 
patching file drivers/net/dsa/b53/b53_common.c
patching file drivers/net/dsa/b53/b53_priv.h
patching file drivers/net/dsa/b53/b53_regs.h

Applying /home/mgta29/src/openwrt/target/linux/generic/backport-6.12/613-01-v6.19-net-dsa-b53-fix-VLAN_ID_IDX-write-size-for-BCM5325-65.patch using plaintext: 
patching file drivers/net/dsa/b53/b53_common.c

Applying /home/mgta29/src/openwrt/target/linux/generic/backport-6.12/613-02-v6.19-net-dsa-b53-fix-extracting-VID-from-entry-for-BCM5325-65.patch using plaintext: 
patching file drivers/net/dsa/b53/b53_priv.h

Applying /home/mgta29/src/openwrt/target/linux/generic/backport-6.12/613-03-v6.19-net-dsa-b53-use-same-ARL-search-result-offset-for-BCM5325-65.patch using plaintext: 
patching file drivers/net/dsa/b53/b53_common.c
patching file drivers/net/dsa/b53/b53_regs.h

Applying /home/mgta29/src/openwrt/target/linux/generic/backport-6.12/613-04-v6.19-net-dsa-b53-fix-CPU-port-unicast-ARL-entries-for-BCM5325-65.patch using plaintext: 
patching file drivers/net/dsa/b53/b53_priv.h

Applying /home/mgta29/src/openwrt/target/linux/generic/backport-6.12/613-05-v6.19-net-dsa-b53-fix-BCM5325-65-ARL-entry-multicast-port-masks.patch using plaintext: 
patching file drivers/net/dsa/b53/b53_common.c
patching file drivers/net/dsa/b53/b53_priv.h
patching file drivers/net/dsa/b53/b53_regs.h

Applying /home/mgta29/src/openwrt/target/linux/generic/backport-6.12/613-06-v6.19-net-dsa-b53-fix-BCM5325-65-ARL-entry-VIDs.patch using plaintext: 
patching file drivers/net/dsa/b53/b53_common.c
patching file drivers/net/dsa/b53/b53_priv.h
patching file drivers/net/dsa/b53/b53_regs.h

Applying /home/mgta29/src/openwrt/target/linux/generic/backport-6.12/613-07-v6.19-net-dsa-b53-allow-VID-0-for-BCM5325-65.patch using plaintext: 
patching file drivers/net/dsa/b53/b53_common.c

Applying /home/mgta29/src/openwrt/target/linux/generic/backport-6.12/620-v6.15-ppp-use-IFF_NO_QUEUE-in-virtual-interfaces.patch using plaintext: 
patching file drivers/net/ppp/ppp_generic.c
patching file drivers/net/ppp/pppoe.c
patching file drivers/net/ppp/pptp.c
patching file include/linux/ppp_channel.h
patching file net/l2tp/l2tp_ppp.c

Applying /home/mgta29/src/openwrt/target/linux/generic/backport-6.12/621-v6.17-ppp-convert-to-percpu-netstats.patch using plaintext: 
patching file drivers/net/ppp/ppp_generic.c

Applying /home/mgta29/src/openwrt/target/linux/generic/backport-6.12/622-v6.18-ppp-remove-rwlock-usage.patch using plaintext: 
patching file drivers/net/ppp/ppp_generic.c

Applying /home/mgta29/src/openwrt/target/linux/generic/backport-6.12/623-v6.18-pppoe-remove-rwlock-usage.patch using plaintext: 
patching file drivers/net/ppp/pppoe.c
patching file include/linux/if_pppox.h

Applying /home/mgta29/src/openwrt/target/linux/generic/backport-6.12/624-v6.18-pppoe-drop-sock-reference-counting-on-fast-path.patch using plaintext: 
patching file drivers/net/ppp/pppoe.c

Applying /home/mgta29/src/openwrt/target/linux/generic/backport-6.12/625-v7.0-ppp-enable-TX-scatter-gather.patch using plaintext: 
patching file drivers/net/ppp/ppp_generic.c

Applying /home/mgta29/src/openwrt/target/linux/generic/backport-6.12/626-01-v6.13-net-pse-pd-Add-power-limit-check.patch using plaintext: 
patching file drivers/net/pse-pd/pse_core.c
patching file include/linux/pse-pd/pse.h

Applying /home/mgta29/src/openwrt/target/linux/generic/backport-6.12/626-02-v6.13-net-pse-pd-tps23881-Simplify-function-returns.patch using plaintext: 
patching file drivers/net/pse-pd/tps23881.c

Applying /home/mgta29/src/openwrt/target/linux/generic/backport-6.12/626-03-v6.13-net-pse-pd-tps23881-Use-helpers-to-calculate-bit-offset.patch using plaintext: 
patching file drivers/net/pse-pd/tps23881.c

Applying /home/mgta29/src/openwrt/target/linux/generic/backport-6.12/626-04-v6.13-net-pse-pd-tps23881-Add-missing-configuration-register.patch using plaintext: 
patching file drivers/net/pse-pd/tps23881.c

Applying /home/mgta29/src/openwrt/target/linux/generic/backport-6.12/626-05-v6.13-net-pse-pd-Split-ethtool_get_status-into-multiple-callbacks.patch using plaintext: 
patching file drivers/net/pse-pd/pd692x0.c
patching file drivers/net/pse-pd/pse_core.c
patching file drivers/net/pse-pd/pse_regulator.c
patching file drivers/net/pse-pd/tps23881.c
patching file include/linux/pse-pd/pse.h
patching file net/ethtool/pse-pd.c

Applying /home/mgta29/src/openwrt/target/linux/generic/backport-6.12/626-06-v6.13-net-pse-pd-Remove-is_enabled-callback-from-drivers.patch using plaintext: 
patching file drivers/net/pse-pd/pd692x0.c
patching file drivers/net/pse-pd/pse_core.c
patching file drivers/net/pse-pd/pse_regulator.c
patching file drivers/net/pse-pd/tps23881.c
patching file include/linux/pse-pd/pse.h

Applying /home/mgta29/src/openwrt/target/linux/generic/backport-6.12/626-07-v6.13-net-pse-pd-tps23881-Add-power-limit-and-measurement-features.patch using plaintext: 
patching file drivers/net/pse-pd/tps23881.c

Applying /home/mgta29/src/openwrt/target/linux/generic/backport-6.12/626-08-v6.13-net-pse-pd-Fix-missing-PI-of_node-description.patch using plaintext: 
patching file drivers/net/pse-pd/pse_core.c

Applying /home/mgta29/src/openwrt/target/linux/generic/backport-6.12/626-09-v6.13-net-pse-pd-Clean-ethtool-header-of-PSE-structures.patch using plaintext: 
patching file drivers/net/pse-pd/pse_core.c
patching file include/linux/ethtool.h
patching file include/linux/pse-pd/pse.h

Applying /home/mgta29/src/openwrt/target/linux/generic/backport-6.12/626-10-v6.17-net-pse-pd-Introduce-attached_phydev-to-pse-control.patch using plaintext: 
patching file drivers/net/mdio/fwnode_mdio.c
patching file drivers/net/pse-pd/pse_core.c
patching file include/linux/pse-pd/pse.h

Applying /home/mgta29/src/openwrt/target/linux/generic/backport-6.12/626-11-v6.17-net-pse-pd-Add-support-for-reporting-events.patch using plaintext: 
patching file drivers/net/pse-pd/pse_core.c
patching file include/linux/ethtool_netlink.h
patching file include/linux/pse-pd/pse.h
patching file net/ethtool/pse-pd.c

Applying /home/mgta29/src/openwrt/target/linux/generic/backport-6.12/626-12-v6.17-net-pse-pd-tps23881-Add-support-for-PSE-events.patch using plaintext: 
patching file drivers/net/pse-pd/tps23881.c

Applying /home/mgta29/src/openwrt/target/linux/generic/backport-6.12/626-13-v6.17-net-pse-pd-Add-support-for-PSE-power-domains.patch using plaintext: 
patching file drivers/net/pse-pd/pse_core.c
patching file include/linux/pse-pd/pse.h

Applying /home/mgta29/src/openwrt/target/linux/generic/backport-6.12/626-14-v6.17-net-pse-pd-ethtool-Add-support-for-power-domains-index.patch using plaintext: 
patching file drivers/net/pse-pd/pse_core.c
patching file include/linux/pse-pd/pse.h
patching file net/ethtool/pse-pd.c

Applying /home/mgta29/src/openwrt/target/linux/generic/backport-6.12/626-15-v6.17-net-pse-pd-Add-helper-to-report-hw-enable-status.patch using plaintext: 
patching file drivers/net/pse-pd/pse_core.c

Applying /home/mgta29/src/openwrt/target/linux/generic/backport-6.12/626-16-v6.17-net-pse-pd-Add-support-for-budget-evaluation-strategies.patch using plaintext: 
patching file drivers/net/pse-pd/pse_core.c
patching file include/linux/pse-pd/pse.h

Applying /home/mgta29/src/openwrt/target/linux/generic/backport-6.12/626-16b-v6.17-regulator-Add-support-for-power-budget.patch using plaintext: 
patching file drivers/regulator/core.c
patching file drivers/regulator/of_regulator.c
patching file include/linux/regulator/consumer.h
patching file include/linux/regulator/driver.h
patching file include/linux/regulator/machine.h

Applying /home/mgta29/src/openwrt/target/linux/generic/backport-6.12/626-17-v6.17-net-pse-pd-pd692x0-Add-PSE-PI-priority-feature.patch using plaintext: 
patching file drivers/net/pse-pd/pd692x0.c

Applying /home/mgta29/src/openwrt/target/linux/generic/backport-6.12/626-18-v6.17-net-pse-pd-pd692x0-Add-controller-and-manager-power.patch using plaintext: 
patching file drivers/net/pse-pd/pd692x0.c

Applying /home/mgta29/src/openwrt/target/linux/generic/backport-6.12/626-19-v6.17-net-pse-pd-tps23881-Add-static-port-priority-feature.patch using plaintext: 
patching file drivers/net/pse-pd/tps23881.c

Applying /home/mgta29/src/openwrt/target/linux/generic/backport-6.12/626-20-v6.17-net-pse-pd-pd692x0-reduce-stack-usage.patch using plaintext: 
patching file drivers/net/pse-pd/pd692x0.c

Applying /home/mgta29/src/openwrt/target/linux/generic/backport-6.12/626-21-v6.18-net-pse-pd-pd692x0-Fix-power-budget-leak.patch using plaintext: 
patching file drivers/net/pse-pd/pd692x0.c

Applying /home/mgta29/src/openwrt/target/linux/generic/backport-6.12/626-22-v6.18-net-pse-pd-pd692x0-Skip-power-budget-when-undefined.patch using plaintext: 
patching file drivers/net/pse-pd/pd692x0.c

Applying /home/mgta29/src/openwrt/target/linux/generic/backport-6.12/626-23-v6.18-net-pse-pd-Add-Si3474-PSE-controller-driver.patch using plaintext: 
patching file drivers/net/pse-pd/Kconfig
patching file drivers/net/pse-pd/Makefile
patching file drivers/net/pse-pd/si3474.c

Applying /home/mgta29/src/openwrt/target/linux/generic/backport-6.12/626-24-v6.19-net-pse-pd-tps23881-Fix-current-measurement-scaling.patch using plaintext: 
patching file drivers/net/pse-pd/tps23881.c

Applying /home/mgta29/src/openwrt/target/linux/generic/backport-6.12/626-25-v6.19-net-pse-pd-pd692x0-Replace-__free-macro.patch using plaintext: 
patching file drivers/net/pse-pd/pd692x0.c

Applying /home/mgta29/src/openwrt/target/linux/generic/backport-6.12/626-26-v6.19-net-pse-pd-pd692x0-Separate-configuration-parsing.patch using plaintext: 
patching file drivers/net/pse-pd/pd692x0.c

Applying /home/mgta29/src/openwrt/target/linux/generic/backport-6.12/626-27-v6.19-net-pse-pd-pd692x0-Preserve-PSE-configuration.patch using plaintext: 
patching file drivers/net/pse-pd/pd692x0.c

Applying /home/mgta29/src/openwrt/target/linux/generic/backport-6.12/626-28-v6.19-net-pse-pd-tps23881-Add-support-for-TPS23881B.patch using plaintext: 
patching file drivers/net/pse-pd/tps23881.c

Applying /home/mgta29/src/openwrt/target/linux/generic/backport-6.12/626-v6.16-net-bridge-locally-receive-all-multicast-packets-if-.patch using plaintext: 
patching file net/bridge/br_input.c

Applying /home/mgta29/src/openwrt/target/linux/generic/backport-6.12/627-01-v6.17-net-pse-pd-Add-ethtool_netlink_generated-header.patch using plaintext: 
patching file include/uapi/linux/ethtool_netlink.h
patching file include/uapi/linux/ethtool_netlink_generated.h

Applying /home/mgta29/src/openwrt/target/linux/generic/backport-6.12/627-02-v6.17-net-ethtool-Add-PSE-port-priority-support.patch using plaintext: 
patching file net/ethtool/pse-pd.c

Applying /home/mgta29/src/openwrt/target/linux/generic/backport-6.12/630-v6.13-net-usb-qmi_wwan-add-Quectel-RG255C.patch using plaintext: 
patching file drivers/net/usb/qmi_wwan.c

Applying /home/mgta29/src/openwrt/target/linux/generic/backport-6.12/630-v6.14-PM-sleep-wakeirq-Introduce-device-managed-variant-of.patch using plaintext: 
patching file drivers/base/power/wakeirq.c
patching file include/linux/pm_wakeirq.h

Applying /home/mgta29/src/openwrt/target/linux/generic/backport-6.12/650-v6.13-net-phylink-allow-mac_select_pcs-to-remove-a-PCS.patch using plaintext: 
patching file drivers/net/phy/phylink.c

Applying /home/mgta29/src/openwrt/target/linux/generic/backport-6.12/651-v6.14-net-phylink-add-support-for-PCS-supported_interfaces.patch using plaintext: 
patching file drivers/net/phy/phylink.c
patching file include/linux/phylink.h

Applying /home/mgta29/src/openwrt/target/linux/generic/backport-6.12/652-v6.15-net-phylink-force-link-down-on-major_config-failure.patch using plaintext: 
patching file drivers/net/phy/phylink.c

Applying /home/mgta29/src/openwrt/target/linux/generic/backport-6.12/653-01-v7.0-net-phylink-simplify-phylink_resolve-phylink_major_c.patch using plaintext: 
patching file drivers/net/phy/phylink.c

Applying /home/mgta29/src/openwrt/target/linux/generic/backport-6.12/653-02-v7.0-net-phylink-introduce-helpers-for-replaying-link-cal.patch using plaintext: 
patching file drivers/net/phy/phylink.c
patching file include/linux/phylink.h

Applying /home/mgta29/src/openwrt/target/linux/generic/backport-6.12/700-01-v7.0-net-sched-Export-mq-functions-for-reuse.patch using plaintext: 
patching file MAINTAINERS
patching file include/net/sch_priv.h
patching file net/sched/sch_mq.c

Applying /home/mgta29/src/openwrt/target/linux/generic/backport-6.12/700-02-v7.0-net-sched-sch_cake-Factor-out-config-variables-into-.patch using plaintext: 
patching file net/sched/sch_cake.c

Applying /home/mgta29/src/openwrt/target/linux/generic/backport-6.12/700-03-v7.0-net-sched-sch_cake-Add-cake_mq-qdisc-for-using-cake-.patch using plaintext: 
patching file net/sched/sch_cake.c

Applying /home/mgta29/src/openwrt/target/linux/generic/backport-6.12/700-04-v7.0-net-sched-sch_cake-Share-config-across-cake_mq-sub-q.patch using plaintext: 
patching file net/sched/sch_cake.c

Applying /home/mgta29/src/openwrt/target/linux/generic/backport-6.12/700-05-v7.0-net-sched-sch_cake-share-shaper-state-across-sub-ins.patch using plaintext: 
patching file Documentation/netlink/specs/tc.yaml
patching file include/uapi/linux/pkt_sched.h
patching file net/sched/sch_cake.c

Applying /home/mgta29/src/openwrt/target/linux/generic/backport-6.12/700-06-v7.0-selftests-tc-testing-add-selftests-for-cake_mq-qdisc.patch using plaintext: 
patching file tools/testing/selftests/tc-testing/tc-tests/qdiscs/cake_mq.json

Applying /home/mgta29/src/openwrt/target/linux/generic/backport-6.12/700-07-v7.0-net-sched-cake-avoid-separate-allocation-of-struct-c.patch using plaintext: 
patching file net/sched/sch_cake.c

Applying /home/mgta29/src/openwrt/target/linux/generic/backport-6.12/701-01-v7.0-net-sched-sch_cake-avoid-sync-overhead-when-unlimite.patch using plaintext: 
patching file net/sched/sch_cake.c

Applying /home/mgta29/src/openwrt/target/linux/generic/backport-6.12/701-02-v7.0-net-sched-sch_cake-fixup-cake_mq-rate-adjustment-for.patch using plaintext: 
patching file net/sched/sch_cake.c

Applying /home/mgta29/src/openwrt/target/linux/generic/backport-6.12/702-v7.0-net-phylink-fix-NULL-pointer-deref-in-phylink_major_.patch using plaintext: 
patching file drivers/net/phy/phylink.c

Applying /home/mgta29/src/openwrt/target/linux/generic/backport-6.12/705-01-v7.0-net-phy-motorcomm-Support-YT8531S-PHY-in-YT6801-Ethernet.patch using plaintext: 
patching file drivers/net/phy/motorcomm.c

Applying /home/mgta29/src/openwrt/target/linux/generic/backport-6.12/705-02-v7.0-net-stmmac-Add-glue-driver-for-Motorcomm-YT6801-ethernet.patch using plaintext: 
patching file drivers/net/ethernet/stmicro/stmmac/Kconfig
patching file drivers/net/ethernet/stmicro/stmmac/Makefile
patching file drivers/net/ethernet/stmicro/stmmac/dwmac-motorcomm.c

Applying /home/mgta29/src/openwrt/target/linux/generic/backport-6.12/710-v6.16-igc-enable-HW-vlan-tag-insertion-stripping-by-defaul.patch using plaintext: 
patching file drivers/net/ethernet/intel/igc/igc_main.c

Applying /home/mgta29/src/openwrt/target/linux/generic/backport-6.12/720-01-v6.13-net-phy-mediatek-ge-soc-Fix-coding-style.patch using plaintext: 
patching file drivers/net/phy/mediatek-ge-soc.c

Applying /home/mgta29/src/openwrt/target/linux/generic/backport-6.12/720-02-v6.13-net-phy-mediatek-ge-soc-Shrink-line-wrapping-to-80-c.patch using plaintext: 
patching file drivers/net/phy/mediatek-ge-soc.c

Applying /home/mgta29/src/openwrt/target/linux/generic/backport-6.12/720-03-v6.13-net-phy-mediatek-ge-soc-Propagate-error-code-correct.patch using plaintext: 
patching file drivers/net/phy/mediatek-ge-soc.c

Applying /home/mgta29/src/openwrt/target/linux/generic/backport-6.12/720-04-v6.13-net-phy-mediatek-Re-organize-MediaTek-ethernet-phy-d.patch using plaintext: 
patching file MAINTAINERS
patching file drivers/net/phy/Kconfig
patching file drivers/net/phy/Makefile
patching file drivers/net/phy/mediatek/Kconfig
patching file drivers/net/phy/mediatek/Makefile
patching file drivers/net/phy/mediatek-ge-soc.c
patching file drivers/net/phy/mediatek-ge.c
patching file drivers/net/phy/mediatek/mtk-ge-soc.c
patching file drivers/net/phy/mediatek/mtk-ge.c

Applying /home/mgta29/src/openwrt/target/linux/generic/backport-6.12/720-05-v6.13-net-phy-mediatek-Move-LED-helper-functions-into-mtk-.patch using plaintext: 
patching file MAINTAINERS
patching file drivers/net/phy/mediatek/Kconfig
patching file drivers/net/phy/mediatek/Makefile
patching file drivers/net/phy/mediatek/mtk-ge-soc.c
patching file drivers/net/phy/mediatek/mtk-phy-lib.c
patching file drivers/net/phy/mediatek/mtk.h

Applying /home/mgta29/src/openwrt/target/linux/generic/backport-6.12/720-06-v6.13-net-phy-mediatek-Improve-readability-of-mtk-phy-lib..patch using plaintext: 
patching file drivers/net/phy/mediatek/mtk-phy-lib.c

Applying /home/mgta29/src/openwrt/target/linux/generic/backport-6.12/720-07-v6.13-net-phy-mediatek-Integrate-read-write-page-helper-fu.patch using plaintext: 
patching file drivers/net/phy/mediatek/Kconfig
patching file drivers/net/phy/mediatek/mtk-ge-soc.c
patching file drivers/net/phy/mediatek/mtk-ge.c
patching file drivers/net/phy/mediatek/mtk-phy-lib.c
patching file drivers/net/phy/mediatek/mtk.h

Applying /home/mgta29/src/openwrt/target/linux/generic/backport-6.12/720-08-v6.13-net-phy-mediatek-add-MT7530-MT7531-s-PHY-ID-macros.patch using plaintext: 
patching file drivers/net/phy/mediatek/mtk-ge.c

Applying /home/mgta29/src/openwrt/target/linux/generic/backport-6.12/720-09-v6.14-net-phy-Constify-struct-mdio_device_id.patch using plaintext: 
patching file drivers/net/phy/adin.c
patching file drivers/net/phy/adin1100.c
patching file drivers/net/phy/air_en8811h.c
patching file drivers/net/phy/amd.c
patching file drivers/net/phy/aquantia/aquantia_main.c
patching file drivers/net/phy/ax88796b.c
patching file drivers/net/phy/bcm-cygnus.c
patching file drivers/net/phy/bcm54140.c
patching file drivers/net/phy/bcm63xx.c
patching file drivers/net/phy/bcm7xxx.c
patching file drivers/net/phy/bcm84881.c
patching file drivers/net/phy/broadcom.c
patching file drivers/net/phy/cicada.c
patching file drivers/net/phy/cortina.c
patching file drivers/net/phy/davicom.c
patching file drivers/net/phy/dp83640.c
patching file drivers/net/phy/dp83822.c
patching file drivers/net/phy/dp83848.c
patching file drivers/net/phy/dp83867.c
patching file drivers/net/phy/dp83869.c
patching file drivers/net/phy/dp83tc811.c
patching file drivers/net/phy/dp83td510.c
patching file drivers/net/phy/dp83tg720.c
patching file drivers/net/phy/et1011c.c
patching file drivers/net/phy/icplus.c
patching file drivers/net/phy/intel-xway.c
patching file drivers/net/phy/lxt.c
patching file drivers/net/phy/marvell-88q2xxx.c
patching file drivers/net/phy/marvell-88x2222.c
patching file drivers/net/phy/marvell.c
patching file drivers/net/phy/marvell10g.c
patching file drivers/net/phy/mediatek/mtk-ge-soc.c
patching file drivers/net/phy/mediatek/mtk-ge.c
patching file drivers/net/phy/meson-gxl.c
patching file drivers/net/phy/micrel.c
patching file drivers/net/phy/microchip.c
patching file drivers/net/phy/microchip_t1.c
patching file drivers/net/phy/microchip_t1s.c
patching file drivers/net/phy/mscc/mscc_main.c
patching file drivers/net/phy/mxl-gpy.c
patching file drivers/net/phy/national.c
patching file drivers/net/phy/ncn26000.c
patching file drivers/net/phy/nxp-c45-tja11xx.c
patching file drivers/net/phy/nxp-cbtx.c
patching file drivers/net/phy/nxp-tja11xx.c
patching file drivers/net/phy/qcom/at803x.c
patching file drivers/net/phy/qcom/qca807x.c
patching file drivers/net/phy/qcom/qca808x.c
patching file drivers/net/phy/qcom/qca83xx.c
patching file drivers/net/phy/qsemi.c
patching file drivers/net/phy/rockchip.c
patching file drivers/net/phy/smsc.c
patching file drivers/net/phy/ste10Xp.c
patching file drivers/net/phy/teranetics.c
patching file drivers/net/phy/uPD60620.c
patching file drivers/net/phy/vitesse.c

Applying /home/mgta29/src/openwrt/target/linux/generic/backport-6.12/720-10-v6.15-net-phy-mediatek-Change-to-more-meaningful-macros.patch using plaintext: 
patching file drivers/net/phy/mediatek/mtk-ge-soc.c
patching file drivers/net/phy/mediatek/mtk-ge.c
patching file drivers/net/phy/mediatek/mtk.h

Applying /home/mgta29/src/openwrt/target/linux/generic/backport-6.12/720-11-v6.15-net-phy-mediatek-Add-token-ring-access-helper-functi.patch using plaintext: 
patching file drivers/net/phy/mediatek/mtk-ge-soc.c
patching file drivers/net/phy/mediatek/mtk-ge.c
patching file drivers/net/phy/mediatek/mtk-phy-lib.c
patching file drivers/net/phy/mediatek/mtk.h

Applying /home/mgta29/src/openwrt/target/linux/generic/backport-6.12/720-12-v6.15-net-phy-mediatek-Add-token-ring-set-bit-operation-su.patch using plaintext: 
patching file drivers/net/phy/mediatek/mtk-ge-soc.c
patching file drivers/net/phy/mediatek/mtk-phy-lib.c
patching file drivers/net/phy/mediatek/mtk.h

Applying /home/mgta29/src/openwrt/target/linux/generic/backport-6.12/720-13-v6.15-net-phy-mediatek-Add-token-ring-clear-bit-operation-.patch using plaintext: 
patching file drivers/net/phy/mediatek/mtk-ge-soc.c
patching file drivers/net/phy/mediatek/mtk-phy-lib.c
patching file drivers/net/phy/mediatek/mtk.h

Applying /home/mgta29/src/openwrt/target/linux/generic/backport-6.12/720-14-v6.15-net-phy-mediatek-Move-some-macros-to-phy-lib-for-lat.patch using plaintext: 
patching file drivers/net/phy/mediatek/mtk-ge.c
patching file drivers/net/phy/mediatek/mtk.h

Applying /home/mgta29/src/openwrt/target/linux/generic/backport-6.12/720-15-v6.16-net-phy-mediatek-permit-to-compile-test-GE-SOC-PHY-d.patch using plaintext: 
patching file drivers/net/phy/mediatek/Kconfig

Applying /home/mgta29/src/openwrt/target/linux/generic/backport-6.12/720-16-v6.16-net-phy-mediatek-add-Airoha-PHY-ID-to-SoC-driver.patch using plaintext: 
patching file drivers/net/phy/mediatek/Kconfig
patching file drivers/net/phy/mediatek/mtk-ge-soc.c

Applying /home/mgta29/src/openwrt/target/linux/generic/backport-6.12/720-17-v6.16-net-phy-mediatek-init-val-in-.phy_led_polarity_set-f.patch using plaintext: 
patching file drivers/net/phy/mediatek/mtk-ge-soc.c

Applying /home/mgta29/src/openwrt/target/linux/generic/backport-6.12/721-01-v6.15-net-ethernet-mediatek-add-EEE-support.patch using plaintext: 
patching file drivers/net/ethernet/mediatek/mtk_eth_soc.c
patching file drivers/net/ethernet/mediatek/mtk_eth_soc.h

Applying /home/mgta29/src/openwrt/target/linux/generic/backport-6.12/730-01-v6.13-net-phy-aquantia-allow-forcing-order-of-MDI-pairs.patch using plaintext: 
patching file drivers/net/phy/aquantia/aquantia_main.c

Applying /home/mgta29/src/openwrt/target/linux/generic/backport-6.12/730-02-v6.13-net-phy-aquantia-fix-return-value-check-in-aqr107_co.patch using plaintext: 
patching file drivers/net/phy/aquantia/aquantia_main.c

Applying /home/mgta29/src/openwrt/target/linux/generic/backport-6.12/730-03-v6.13-net-phy-support-active-high-property-for-PHY-LEDs.patch using plaintext: 
patching file drivers/net/phy/phy_device.c
patching file include/linux/phy.h

Applying /home/mgta29/src/openwrt/target/linux/generic/backport-6.12/730-04-v6.13-net-phy-aquantia-correctly-describe-LED-polarity-ove.patch using plaintext: 
patching file drivers/net/phy/aquantia/aquantia.h
patching file drivers/net/phy/aquantia/aquantia_leds.c
patching file drivers/net/phy/aquantia/aquantia_main.c

Applying /home/mgta29/src/openwrt/target/linux/generic/backport-6.12/730-05-v6.13-net-phy-mxl-gpy-add-basic-LED-support.patch using plaintext: 
patching file drivers/net/phy/mxl-gpy.c

Applying /home/mgta29/src/openwrt/target/linux/generic/backport-6.12/730-06-v6.13-net-phy-mxl-gpy-add-missing-support-for-TRIGGER_NETD.patch using plaintext: 
patching file drivers/net/phy/mxl-gpy.c

Applying /home/mgta29/src/openwrt/target/linux/generic/backport-6.12/730-07-v6.13-net-phy-mxl-gpy-correctly-describe-LED-polarity.patch using plaintext: 
patching file drivers/net/phy/mxl-gpy.c

Applying /home/mgta29/src/openwrt/target/linux/generic/backport-6.12/730-08-v6.13-net-phy-intel-xway-add-support-for-PHY-LEDs.patch using plaintext: 
patching file drivers/net/phy/intel-xway.c

Applying /home/mgta29/src/openwrt/target/linux/generic/backport-6.12/730-09-v6.18-net-phy-mxl-gpy-fix-link-properties-on-USXGMII-and-i.patch using plaintext: 
patching file drivers/net/phy/mxl-gpy.c

Applying /home/mgta29/src/openwrt/target/linux/generic/backport-6.12/730-10-v6.19-net-phy-mxl-gpy-add-support-for-MxL86211C.patch using plaintext: 
patching file drivers/net/phy/mxl-gpy.c

Applying /home/mgta29/src/openwrt/target/linux/generic/backport-6.12/730-11-v7.0-net-phy-mxl-gpy-implement-SGMII-in-band-configuratio.patch using plaintext: 
patching file drivers/net/phy/mxl-gpy.c

Applying /home/mgta29/src/openwrt/target/linux/generic/backport-6.12/731-v6.18-net-mediatek-wed-Introduce-MT7992-WED-support-to-MT7.patch using plaintext: 
patching file drivers/net/ethernet/mediatek/mtk_wed.c
patching file drivers/net/ethernet/mediatek/mtk_wed.h
patching file include/linux/soc/mediatek/mtk_wed.h

Applying /home/mgta29/src/openwrt/target/linux/generic/backport-6.12/732-v6.18-wifi-mt76-wed-use-proper-wed-reference-in-mt76-wed-d.patch using plaintext: 
patching file include/linux/soc/mediatek/mtk_wed.h

Applying /home/mgta29/src/openwrt/target/linux/generic/backport-6.12/733-v6.18-net-mtk-wed-add-dma-mask-limitation-and-GFP_DMA32-fo.patch using plaintext: 
patching file drivers/net/ethernet/mediatek/mtk_wed.c

Applying /home/mgta29/src/openwrt/target/linux/generic/backport-6.12/735-v6.13-net-phy-avoid-undefined-behavior-in-_led_polarity_se.patch using plaintext: 
patching file drivers/net/phy/aquantia/aquantia_leds.c
patching file drivers/net/phy/intel-xway.c
patching file drivers/net/phy/mxl-gpy.c

Applying /home/mgta29/src/openwrt/target/linux/generic/backport-6.12/740-v6.13-net-dsa-mv88e6xxx-Support-LED-control.patch using plaintext: 
patching file drivers/net/dsa/mv88e6xxx/Kconfig
patching file drivers/net/dsa/mv88e6xxx/Makefile
patching file drivers/net/dsa/mv88e6xxx/chip.c
patching file drivers/net/dsa/mv88e6xxx/chip.h
patching file drivers/net/dsa/mv88e6xxx/leds.c
patching file drivers/net/dsa/mv88e6xxx/port.c
patching file drivers/net/dsa/mv88e6xxx/port.h

Applying /home/mgta29/src/openwrt/target/linux/generic/backport-6.12/741-v6.13-net-dsa-mv88e6xxx-fix-unreleased-fwnode_handle-in-se.patch using plaintext: 
patching file drivers/net/dsa/mv88e6xxx/chip.c

Applying /home/mgta29/src/openwrt/target/linux/generic/backport-6.12/742-v6.17-net-dsa-mv88e6xxx-Fix-fwnode-reference-leaks-in-mv88.patch using plaintext: 
patching file drivers/net/dsa/mv88e6xxx/leds.c

Applying /home/mgta29/src/openwrt/target/linux/generic/backport-6.12/750-v7.0-net-phy-move-mmd_phy_read-and-mmd_phy_write-to-phyli.patch using plaintext: 
patching file drivers/net/phy/phy-core.c
patching file include/linux/phy.h

Applying /home/mgta29/src/openwrt/target/linux/generic/backport-6.12/760-v6.18-net-phy-introduce-phy_id_compare_model-PHY-ID-helper.patch using plaintext: 
patching file include/linux/phy.h

Applying /home/mgta29/src/openwrt/target/linux/generic/backport-6.12/761-v6.19-net-phy-mxl-gpy-add-support-for-mxl86252-and-mxl86282.patch using plaintext: 
patching file drivers/net/phy/mxl-gpy.c

Applying /home/mgta29/src/openwrt/target/linux/generic/backport-6.12/762-v7.0-net-dsa-add-tag-format-for-MxL862xx-switches.patch using plaintext: 
patching file include/net/dsa.h
patching file net/dsa/Kconfig
patching file net/dsa/Makefile
patching file net/dsa/tag_mxl862xx.c
patching file include/uapi/linux/if_ether.h

Applying /home/mgta29/src/openwrt/target/linux/generic/backport-6.12/763-v7.0-net-mdio-add-unlocked-mdiodev-C45-bus-accessors.patch using plaintext: 
patching file include/linux/mdio.h

Applying /home/mgta29/src/openwrt/target/linux/generic/backport-6.12/764-v7.0-net-dsa-add-basic-initial-driver-for-MxL862xx-switch.patch using plaintext: 
patching file drivers/net/dsa/Kconfig
patching file drivers/net/dsa/Makefile
patching file drivers/net/dsa/mxl862xx/Kconfig
patching file drivers/net/dsa/mxl862xx/Makefile
patching file drivers/net/dsa/mxl862xx/mxl862xx-api.h
patching file drivers/net/dsa/mxl862xx/mxl862xx-cmd.h
patching file drivers/net/dsa/mxl862xx/mxl862xx-host.c
patching file drivers/net/dsa/mxl862xx/mxl862xx-host.h
patching file drivers/net/dsa/mxl862xx/mxl862xx.c
patching file drivers/net/dsa/mxl862xx/mxl862xx.h

Applying /home/mgta29/src/openwrt/target/linux/generic/backport-6.12/765-v7.0-net-dsa-mxl862xx-rename-MDIO-op-arguments.patch using plaintext: 
patching file drivers/net/dsa/mxl862xx/mxl862xx.c

Applying /home/mgta29/src/openwrt/target/linux/generic/backport-6.12/766-v7.0-net-dsa-mxl862xx-don-t-set-user_mii_bus.patch using plaintext: 
patching file drivers/net/dsa/mxl862xx/mxl862xx.c

Applying /home/mgta29/src/openwrt/target/linux/generic/backport-6.12/767-v7.0-net-dsa-MxL862xx-don-t-force-enable-MAXLINEAR_GPHY.patch using plaintext: 
patching file drivers/net/dsa/mxl862xx/mxl862xx-host.c

Applying /home/mgta29/src/openwrt/target/linux/generic/backport-6.12/768-v7.1-net-dsa-MxL862xx-don-t-force-enable-MAXLINEAR_GPHY.patch using plaintext: 
patching file drivers/net/dsa/mxl862xx/Kconfig

Applying /home/mgta29/src/openwrt/target/linux/generic/backport-6.12/769-v7.1-net-dsa-mxl862xx-add-CRC-for-MDIO-communication.patch using plaintext: 
patching file drivers/net/dsa/mxl862xx/Kconfig
patching file drivers/net/dsa/mxl862xx/mxl862xx-host.c
patching file drivers/net/dsa/mxl862xx/mxl862xx-host.h
patching file drivers/net/dsa/mxl862xx/mxl862xx.c
patching file drivers/net/dsa/mxl862xx/mxl862xx.h

Applying /home/mgta29/src/openwrt/target/linux/generic/backport-6.12/770-v7.1-net-dsa-mxl862xx-use-RST_DATA-to-skip-writing-zero-w.patch using plaintext: 
patching file drivers/net/dsa/mxl862xx/mxl862xx-host.c

Applying /home/mgta29/src/openwrt/target/linux/generic/backport-6.12/771-v7.1-net-dsa-mxl862xx-cancel-pending-work-on-probe-error.patch using plaintext: 
patching file drivers/net/dsa/mxl862xx/mxl862xx.c

Applying /home/mgta29/src/openwrt/target/linux/generic/backport-6.12/772-v7.1-net-dsa-move-dsa_bridge_ports-helper-to-dsa.h.patch using plaintext: 
patching file include/net/dsa.h

Applying /home/mgta29/src/openwrt/target/linux/generic/backport-6.12/773-v7.1-net-dsa-add-bridge-member-iteration-macro.patch using plaintext: 
patching file include/net/dsa.h

Applying /home/mgta29/src/openwrt/target/linux/generic/backport-6.12/774-v7.1-dsa-tag_mxl862xx-set-dsa_default_offload_fwd_mark.patch using plaintext: 
patching file net/dsa/tag_mxl862xx.c

Applying /home/mgta29/src/openwrt/target/linux/generic/backport-6.12/775-v7.1-net-dsa-mxl862xx-implement-bridge-offloading.patch using plaintext: 
patching file drivers/net/dsa/mxl862xx/mxl862xx-api.h
patching file drivers/net/dsa/mxl862xx/mxl862xx-cmd.h
patching file drivers/net/dsa/mxl862xx/mxl862xx.c
patching file drivers/net/dsa/mxl862xx/mxl862xx.h

Applying /home/mgta29/src/openwrt/target/linux/generic/backport-6.12/776-v7.1-net-dsa-mxl862xx-reject-DSA_PORT_TYPE_DSA.patch using plaintext: 
patching file drivers/net/dsa/mxl862xx/mxl862xx.c

Applying /home/mgta29/src/openwrt/target/linux/generic/backport-6.12/777-v7.1-net-dsa-mxl862xx-don-t-skip-early-bridge-port-config.patch using plaintext: 
patching file drivers/net/dsa/mxl862xx/mxl862xx.c

Applying /home/mgta29/src/openwrt/target/linux/generic/backport-6.12/778-v7.1-net-dsa-mxl862xx-implement-VLAN-functionality.patch using plaintext: 
patching file drivers/net/dsa/mxl862xx/mxl862xx-api.h
patching file drivers/net/dsa/mxl862xx/mxl862xx-cmd.h
patching file drivers/net/dsa/mxl862xx/mxl862xx.c
patching file drivers/net/dsa/mxl862xx/mxl862xx.h

Applying /home/mgta29/src/openwrt/target/linux/generic/backport-6.12/779-v7.1-net-dsa-mxl862xx-add-ethtool-statistics-support.patch using plaintext: 
patching file drivers/net/dsa/mxl862xx/mxl862xx-api.h
patching file drivers/net/dsa/mxl862xx/mxl862xx-cmd.h
patching file drivers/net/dsa/mxl862xx/mxl862xx.c

Applying /home/mgta29/src/openwrt/target/linux/generic/backport-6.12/780-01-v6.13-r8169-remove-original-workaround-for-RTL8125-broken-.patch using plaintext: 
patching file drivers/net/ethernet/realtek/r8169_main.c

Applying /home/mgta29/src/openwrt/target/linux/generic/backport-6.12/780-02-v6.13-r8169-enable-SG-TSO-on-selected-chip-versions-per-de.patch using plaintext: 
patching file drivers/net/ethernet/realtek/r8169_main.c

Applying /home/mgta29/src/openwrt/target/linux/generic/backport-6.12/780-03-v6.13-r8169-implement-additional-ethtool-stats-ops.patch using plaintext: 
patching file drivers/net/ethernet/realtek/r8169_main.c

Applying /home/mgta29/src/openwrt/target/linux/generic/backport-6.12/780-04-v6.13-r8169-don-t-take-RTNL-lock-in-rtl_task.patch using plaintext: 
patching file drivers/net/ethernet/realtek/r8169_main.c

Applying /home/mgta29/src/openwrt/target/linux/generic/backport-6.12/780-05-v6.13-replace-custom-flag-with-disable_work-et-al.patch using plaintext: 
patching file drivers/net/ethernet/realtek/r8169_main.c

Applying /home/mgta29/src/openwrt/target/linux/generic/backport-6.12/780-06-v6.13-r8169-avoid-duplicated-messages-if-loading-firmware-.patch using plaintext: 
patching file drivers/net/ethernet/realtek/r8169_firmware.c

Applying /home/mgta29/src/openwrt/target/linux/generic/backport-6.12/780-07-v6.13-r8169-remove-rtl_dash_loop_wait_high-low.patch using plaintext: 
patching file drivers/net/ethernet/realtek/r8169_main.c

Applying /home/mgta29/src/openwrt/target/linux/generic/backport-6.12/780-08-v6.13-r8169-enable-EEE-at-2.5G-per-default-on-RTL8125B.patch using plaintext: 
patching file drivers/net/ethernet/realtek/r8169_phy_config.c

Applying /home/mgta29/src/openwrt/target/linux/generic/backport-6.12/780-10-v6.13-r8169-fix-inconsistent-indenting-in-rtl8169_get_eth_.patch using plaintext: 
patching file drivers/net/ethernet/realtek/r8169_main.c

Applying /home/mgta29/src/openwrt/target/linux/generic/backport-6.12/780-11-v6.13-r8169-align-RTL8125-EEE-config-with-vendor-driver.patch using plaintext: 
patching file drivers/net/ethernet/realtek/r8169_phy_config.c

Applying /home/mgta29/src/openwrt/target/linux/generic/backport-6.12/780-12-v6.13-r8169-align-RTL8125-RTL8126-PHY-config-with-vendor-d.patch using plaintext: 
patching file drivers/net/ethernet/realtek/r8169_phy_config.c

Applying /home/mgta29/src/openwrt/target/linux/generic/backport-6.12/780-13-v6.13-r8169-align-RTL8126-EEE-config-with-vendor-driver.patch using plaintext: 
patching file drivers/net/ethernet/realtek/r8169_phy_config.c

Applying /home/mgta29/src/openwrt/target/linux/generic/backport-6.12/780-14-v6.13-r8169-improve-initialization-of-RSS-registers-on-RTL.patch using plaintext: 
patching file drivers/net/ethernet/realtek/r8169_main.c

Applying /home/mgta29/src/openwrt/target/linux/generic/backport-6.12/780-15-v6.13-r8169-remove-leftover-locks-after-reverted-change.patch using plaintext: 
patching file drivers/net/ethernet/realtek/r8169_main.c

Applying /home/mgta29/src/openwrt/target/linux/generic/backport-6.12/780-16-v6.13-r8169-improve-__rtl8169_set_wol.patch using plaintext: 
patching file drivers/net/ethernet/realtek/r8169_main.c

Applying /home/mgta29/src/openwrt/target/linux/generic/backport-6.12/780-17-v6.13-r8169-improve-rtl_set_d3_pll_down.patch using plaintext: 
patching file drivers/net/ethernet/realtek/r8169_main.c

Applying /home/mgta29/src/openwrt/target/linux/generic/backport-6.12/780-18-v6.13-r8169-align-WAKE_PHY-handling-with-r8125-r8126-vendo.patch using plaintext: 
patching file drivers/net/ethernet/realtek/r8169_main.c

Applying /home/mgta29/src/openwrt/target/linux/generic/backport-6.12/780-19-v6.13-r8169-use-helper-r8169_mod_reg8_cond-to-simplify-rtl.patch using plaintext: 
patching file drivers/net/ethernet/realtek/r8169_main.c

Applying /home/mgta29/src/openwrt/target/linux/generic/backport-6.12/780-20-v6.13-r8169-copy-vendor-driver-2.5G-5G-EEE-advertisement-c.patch using plaintext: 
patching file drivers/net/ethernet/realtek/r8169_main.c
patching file drivers/net/ethernet/realtek/r8169_phy_config.c

Applying /home/mgta29/src/openwrt/target/linux/generic/backport-6.12/780-21-v6.14-r8169-remove-unused-flag-RTL_FLAG_TASK_RESET_NO_QUEU.patch using plaintext: 
patching file drivers/net/ethernet/realtek/r8169_main.c

Applying /home/mgta29/src/openwrt/target/linux/generic/backport-6.12/780-22-v6.14-r8169-remove-support-for-chip-version-11.patch using plaintext: 
patching file drivers/net/ethernet/realtek/r8169.h
patching file drivers/net/ethernet/realtek/r8169_main.c
patching file drivers/net/ethernet/realtek/r8169_phy_config.c

Applying /home/mgta29/src/openwrt/target/linux/generic/backport-6.12/780-23-v6.14-r8169-adjust-version-numbering-for-RTL8126.patch using plaintext: 
patching file drivers/net/ethernet/realtek/r8169.h
patching file drivers/net/ethernet/realtek/r8169_main.c
patching file drivers/net/ethernet/realtek/r8169_phy_config.c

Applying /home/mgta29/src/openwrt/target/linux/generic/backport-6.12/780-24-v6.14-r8169-add-support-for-RTL8125D-rev.b.patch using plaintext: 
patching file drivers/net/ethernet/realtek/r8169.h
patching file drivers/net/ethernet/realtek/r8169_main.c
patching file drivers/net/ethernet/realtek/r8169_phy_config.c

Applying /home/mgta29/src/openwrt/target/linux/generic/backport-6.12/780-25-v6.14-r8169-add-support-for-RTL8125BP-rev.b.patch using plaintext: 
patching file drivers/net/ethernet/realtek/r8169.h
patching file drivers/net/ethernet/realtek/r8169_main.c
patching file drivers/net/ethernet/realtek/r8169_phy_config.c

Applying /home/mgta29/src/openwrt/target/linux/generic/backport-6.12/780-26-v6.15-r8169-make-Kconfig-option-for-LED-support-user-visib.patch using plaintext: 
patching file drivers/net/ethernet/realtek/Kconfig

Applying /home/mgta29/src/openwrt/target/linux/generic/backport-6.12/780-28-v6.15-r8169-add-support-for-Intel-Killer-E5000.patch using plaintext: 
patching file drivers/net/ethernet/realtek/r8169_main.c

Applying /home/mgta29/src/openwrt/target/linux/generic/backport-6.12/780-29-v6.15-r8169-add-PHY-c45-ops-for-MDIO_MMD_VENDOR2-registers.patch using plaintext: 
patching file drivers/net/ethernet/realtek/r8169_main.c

Applying /home/mgta29/src/openwrt/target/linux/generic/backport-6.12/780-30-v6.15-r8169-increase-max-jumbo-packet-size-on-RTL8125-RTL8.patch using plaintext: 
patching file drivers/net/ethernet/realtek/r8169_main.c

Applying /home/mgta29/src/openwrt/target/linux/generic/backport-6.12/780-31-v6.15-r8169-switch-away-from-deprecated-pcim_iomap_table.patch using plaintext: 
patching file drivers/net/ethernet/realtek/r8169_main.c

Applying /home/mgta29/src/openwrt/target/linux/generic/backport-6.12/780-32-v6.15-r8169-enable-RTL8168H-RTL8168EP-RTL8168FP-ASPM-suppo.patch using plaintext: 
patching file drivers/net/ethernet/realtek/r8169_main.c

Applying /home/mgta29/src/openwrt/target/linux/generic/backport-6.12/780-34-v6.16-r8169-add-helper-rtl_csi_mod-for-accessing-extended.patch using plaintext: 
patching file drivers/net/ethernet/realtek/r8169_main.c

Applying /home/mgta29/src/openwrt/target/linux/generic/backport-6.12/780-35-v6.16-r8169-add-helper-rtl8125_phy_param.patch using plaintext: 
patching file drivers/net/ethernet/realtek/r8169_phy_config.c

Applying /home/mgta29/src/openwrt/target/linux/generic/backport-6.12/780-36-v6.16-r8169-refactor-chip-version-detection.patch using plaintext: 
patching file drivers/net/ethernet/realtek/r8169_main.c

Applying /home/mgta29/src/openwrt/target/linux/generic/backport-6.12/780-37-v6.16-r8169-add-RTL_GIGA_MAC_VER_LAST-to-facilitate-adding.patch using plaintext: 
patching file drivers/net/ethernet/realtek/r8169.h
patching file drivers/net/ethernet/realtek/r8169_main.c

Applying /home/mgta29/src/openwrt/target/linux/generic/backport-6.12/780-38-v6.16-r8169-use-pci_prepare_to_sleep-in-rtl_shutdown.patch using plaintext: 
patching file drivers/net/ethernet/realtek/r8169_main.c

Applying /home/mgta29/src/openwrt/target/linux/generic/backport-6.12/780-39-v6.16-r8169-merge-chip-versions-70-and-71-RTL8126A.patch using plaintext: 
patching file drivers/net/ethernet/realtek/r8169.h
patching file drivers/net/ethernet/realtek/r8169_main.c
patching file drivers/net/ethernet/realtek/r8169_phy_config.c

Applying /home/mgta29/src/openwrt/target/linux/generic/backport-6.12/780-40-v6.16-r8169-merge-chip-versions-64-and-65-RTL8125D.patch using plaintext: 
patching file drivers/net/ethernet/realtek/r8169.h
patching file drivers/net/ethernet/realtek/r8169_main.c
patching file drivers/net/ethernet/realtek/r8169_phy_config.c

Applying /home/mgta29/src/openwrt/target/linux/generic/backport-6.12/780-41-v6.16-r8169-merge-chip-versions-52-and-53-RTL8117.patch using plaintext: 
patching file drivers/net/ethernet/realtek/r8169.h
patching file drivers/net/ethernet/realtek/r8169_main.c
patching file drivers/net/ethernet/realtek/r8169_phy_config.c

Applying /home/mgta29/src/openwrt/target/linux/generic/backport-6.12/780-42-v6.16-r8169-add-support-for-RTL8127A.patch using plaintext: 
patching file drivers/net/ethernet/realtek/r8169.h
patching file drivers/net/ethernet/realtek/r8169_main.c
patching file drivers/net/ethernet/realtek/r8169_phy_config.c

Applying /home/mgta29/src/openwrt/target/linux/generic/backport-6.12/780-v7.1-net-dsa-mxl862xx-implement-.get_stats64.patch using plaintext: 
patching file drivers/net/dsa/mxl862xx/mxl862xx-host.c
patching file drivers/net/dsa/mxl862xx/mxl862xx.c
patching file drivers/net/dsa/mxl862xx/mxl862xx.h

Applying /home/mgta29/src/openwrt/target/linux/generic/backport-6.12/781-01-v6.13-net-phy-realtek-read-duplex-and-gbit-master-from-PHY.patch using plaintext: 
patching file drivers/net/phy/realtek.c

Applying /home/mgta29/src/openwrt/target/linux/generic/backport-6.12/781-02-v6.13-net-phy-realtek-change-order-of-calls-in-C22-read_st.patch using plaintext: 
patching file drivers/net/phy/realtek.c

Applying /home/mgta29/src/openwrt/target/linux/generic/backport-6.12/781-03-v6.13-net-phy-realtek-clear-1000Base-T-link-partner-advert.patch using plaintext: 
patching file drivers/net/phy/realtek.c

Applying /home/mgta29/src/openwrt/target/linux/generic/backport-6.12/781-06-v6.14-net-phy-realtek-add-support-for-reading-MDIO_MMD_VEN.patch using plaintext: 
patching file drivers/net/phy/realtek.c

Applying /home/mgta29/src/openwrt/target/linux/generic/backport-6.12/781-07-v6.14-net-phy-realtek-clear-1000Base-T-lpa-if-link-is-down.patch using plaintext: 
patching file drivers/net/phy/realtek.c

Applying /home/mgta29/src/openwrt/target/linux/generic/backport-6.12/781-08-v6.14-net-phy-realtek-clear-master_slave_state-if-link-is-.patch using plaintext: 
patching file drivers/net/phy/realtek.c

Applying /home/mgta29/src/openwrt/target/linux/generic/backport-6.12/781-09-v6.14-net-phy-realtek-always-clear-NBase-T-lpa.patch using plaintext: 
patching file drivers/net/phy/realtek.c

Applying /home/mgta29/src/openwrt/target/linux/generic/backport-6.12/781-10-v6.14-net-phy-move-realtek-PHY-driver-to-its-own-subdirect.patch using plaintext: 
patching file drivers/net/phy/Kconfig
patching file drivers/net/phy/Makefile
patching file drivers/net/phy/realtek/Kconfig
patching file drivers/net/phy/realtek/Makefile
patching file drivers/net/phy/realtek.c
patching file drivers/net/phy/realtek/realtek_main.c

Applying /home/mgta29/src/openwrt/target/linux/generic/backport-6.12/781-11-v6.14-net-phy-realtek-add-hwmon-support-for-temp-sensor-on.patch using plaintext: 
patching file drivers/net/phy/realtek/Kconfig
patching file drivers/net/phy/realtek/Makefile
patching file drivers/net/phy/realtek/realtek.h
patching file drivers/net/phy/realtek/realtek_hwmon.c
patching file drivers/net/phy/realtek/realtek_main.c

Applying /home/mgta29/src/openwrt/target/linux/generic/backport-6.12/781-12-v6.14-net-phy-realtek-HWMON-support-for-standalone-version.patch using plaintext: 
patching file drivers/net/phy/realtek/realtek_main.c

Applying /home/mgta29/src/openwrt/target/linux/generic/backport-6.12/781-13-v6.15-net-phy-realtek-make-HWMON-support-a-user-visible-Kc.patch using plaintext: 
patching file drivers/net/phy/realtek/Kconfig

Applying /home/mgta29/src/openwrt/target/linux/generic/backport-6.12/781-14-v6.15-net-phy-realtek-use-string-choices-helpers.patch using plaintext: 
patching file drivers/net/phy/realtek/realtek_main.c

Applying /home/mgta29/src/openwrt/target/linux/generic/backport-6.12/781-15-v6.15-net-phy-realtek-improve-mmd-register-access-for-inte.patch using plaintext: 
patching file drivers/net/phy/realtek/realtek_main.c

Applying /home/mgta29/src/openwrt/target/linux/generic/backport-6.12/781-16-v6.15-net-phy-realtek-switch-from-paged-to-MMD-ops-in-rtl8.patch using plaintext: 
patching file drivers/net/phy/realtek/realtek_main.c

Applying /home/mgta29/src/openwrt/target/linux/generic/backport-6.12/781-17-v6.15-net-phy-realtek-add-helper-RTL822X_VND2_C22_REG.patch using plaintext: 
patching file drivers/net/phy/realtek/realtek_main.c

Applying /home/mgta29/src/openwrt/target/linux/generic/backport-6.12/781-18-v6.15-net-phy-realtek-add-defines-for-shadowed-c45-standar.patch using plaintext: 
patching file drivers/net/phy/realtek/realtek_main.c

Applying /home/mgta29/src/openwrt/target/linux/generic/backport-6.12/781-19-v6.15-net-phy-realtek-disable-PHY-mode-EEE.patch using plaintext: 
patching file drivers/net/phy/realtek/realtek_main.c

Applying /home/mgta29/src/openwrt/target/linux/generic/backport-6.12/781-20-v6.16-net-phy-realtek-Add-support-for-WOL-magic-packet-on.patch using plaintext: 
patching file drivers/net/phy/realtek/realtek_main.c

Applying /home/mgta29/src/openwrt/target/linux/generic/backport-6.12/781-21-v6.16-net-phy-realtek-remove-unsed-RTL821x_PHYSR-macros.patch using plaintext: 
patching file drivers/net/phy/realtek/realtek_main.c

Applying /home/mgta29/src/openwrt/target/linux/generic/backport-6.12/781-22-v6.16-net-phy-realtek-Clean-up-RTL821x-ExtPage-access.patch using plaintext: 
patching file drivers/net/phy/realtek/realtek_main.c

Applying /home/mgta29/src/openwrt/target/linux/generic/backport-6.12/781-23-v6.16-net-phy-realtek-add-RTL8211F-register-defines.patch using plaintext: 
patching file drivers/net/phy/realtek/realtek_main.c

Applying /home/mgta29/src/openwrt/target/linux/generic/backport-6.12/781-24-v6.16-net-phy-realtek-Group-RTL82-macro-definitions.patch using plaintext: 
patching file drivers/net/phy/realtek/realtek_main.c

Applying /home/mgta29/src/openwrt/target/linux/generic/backport-6.12/781-25-v6.16-net-phy-realtek-use-__set_bit-in-rtl8211f_led_hw_con.patch using plaintext: 
patching file drivers/net/phy/realtek/realtek_main.c

Applying /home/mgta29/src/openwrt/target/linux/generic/backport-6.12/781-26-v6.16-net-phy-realtek-Add-support-for-PHY-LEDs-on-RTL8211E.patch using plaintext: 
patching file drivers/net/phy/realtek/realtek_main.c

Applying /home/mgta29/src/openwrt/target/linux/generic/backport-6.12/781-27-v6.16-net-phy-realtek-add-RTL8127-internal-PHY.patch using plaintext: 
patching file drivers/net/phy/realtek/realtek_main.c

Applying /home/mgta29/src/openwrt/target/linux/generic/backport-6.12/781-28-v6.18-net-phy-realtek-convert-RTL8226-CG-to-c45-only.patch using plaintext: 
patching file drivers/net/phy/realtek/realtek_main.c

Applying /home/mgta29/src/openwrt/target/linux/generic/backport-6.12/781-29-v6.18-net-phy-realtek-enable-serdes-option-mode-for-RTL8226-CG.patch using plaintext: 
patching file drivers/net/phy/realtek/realtek_main.c

Applying /home/mgta29/src/openwrt/target/linux/generic/backport-6.12/782-01-v6.16-net-phy-pass-PHY-driver-to-.match_phy_device-OP.patch using plaintext: 
patching file drivers/net/phy/bcm87xx.c
patching file drivers/net/phy/icplus.c
patching file drivers/net/phy/marvell10g.c
patching file drivers/net/phy/micrel.c
patching file drivers/net/phy/nxp-c45-tja11xx.c
patching file drivers/net/phy/nxp-tja11xx.c
patching file drivers/net/phy/phy_device.c
patching file drivers/net/phy/realtek/realtek_main.c
patching file drivers/net/phy/teranetics.c
patching file include/linux/phy.h
patching file rust/kernel/net/phy.rs

Applying /home/mgta29/src/openwrt/target/linux/generic/backport-6.12/782-04-v6.16-net-phy-introduce-genphy_match_phy_device.patch using plaintext: 
patching file drivers/net/phy/phy_device.c
patching file include/linux/phy.h

Applying /home/mgta29/src/openwrt/target/linux/generic/backport-6.12/782-05-v6.16-net-phy-Add-support-for-Aeonsemi-AS21xxx-PHYs.patch using plaintext: 
patching file MAINTAINERS
patching file drivers/net/phy/Kconfig
patching file drivers/net/phy/Makefile
patching file drivers/net/phy/as21xxx.c

Applying /home/mgta29/src/openwrt/target/linux/generic/backport-6.12/783-01-v6.18-net-dsa-Move-KS8995-to-the-DSA-subsystem.patch using plaintext: 
patching file drivers/net/dsa/Kconfig
patching file drivers/net/dsa/Makefile
patching file drivers/net/phy/Kconfig
patching file drivers/net/phy/Makefile
patching file drivers/net/dsa/ks8995.c
patching file drivers/net/phy/spi_ks8995.c

Applying /home/mgta29/src/openwrt/target/linux/generic/backport-6.12/783-02-v6.18-net-dsa-ks8995-Add-proper-RESET-delay.patch using plaintext: 
patching file drivers/net/dsa/ks8995.c

Applying /home/mgta29/src/openwrt/target/linux/generic/backport-6.12/783-03-v6.18-net-dsa-ks8995-Delete-sysfs-register-access.patch using plaintext: 
patching file drivers/net/dsa/ks8995.c

Applying /home/mgta29/src/openwrt/target/linux/generic/backport-6.12/783-04-v6.18-net-dsa-ks8995-Add-basic-switch-set-up.patch using plaintext: 
patching file drivers/net/dsa/Kconfig
patching file drivers/net/dsa/ks8995.c

Applying /home/mgta29/src/openwrt/target/linux/generic/backport-6.12/784-01-v6.17-net-phy-realtek-add-error-handling-to-rtl8211f_get_w.patch using plaintext: 
patching file drivers/net/phy/realtek/realtek_main.c

Applying /home/mgta29/src/openwrt/target/linux/generic/backport-6.12/784-02-v6.18-net-phy-realtek-Avoid-PHYCR2-access-if-PHYCR2-not-pr.patch using plaintext: 
patching file drivers/net/phy/realtek/realtek_main.c

Applying /home/mgta29/src/openwrt/target/linux/generic/backport-6.12/784-02-v6.18-net-phy-realtek-fix-RTL8211F-wake-on-lan-support.patch using plaintext: 
patching file drivers/net/phy/realtek/realtek_main.c

Applying /home/mgta29/src/openwrt/target/linux/generic/backport-6.12/784-03-v6.18-net-phy-realtek-fix-rtl8221b-vm-cg-name.patch using plaintext: 
patching file drivers/net/phy/realtek/realtek_main.c

Applying /home/mgta29/src/openwrt/target/linux/generic/backport-6.12/784-03-v6.18-net-phy-realtek-support-for-TRIGGER_NETDEV_LINK-on-R.patch using plaintext: 
patching file drivers/net/phy/realtek/realtek_main.c

Applying /home/mgta29/src/openwrt/target/linux/generic/backport-6.12/784-06-v6.19-net-phy-realtek-Add-RTL8224-cable-testing-support.patch using plaintext: 
patching file drivers/net/phy/realtek/realtek_main.c

Applying /home/mgta29/src/openwrt/target/linux/generic/backport-6.12/784-07-v6.19-net-phy-realtek-add-interrupt-support-for-RTL8221B.patch using plaintext: 
patching file drivers/net/phy/realtek/realtek_main.c

Applying /home/mgta29/src/openwrt/target/linux/generic/backport-6.12/784-08-v6.19-net-phy-realtek-create-rtl8211f_config_rgmii_delay.patch using plaintext: 
patching file drivers/net/phy/realtek/realtek_main.c

Applying /home/mgta29/src/openwrt/target/linux/generic/backport-6.12/784-09-v6.19-net-phy-realtek-eliminate-priv-phycr2-variable.patch using plaintext: 
patching file drivers/net/phy/realtek/realtek_main.c

Applying /home/mgta29/src/openwrt/target/linux/generic/backport-6.12/784-10-v6.19-net-phy-realtek-eliminate-has_phycr2-variable.patch using plaintext: 
patching file drivers/net/phy/realtek/realtek_main.c

Applying /home/mgta29/src/openwrt/target/linux/generic/backport-6.12/784-11-v6.19-net-phy-realtek-allow-CLKOUT-to-be-disabled-on-RTL82.patch using plaintext: 
patching file drivers/net/phy/realtek/realtek_main.c

Applying /home/mgta29/src/openwrt/target/linux/generic/backport-6.12/784-12-v6.19-net-phy-realtek-eliminate-priv-phycr1-variable.patch using plaintext: 
patching file drivers/net/phy/realtek/realtek_main.c

Applying /home/mgta29/src/openwrt/target/linux/generic/backport-6.12/784-13-v6.19-net-phy-realtek-create-rtl8211f_config_phy_eee-helpe.patch using plaintext: 
patching file drivers/net/phy/realtek/realtek_main.c

Applying /home/mgta29/src/openwrt/target/linux/generic/backport-6.12/785-v6.18-r8169-fix-RTL8127-hang-on-suspend-shutdown.patch using plaintext: 
patching file drivers/net/ethernet/realtek/r8169_main.c

Applying /home/mgta29/src/openwrt/target/linux/generic/backport-6.12/786-01-v6.18-net-phy-introduce-phy_id_compare_vendor-PHY-ID-helpe.patch using plaintext: 
patching file include/linux/phy.h

Applying /home/mgta29/src/openwrt/target/linux/generic/backport-6.12/786-02-v6.18-net-phy-as21xxx-better-handle-PHY-HW-reset-on-soft-r.patch using plaintext: 
patching file drivers/net/phy/as21xxx.c

Applying /home/mgta29/src/openwrt/target/linux/generic/backport-6.12/787-v6.19-net-phy-RTL8211FVD-Restore-disabling-of-PHY-mode-EEE.patch using plaintext: 
patching file drivers/net/phy/realtek/realtek_main.c

Applying /home/mgta29/src/openwrt/target/linux/generic/backport-6.12/788-v7.0-net-phy-realtek-fix-whitespace-in-struct-phy_driver-.patch using plaintext: 
patching file drivers/net/phy/realtek/realtek_main.c

Applying /home/mgta29/src/openwrt/target/linux/generic/backport-6.12/789-v7.0-net-phy-realtek-implement-configuring-in-band-an.patch using plaintext: 
patching file drivers/net/phy/realtek/realtek_main.c

Applying /home/mgta29/src/openwrt/target/linux/generic/backport-6.12/790-v7.0-net-phy-realtek-use-paged-access-for-MDIO_MMD_VEND2-.patch using plaintext: 
patching file drivers/net/phy/realtek/realtek_main.c

Applying /home/mgta29/src/openwrt/target/linux/generic/backport-6.12/791-v7.0-net-phy-realtek-get-rid-of-magic-number-in-rtlgen_re.patch using plaintext: 
patching file drivers/net/phy/realtek/realtek_main.c

Applying /home/mgta29/src/openwrt/target/linux/generic/backport-6.12/792-v7.0-net-phy-realtek-add-dummy-PHY-driver-for-RTL8127ATF.patch using plaintext: 
patching file MAINTAINERS
patching file drivers/net/phy/realtek/realtek_main.c
patching file include/net/phy/realtek_phy.h

Applying /home/mgta29/src/openwrt/target/linux/generic/backport-6.12/793-v7.0-net-phy-realtek-fix-in-band-capabilities-for-2.5G-PH.patch using plaintext: 
patching file drivers/net/phy/realtek/realtek_main.c

Applying /home/mgta29/src/openwrt/target/linux/generic/backport-6.12/794-v7.0-net-phy-realtek-support-interrupt-also-for-C22-varia.patch using plaintext: 
patching file drivers/net/phy/realtek/realtek_main.c

Applying /home/mgta29/src/openwrt/target/linux/generic/backport-6.12/795-v7.0-net-phy-realtek-simplify-C22-reg-access-via-MDIO_MMD.patch using plaintext: 
patching file drivers/net/phy/realtek/realtek_main.c

Applying /home/mgta29/src/openwrt/target/linux/generic/backport-6.12/796-v7.0-net-phy-realtek-reunify-C22-and-C45-drivers.patch using plaintext: 
patching file drivers/net/phy/realtek/realtek_main.c

Applying /home/mgta29/src/openwrt/target/linux/generic/backport-6.12/797-v7.0-net-phy-realtek-demystify-PHYSR-register-location.patch using plaintext: 
patching file drivers/net/phy/realtek/realtek_main.c

Applying /home/mgta29/src/openwrt/target/linux/generic/backport-6.12/798-v7.0-net-phy-realtek-simplify-bogus-paged-operations.patch using plaintext: 
patching file drivers/net/phy/realtek/realtek_main.c

Applying /home/mgta29/src/openwrt/target/linux/generic/backport-6.12/799-v7.0-mtd-physmap-core-Prioritize-ofparts-for-OF-probe.patch using plaintext: 
patching file drivers/mtd/maps/physmap-core.c

Applying /home/mgta29/src/openwrt/target/linux/generic/backport-6.12/800-v6.13-hwmon-Add-static-visibility-member-to-struct-hwmon_o.patch using plaintext: 
patching file drivers/hwmon/hwmon.c
patching file include/linux/hwmon.h

Applying /home/mgta29/src/openwrt/target/linux/generic/backport-6.12/801-01-v6.13-dt-bindings-clocks-add-binding-for-gated-fixed-clock.patch using plaintext: 
patching file Documentation/devicetree/bindings/clock/gated-fixed-clock.yaml

Applying /home/mgta29/src/openwrt/target/linux/generic/backport-6.12/801-02-v6.13-clk-clk-gpio-update-documentation-for-gpio-gate-cloc.patch using plaintext: 
patching file drivers/clk/clk-gpio.c

Applying /home/mgta29/src/openwrt/target/linux/generic/backport-6.12/801-03-v6.13-clk-clk-gpio-use-dev_err_probe-for-gpio-get-failure.patch using plaintext: 
patching file drivers/clk/clk-gpio.c

Applying /home/mgta29/src/openwrt/target/linux/generic/backport-6.12/801-04-v6.13-clk-clk-gpio-add-driver-for-gated-fixed-clocks.patch using plaintext: 
patching file drivers/clk/clk-gpio.c

Applying /home/mgta29/src/openwrt/target/linux/generic/backport-6.12/810-v6.14-gpio-regmap-Use-generic-request-free-ops.patch using plaintext: 
patching file drivers/gpio/gpio-regmap.c

Applying /home/mgta29/src/openwrt/target/linux/generic/backport-6.12/813-v6.16-pinctrl-aw9523-fix-can_sleep-flag-for-GPIO-chip.patch using plaintext: 
patching file drivers/pinctrl/pinctrl-aw9523.c

Applying /home/mgta29/src/openwrt/target/linux/generic/backport-6.12/820-v6.15-power-supply-sysfs-remove-duplicate-nul-termination-to-fix-build-with-GCC15.patch using plaintext: 
patching file drivers/power/supply/power_supply_sysfs.c

Applying /home/mgta29/src/openwrt/target/linux/generic/backport-6.12/821-01-v7.0-dt-bindings-gpio-add-gpio-line-mux-controller.patch using plaintext: 
patching file Documentation/devicetree/bindings/gpio/gpio-line-mux.yaml

Applying /home/mgta29/src/openwrt/target/linux/generic/backport-6.12/821-02-v7.0-gpio-add-gpio-line-mux-driver.patch using plaintext: 
patching file MAINTAINERS
patching file drivers/gpio/Kconfig
patching file drivers/gpio/Makefile
patching file drivers/gpio/gpio-line-mux.c

Applying /home/mgta29/src/openwrt/target/linux/generic/backport-6.12/821-03-v7.0-gpio-line-mux-remove-bits-already-handled-by-GPIO-co.patch using plaintext: 
patching file drivers/gpio/gpio-line-mux.c

Applying /home/mgta29/src/openwrt/target/linux/generic/backport-6.12/822-v6.19-ALSA-usb-audio-Convert-to-common-field_-get-prep-hel.patch using plaintext: 
patching file sound/usb/mixer_quirks.c

Applying /home/mgta29/src/openwrt/target/linux/generic/backport-6.12/823-v6.19-clk-at91-Convert-to-common-field_-get-prep-helpers.patch using plaintext: 
patching file drivers/clk/at91/clk-peripheral.c
patching file drivers/clk/at91/pmc.h

Applying /home/mgta29/src/openwrt/target/linux/generic/backport-6.12/824-v6.19-iio-mlx90614-Convert-to-common-field_-get-prep-helpe.patch using plaintext: 
patching file drivers/iio/temperature/mlx90614.c

Applying /home/mgta29/src/openwrt/target/linux/generic/backport-6.12/825-v6.19-pinctrl-ma35-Convert-to-common-field_-get-prep-helpe.patch using plaintext: 
patching file drivers/pinctrl/nuvoton/pinctrl-ma35.c

Applying /home/mgta29/src/openwrt/target/linux/generic/backport-6.12/830-01-v6.15-hwmon-emc2305-Add-OF-support.patch using plaintext: 
patching file drivers/hwmon/emc2305.c

Applying /home/mgta29/src/openwrt/target/linux/generic/backport-6.12/830-02-v6.15-hwmon-emc2305-Use-devm_thermal_of_cooling_device_reg.patch using plaintext: 
patching file drivers/hwmon/emc2305.c

Applying /home/mgta29/src/openwrt/target/linux/generic/backport-6.12/830-03-v6.17-hwmon-emc2305-Add-support-for-PWM-frequency-polarity.patch using plaintext: 
patching file drivers/hwmon/emc2305.c
patching file include/linux/platform_data/emc2305.h

Applying /home/mgta29/src/openwrt/target/linux/generic/backport-6.12/830-04-v6.17-hwmon-emc2305-Configure-PWM-channels-based-on-DT-pro.patch using plaintext: 
patching file drivers/hwmon/emc2305.c

Applying /home/mgta29/src/openwrt/target/linux/generic/backport-6.12/830-05-v6.17-hwmon-emc2305-Enable-PWM-polarity-and-output-configu.patch using plaintext: 
patching file drivers/hwmon/emc2305.c

Applying /home/mgta29/src/openwrt/target/linux/generic/backport-6.12/830-06-v6.19-hwmon-emc2305-fix-double-put-in-emc2305_probe_childs.patch using plaintext: 
patching file drivers/hwmon/emc2305.c

Applying /home/mgta29/src/openwrt/target/linux/generic/backport-6.12/830-07-v6.19-hwmon-emc2305-fix-device-node-refcount-leak-in-error.patch using plaintext: 
patching file drivers/hwmon/emc2305.c

Applying /home/mgta29/src/openwrt/target/linux/generic/backport-6.12/830-08-v7.0-hwmon-emc2305-Simplify-with-scoped-for-each-OF-child.patch using plaintext: 
patching file drivers/hwmon/emc2305.c

Applying /home/mgta29/src/openwrt/target/linux/generic/backport-6.12/830-09-v7.0-hwmon-emc2305-Fix-a-resource-leak-in-emc2305_of_pars.patch using plaintext: 
patching file drivers/hwmon/emc2305.c

Applying /home/mgta29/src/openwrt/target/linux/generic/backport-6.12/891-v6.14-dt-bindings-leds-Add-LED1202-LED-Controller.patch using plaintext: 
patching file Documentation/devicetree/bindings/leds/st,led1202.yaml

Applying /home/mgta29/src/openwrt/target/linux/generic/backport-6.12/892-v6.14-leds-Add-LED1202-I2C-driver.patch using plaintext: 
patching file drivers/leds/Kconfig
patching file drivers/leds/Makefile
patching file drivers/leds/leds-st1202.c

Applying /home/mgta29/src/openwrt/target/linux/generic/backport-6.12/893-v6.14-leds_st1202-Fix-NULL-pointer-access-error.patch using plaintext: 
patching file drivers/leds/leds-st1202.c

Applying /home/mgta29/src/openwrt/target/linux/generic/backport-6.12/900-v6.14-driver-core-add-a-faux-bus-for-use-when-a-simple-dev.patch using plaintext: 
patching file Documentation/driver-api/infrastructure.rst
patching file drivers/base/Makefile
patching file drivers/base/base.h
patching file drivers/base/faux.c
patching file drivers/base/init.c
patching file include/linux/device/faux.h

Applying /home/mgta29/src/openwrt/target/linux/generic/backport-6.12/901-v6.14-PCI-dwc-Add-dw_pcie_suspend_noirq-dw_pcie_resume.patch using plaintext: 
patching file drivers/pci/controller/dwc/pcie-designware.h

Applying /home/mgta29/src/openwrt/target/linux/generic/backport-6.12/902-v6.16-genirq-msi-Add-helper-for-creating-MSI-parent-irq-do.patch using plaintext: 
patching file include/linux/msi.h
patching file kernel/irq/msi.c

Applying /home/mgta29/src/openwrt/target/linux/generic/backport-6.12/903-v6.16-irqchip-Make-irq-msi-lib.h-globally-available.patch using plaintext: 
patching file drivers/irqchip/irq-gic-v2m.c
patching file drivers/irqchip/irq-gic-v3-its-msi-parent.c
patching file drivers/irqchip/irq-gic-v3-its.c
patching file drivers/irqchip/irq-gic-v3-mbi.c
patching file drivers/irqchip/irq-imx-mu-msi.c
patching file drivers/irqchip/irq-loongarch-avec.c
patching file drivers/irqchip/irq-loongson-pch-msi.c
patching file drivers/irqchip/irq-msi-lib.c
patching file drivers/irqchip/irq-mvebu-gicp.c
patching file drivers/irqchip/irq-mvebu-icu.c
patching file drivers/irqchip/irq-mvebu-odmi.c
patching file drivers/irqchip/irq-mvebu-sei.c
patching file drivers/irqchip/irq-msi-lib.h
patching file include/linux/irqchip/irq-msi-lib.h

Applying /home/mgta29/src/openwrt/target/linux/generic/backport-6.12/904-v6.16-irqchip-irq-msi-lib-Fix-build-with-PCI-disabled.patch using plaintext: 
patching file include/linux/irqchip/irq-msi-lib.h

Applying /home/mgta29/src/openwrt/target/linux/generic/backport-6.12/905-v6.17-PCI-dwc-Export-DWC-MSI-controller-related-APIs.patch using plaintext: 
patching file drivers/pci/controller/dwc/pcie-designware-host.c
patching file drivers/pci/controller/dwc/pcie-designware.h

Applying /home/mgta29/src/openwrt/target/linux/generic/backport-6.12/906-v6.17-PCI-dwc-Switch-to-msi_create_parent_irq_domain.patch using plaintext: 
patching file drivers/pci/controller/dwc/Kconfig
patching file drivers/pci/controller/dwc/pcie-designware-host.c
patching file drivers/pci/controller/dwc/pcie-designware.h

Applying /home/mgta29/src/openwrt/target/linux/generic/backport-6.12/907-v6.19-genirq-Change-hwirq-parameter-to-irq_hw_number_t.patch using plaintext: 
patching file include/linux/irqdesc.h
patching file kernel/irq/irqdesc.c

Applying /home/mgta29/src/openwrt/target/linux/generic/backport-6.12/908-1-v7.0-genirq-Add-interrupt-redirection-infrastructure.patch using plaintext: 
patching file include/linux/irq.h
patching file include/linux/irqdesc.h
patching file kernel/irq/chip.c
patching file kernel/irq/irqdesc.c
patching file kernel/irq/manage.c

Applying /home/mgta29/src/openwrt/target/linux/generic/backport-6.12/908-2-v7.0-PCI-dwc-Code-cleanup.patch using plaintext: 
patching file drivers/pci/controller/dwc/pcie-designware-host.c
patching file drivers/pci/controller/dwc/pcie-designware.h

Applying /home/mgta29/src/openwrt/target/linux/generic/backport-6.12/908-3-v7.0-PCI-dwc-Enable-MSI-affinity-support.patch using plaintext: 
patching file drivers/pci/controller/dwc/pcie-designware-host.c

Applying /home/mgta29/src/openwrt/target/linux/generic/backport-6.12/909-v7.0-genirq-Update-effective-affinity-for-redirected-inte.patch using plaintext: 
patching file kernel/irq/chip.c

Applying /home/mgta29/src/openwrt/target/linux/generic/backport-6.12/910-v6.19-crypto-testmgr-Add-missing-DES-weak-and-semi-weak-ke.patch using plaintext: 
patching file crypto/testmgr.h

Applying /home/mgta29/src/openwrt/target/linux/generic/backport-6.12/911-v7.0-crypto-testmgr-Add-test-vectors-for-authenc-hmac-sha.patch using plaintext: 
patching file crypto/testmgr.c
patching file crypto/testmgr.h

Applying /home/mgta29/src/openwrt/target/linux/generic/backport-6.12/912-v7.0-crypto-testmgr-Add-test-vectors-for-authenc-hmac-sha.patch using plaintext: 
patching file crypto/testmgr.c
patching file crypto/testmgr.h

Applying /home/mgta29/src/openwrt/target/linux/generic/backport-6.12/913-v7.0-crypto-testmgr-Add-test-vectors-for-authenc-hmac-md5.patch using plaintext: 
patching file crypto/testmgr.c
patching file crypto/testmgr.h

Applying /home/mgta29/src/openwrt/target/linux/generic/backport-6.12/914-v7.0-crypto-testmgr-allow-authenc-sha224-rfc3686-variant-.patch using plaintext: 
patching file crypto/testmgr.c

Applying /home/mgta29/src/openwrt/target/linux/generic/backport-6.12/915-v7.1-crypto-testmgr-Add-test-vectors-for-authenc-hmac-md5.patch using plaintext: 
patching file crypto/testmgr.c
patching file crypto/testmgr.h

Applying /home/mgta29/src/openwrt/target/linux/generic/backport-6.12/916-v7.1-crypto-testmgr-Add-test-vectors-for-authenc-hmac-sha.patch using plaintext: 
patching file crypto/testmgr.c
patching file crypto/testmgr.h

Applying /home/mgta29/src/openwrt/target/linux/generic/backport-6.12/917-v7.1-crypto-testmgr-Add-test-vectors-for-authenc-hmac-sha.patch using plaintext: 
patching file crypto/testmgr.c
patching file crypto/testmgr.h

Applying /home/mgta29/src/openwrt/target/linux/generic/backport-6.12/918-v7.1-crypto-testmgr-Add-test-vectors-for-authenc-hmac-sha.patch using plaintext: 
patching file crypto/testmgr.c
patching file crypto/testmgr.h

Applying /home/mgta29/src/openwrt/target/linux/generic/backport-6.12/919-v7.1-crypto-testmgr-Add-test-vectors-for-authenc-hmac-sha.patch using plaintext: 
patching file crypto/testmgr.c
patching file crypto/testmgr.h

Applying /home/mgta29/src/openwrt/target/linux/generic/backport-6.12/920-v7.1-crypto-testmgr-Add-test-vectors-for-authenc-hmac-sha.patch using plaintext: 
patching file crypto/testmgr.c
patching file crypto/testmgr.h

Applying /home/mgta29/src/openwrt/target/linux/generic/backport-6.12/921-v7.1-crypto-tesmgr-allow-authenc-hmac-sha224-sha384-cbc-a.patch using plaintext: 
patching file crypto/testmgr.c

Applying /home/mgta29/src/openwrt/target/linux/generic/backport-6.12/922-v7.1-crypto-testmgr-Add-test-vectors-for-authenc-hmac-md5.patch using plaintext: 
patching file crypto/testmgr.c
patching file crypto/testmgr.h

Applying /home/mgta29/src/openwrt/target/linux/generic/backport-6.12/923-v7.1-crypto-testmgr-Add-test-vectors-for-authenc-hmac-md5.patch using plaintext: 
patching file crypto/testmgr.c
patching file crypto/testmgr.h

Applying /home/mgta29/src/openwrt/target/linux/generic/backport-6.12/930-v7.1-crypto-safexcel-Group-authenc-ciphersuites.patch using plaintext: 
patching file drivers/crypto/inside-secure/safexcel.c
patching file drivers/crypto/inside-secure/safexcel.h

Applying /home/mgta29/src/openwrt/target/linux/generic/backport-6.12/931-v7.1-crypto-safexcel-Add-support-for-authenc-hmac-md5-sui.patch using plaintext: 
patching file drivers/crypto/inside-secure/safexcel.c
patching file drivers/crypto/inside-secure/safexcel.h
patching file drivers/crypto/inside-secure/safexcel_cipher.c

Applying /home/mgta29/src/openwrt/target/linux/generic/pending-6.12/100-compiler.h-only-include-asm-rwonce.h-for-kernel-code.patch using plaintext: 
patching file include/linux/compiler.h

Applying /home/mgta29/src/openwrt/target/linux/generic/pending-6.12/102-MIPS-only-process-negative-stack-offsets-on-stack-tr.patch using plaintext: 
patching file arch/mips/kernel/process.c

Applying /home/mgta29/src/openwrt/target/linux/generic/pending-6.12/103-kbuild-export-SUBARCH.patch using plaintext: 
patching file Makefile

Applying /home/mgta29/src/openwrt/target/linux/generic/pending-6.12/111-watchdog-max63xx_wdt-Add-support-for-specifying-WDI-.patch using plaintext: 
patching file drivers/watchdog/max63xx_wdt.c

Applying /home/mgta29/src/openwrt/target/linux/generic/pending-6.12/140-jffs2-use-.rename2-and-add-RENAME_WHITEOUT-support.patch using plaintext: 
patching file fs/jffs2/dir.c

Applying /home/mgta29/src/openwrt/target/linux/generic/pending-6.12/141-jffs2-add-RENAME_EXCHANGE-support.patch using plaintext: 
patching file fs/jffs2/dir.c

Applying /home/mgta29/src/openwrt/target/linux/generic/pending-6.12/142-jffs2-add-splice-ops.patch using plaintext: 
patching file fs/jffs2/file.c

Applying /home/mgta29/src/openwrt/target/linux/generic/pending-6.12/150-bridge_allow_receiption_on_disabled_port.patch using plaintext: 
patching file net/bridge/br_input.c

Applying /home/mgta29/src/openwrt/target/linux/generic/pending-6.12/151-net-bridge-do-not-send-arp-replies-if-src-and-target.patch using plaintext: 
patching file net/bridge/br_arp_nd_proxy.c

Applying /home/mgta29/src/openwrt/target/linux/generic/pending-6.12/190-rtc-rs5c372-support_alarms_up_to_1_week.patch using plaintext: 
patching file drivers/rtc/rtc-rs5c372.c

Applying /home/mgta29/src/openwrt/target/linux/generic/pending-6.12/191-rtc-rs5c372-let_the_alarm_to_be_used_as_wakeup_source.patch using plaintext: 
patching file drivers/rtc/rtc-rs5c372.c

Applying /home/mgta29/src/openwrt/target/linux/generic/pending-6.12/200-ARM-9404-1-arm32-fix-boot-hang-with-HAVE_LD_DEAD_COD.patch using plaintext: 
patching file arch/arm/include/asm/vmlinux.lds.h
patching file arch/arm/kernel/vmlinux.lds.S

Applying /home/mgta29/src/openwrt/target/linux/generic/pending-6.12/203-kallsyms_uncompressed.patch using plaintext: 
patching file init/Kconfig
patching file kernel/kallsyms.c
patching file kernel/vmcore_info.c
patching file scripts/kallsyms.c
patching file scripts/link-vmlinux.sh

Applying /home/mgta29/src/openwrt/target/linux/generic/pending-6.12/205-backtrace_module_info.patch using plaintext: 
patching file lib/vsprintf.c

Applying /home/mgta29/src/openwrt/target/linux/generic/pending-6.12/240-remove-unsane-filenames-from-deps_initramfs-list.patch using plaintext: 
patching file usr/Makefile

Applying /home/mgta29/src/openwrt/target/linux/generic/pending-6.12/250-kernel-fork-Increase-minimum-number-of-allowed-threa.patch using plaintext: 
patching file kernel/fork.c

Applying /home/mgta29/src/openwrt/target/linux/generic/pending-6.12/270-platform-mikrotik-build-bits.patch using plaintext: 
patching file drivers/platform/Kconfig
patching file drivers/platform/Makefile

Applying /home/mgta29/src/openwrt/target/linux/generic/pending-6.12/300-mips_expose_boot_raw.patch using plaintext: 
patching file arch/mips/Kconfig

Applying /home/mgta29/src/openwrt/target/linux/generic/pending-6.12/301-MIPS-Add-barriers-between-dcache-icache-flushes.patch using plaintext: 
patching file arch/mips/mm/c-r4k.c

Applying /home/mgta29/src/openwrt/target/linux/generic/pending-6.12/302-mips_no_branch_likely.patch using plaintext: 
patching file arch/mips/Makefile

Applying /home/mgta29/src/openwrt/target/linux/generic/pending-6.12/303-Revert-powerpc-dts-mpc85xx-remove-simple-bus-compatible-from-ifc-node.patch using plaintext: 
patching file arch/powerpc/boot/dts/fsl/b4si-post.dtsi
patching file arch/powerpc/boot/dts/fsl/bsc9131si-post.dtsi
patching file arch/powerpc/boot/dts/fsl/bsc9132si-post.dtsi
patching file arch/powerpc/boot/dts/fsl/c293si-post.dtsi
patching file arch/powerpc/boot/dts/fsl/p1010si-post.dtsi
patching file arch/powerpc/boot/dts/fsl/t1023si-post.dtsi
patching file arch/powerpc/boot/dts/fsl/t1040si-post.dtsi
patching file arch/powerpc/boot/dts/fsl/t2081si-post.dtsi
patching file arch/powerpc/boot/dts/fsl/t4240si-post.dtsi

Applying /home/mgta29/src/openwrt/target/linux/generic/pending-6.12/308-mips32r2_tune.patch using plaintext: 
patching file arch/mips/Makefile

Applying /home/mgta29/src/openwrt/target/linux/generic/pending-6.12/310-arm_module_unresolved_weak_sym.patch using plaintext: 
patching file arch/arm/kernel/module.c

Applying /home/mgta29/src/openwrt/target/linux/generic/pending-6.12/330-MIPS-kexec-Accept-command-line-parameters-from-users.patch using plaintext: 
patching file arch/mips/kernel/machine_kexec.c
patching file arch/mips/kernel/machine_kexec.h
patching file arch/mips/kernel/relocate_kernel.S

Applying /home/mgta29/src/openwrt/target/linux/generic/pending-6.12/342-powerpc-Enable-kernel-XZ-compression-option-on-PPC_8.patch using plaintext: 
patching file arch/powerpc/Kconfig

Applying /home/mgta29/src/openwrt/target/linux/generic/pending-6.12/350-mips-kernel-fix-detect_memory_region-function.patch using plaintext: 
patching file arch/mips/include/asm/bootinfo.h
patching file arch/mips/kernel/setup.c

Applying /home/mgta29/src/openwrt/target/linux/generic/pending-6.12/400-mtd-mtdsplit-support.patch using plaintext: 
patching file drivers/mtd/Kconfig
patching file drivers/mtd/Makefile
patching file drivers/mtd/mtdpart.c
patching file include/linux/mtd/mtd.h
patching file include/linux/mtd/partitions.h

Applying /home/mgta29/src/openwrt/target/linux/generic/pending-6.12/402-mtd-spi-nor-write-support-for-minor-aligned-partitions.patch using plaintext: 
patching file drivers/mtd/mtdcore.c
patching file drivers/mtd/mtdpart.c
patching file drivers/mtd/spi-nor/Kconfig
patching file drivers/mtd/spi-nor/core.c
patching file include/linux/mtd/mtd.h

Applying /home/mgta29/src/openwrt/target/linux/generic/pending-6.12/417-mtd-spi-nand-macronix-disable-continuous-read-for-MX.patch using plaintext: 
patching file drivers/mtd/nand/spi/macronix.c

Applying /home/mgta29/src/openwrt/target/linux/generic/pending-6.12/420-mtd-redboot_space.patch using plaintext: 
patching file drivers/mtd/parsers/redboot.c

Applying /home/mgta29/src/openwrt/target/linux/generic/pending-6.12/430-mtd-add-myloader-partition-parser.patch using plaintext: 
patching file drivers/mtd/parsers/Kconfig
patching file drivers/mtd/parsers/Makefile
patching file drivers/mtd/parsers/myloader.c

Applying /home/mgta29/src/openwrt/target/linux/generic/pending-6.12/431-mtd-bcm47xxpart-check-for-bad-blocks-when-calculatin.patch using plaintext: 
patching file drivers/mtd/parsers/parser_trx.c

Applying /home/mgta29/src/openwrt/target/linux/generic/pending-6.12/432-mtd-bcm47xxpart-detect-T_Meter-partition.patch using plaintext: 
patching file drivers/mtd/parsers/bcm47xxpart.c

Applying /home/mgta29/src/openwrt/target/linux/generic/pending-6.12/435-mtd-add-routerbootpart-parser-config.patch using plaintext: 
patching file drivers/mtd/parsers/Kconfig
patching file drivers/mtd/parsers/Makefile

Applying /home/mgta29/src/openwrt/target/linux/generic/pending-6.12/450-block-allow-setting-partition-of_node.patch using plaintext: 
patching file block/partitions/check.h
patching file block/partitions/core.c

Applying /home/mgta29/src/openwrt/target/linux/generic/pending-6.12/451-block-partitions-of-assign-Device-Tree-node-to-parti.patch using plaintext: 
patching file block/partitions/of.c

Applying /home/mgta29/src/openwrt/target/linux/generic/pending-6.12/452-partitions-efi-apply-Linux-code-style.patch using plaintext: 
patching file block/partitions/efi.c

Applying /home/mgta29/src/openwrt/target/linux/generic/pending-6.12/453-partitions-efi-allow-assigning-partition-Device-Tree.patch using plaintext: 
patching file block/partitions/efi.c

Applying /home/mgta29/src/openwrt/target/linux/generic/pending-6.12/454-block-add-support-for-notifications.patch using plaintext: 
patching file block/Kconfig
patching file block/Makefile
patching file block/blk-notify.c
patching file include/linux/blkdev.h

Applying /home/mgta29/src/openwrt/target/linux/generic/pending-6.12/455-block-add-new-genhd-flag-GENHD_FL_NVMEM.patch using plaintext: 
patching file include/linux/blkdev.h

Applying /home/mgta29/src/openwrt/target/linux/generic/pending-6.12/456-nvmem-implement-block-NVMEM-provider.patch using plaintext: 
patching file drivers/nvmem/Kconfig
patching file drivers/nvmem/Makefile
patching file drivers/nvmem/block.c

Applying /home/mgta29/src/openwrt/target/linux/generic/pending-6.12/457-mmc-block-set-GENHD_FL_NVMEM.patch using plaintext: 
patching file drivers/mmc/core/block.c

Applying /home/mgta29/src/openwrt/target/linux/generic/pending-6.12/460-mtd-cfi_cmdset_0002-no-erase_suspend.patch using plaintext: 
patching file drivers/mtd/chips/cfi_cmdset_0002.c

Applying /home/mgta29/src/openwrt/target/linux/generic/pending-6.12/461-mtd-cfi_cmdset_0002-add-buffer-write-cmd-timeout.patch using plaintext: 
patching file drivers/mtd/chips/cfi_cmdset_0002.c

Applying /home/mgta29/src/openwrt/target/linux/generic/pending-6.12/476-mtd-spi-nor-add-eon-en25q128.patch using plaintext: 
patching file drivers/mtd/spi-nor/eon.c

Applying /home/mgta29/src/openwrt/target/linux/generic/pending-6.12/477-mtd-spi-nor-add-eon-en25qx128a.patch using plaintext: 
patching file drivers/mtd/spi-nor/eon.c

Applying /home/mgta29/src/openwrt/target/linux/generic/pending-6.12/479-mtd-spi-nor-add-xtx-xt25f128b.patch using plaintext: 
patching file drivers/mtd/spi-nor/Makefile
patching file drivers/mtd/spi-nor/xtx.c
patching file drivers/mtd/spi-nor/core.c
patching file drivers/mtd/spi-nor/core.h

Applying /home/mgta29/src/openwrt/target/linux/generic/pending-6.12/481-mtd-spi-nor-add-support-for-Gigadevice-GD25D05.patch using plaintext: 
patching file drivers/mtd/spi-nor/gigadevice.c

Applying /home/mgta29/src/openwrt/target/linux/generic/pending-6.12/482-mtd-spi-nor-add-gd25q512.patch using plaintext: 
patching file drivers/mtd/spi-nor/gigadevice.c

Applying /home/mgta29/src/openwrt/target/linux/generic/pending-6.12/484-mtd-spi-nor-add-esmt-f25l16pa.patch using plaintext: 
patching file drivers/mtd/spi-nor/esmt.c

Applying /home/mgta29/src/openwrt/target/linux/generic/pending-6.12/485-mtd-spi-nor-add-xmc-xm25qh128c.patch using plaintext: 
patching file drivers/mtd/spi-nor/xmc.c

Applying /home/mgta29/src/openwrt/target/linux/generic/pending-6.12/487-mtd-spinand-Add-support-for-Etron-EM73D044VCx.patch using plaintext: 
patching file drivers/mtd/nand/spi/Makefile
patching file drivers/mtd/nand/spi/core.c
patching file drivers/mtd/nand/spi/etron.c
patching file include/linux/mtd/spinand.h

Applying /home/mgta29/src/openwrt/target/linux/generic/pending-6.12/488-mtd-spi-nor-add-xmc-xm25qh64c.patch using plaintext: 
patching file drivers/mtd/spi-nor/xmc.c

Applying /home/mgta29/src/openwrt/target/linux/generic/pending-6.12/490-ubi-auto-attach-mtd-device-named-ubi-or-data-on-boot.patch using plaintext: 
patching file drivers/mtd/ubi/build.c

Applying /home/mgta29/src/openwrt/target/linux/generic/pending-6.12/491-ubi-auto-create-ubiblock-device-for-rootfs.patch using plaintext: 
patching file drivers/mtd/ubi/block.c

Applying /home/mgta29/src/openwrt/target/linux/generic/pending-6.12/492-try-auto-mounting-ubi0-rootfs-in-init-do_mounts.c.patch using plaintext: 
patching file init/do_mounts.c

Applying /home/mgta29/src/openwrt/target/linux/generic/pending-6.12/493-ubi-set-ROOT_DEV-to-ubiblock-rootfs-if-unset.patch using plaintext: 
patching file drivers/mtd/ubi/block.c

Applying /home/mgta29/src/openwrt/target/linux/generic/pending-6.12/494-mtd-ubi-add-EOF-marker-support.patch using plaintext: 
patching file drivers/mtd/ubi/attach.c
patching file drivers/mtd/ubi/ubi.h

Applying /home/mgta29/src/openwrt/target/linux/generic/pending-6.12/496-dt-bindings-add-bindings-for-mtd-concat-devices.patch using plaintext: 
patching file Documentation/devicetree/bindings/mtd/mtd-concat.txt

Applying /home/mgta29/src/openwrt/target/linux/generic/pending-6.12/497-mtd-mtdconcat-add-dt-driver-for-concat-devices.patch using plaintext: 
patching file drivers/mtd/Kconfig
patching file drivers/mtd/Makefile
patching file drivers/mtd/composite/Kconfig
patching file drivers/mtd/composite/Makefile
patching file drivers/mtd/composite/virt_concat.c

Applying /home/mgta29/src/openwrt/target/linux/generic/pending-6.12/500-fs_cdrom_dependencies.patch using plaintext: 
patching file fs/hfs/Kconfig
patching file fs/hfsplus/Kconfig
patching file fs/isofs/Kconfig
patching file fs/udf/Kconfig

Applying /home/mgta29/src/openwrt/target/linux/generic/pending-6.12/510-block-add-uImage.FIT-subimage-block-driver.patch using plaintext: 
patching file MAINTAINERS
patching file drivers/block/Kconfig
patching file drivers/block/Makefile
patching file drivers/block/fitblk.c
patching file include/uapi/linux/fitblk.h

Applying /home/mgta29/src/openwrt/target/linux/generic/pending-6.12/511-init-bypass-device-lookup-for-dev-fit-rootfs.patch using plaintext: 
patching file init/do_mounts.c

Applying /home/mgta29/src/openwrt/target/linux/generic/pending-6.12/530-jffs2_make_lzma_available.patch using plaintext: 
patching file fs/jffs2/Kconfig
patching file fs/jffs2/Makefile
patching file fs/jffs2/compr.c
patching file fs/jffs2/compr.h
patching file fs/jffs2/compr_lzma.c
patching file fs/jffs2/super.c
patching file include/linux/lzma.h
patching file include/linux/lzma/LzFind.h
patching file include/linux/lzma/LzHash.h
patching file include/linux/lzma/LzmaDec.h
patching file include/linux/lzma/LzmaEnc.h
patching file include/linux/lzma/Types.h
patching file include/uapi/linux/jffs2.h
patching file lib/Kconfig
patching file lib/Makefile
patching file lib/lzma/LzFind.c
patching file lib/lzma/LzmaDec.c
patching file lib/lzma/LzmaEnc.c
patching file lib/lzma/Makefile

Applying /home/mgta29/src/openwrt/target/linux/generic/pending-6.12/532-jffs2_eofdetect.patch using plaintext: 
patching file fs/jffs2/build.c
patching file fs/jffs2/scan.c

Applying /home/mgta29/src/openwrt/target/linux/generic/pending-6.12/600-netfilter_conntrack_flush.patch using plaintext: 
patching file net/netfilter/nf_conntrack_standalone.c

Applying /home/mgta29/src/openwrt/target/linux/generic/pending-6.12/610-netfilter_match_bypass_default_checks.patch using plaintext: 
patching file include/uapi/linux/netfilter_ipv4/ip_tables.h
patching file net/ipv4/netfilter/ip_tables.c

Applying /home/mgta29/src/openwrt/target/linux/generic/pending-6.12/611-netfilter_match_bypass_default_table.patch using plaintext: 
patching file net/ipv4/netfilter/ip_tables.c

Applying /home/mgta29/src/openwrt/target/linux/generic/pending-6.12/612-netfilter_match_reduce_memory_access.patch using plaintext: 
patching file net/ipv4/netfilter/ip_tables.c

Applying /home/mgta29/src/openwrt/target/linux/generic/pending-6.12/630-packet_socket_type.patch using plaintext: 
patching file include/uapi/linux/if_packet.h
patching file net/packet/af_packet.c
patching file net/packet/internal.h

Applying /home/mgta29/src/openwrt/target/linux/generic/pending-6.12/640-net-bridge-fix-switchdev-host-mdb-entry-updates.patch using plaintext: 
patching file net/bridge/br_switchdev.c

Applying /home/mgta29/src/openwrt/target/linux/generic/pending-6.12/641-net-bridge-switchdev-Don-t-drop-packets-between-port.patch using plaintext: 
patching file net/bridge/br_switchdev.c

Applying /home/mgta29/src/openwrt/target/linux/generic/pending-6.12/650-net-pppoe-implement-GRO-support.patch using plaintext: 
patching file drivers/net/ppp/pppoe.c
patching file net/ipv4/af_inet.c
patching file net/ipv6/ip6_offload.c

Applying /home/mgta29/src/openwrt/target/linux/generic/pending-6.12/655-increase_skb_pad.patch using plaintext: 
patching file include/linux/skbuff.h

Applying /home/mgta29/src/openwrt/target/linux/generic/pending-6.12/666-Add-support-for-MAP-E-FMRs-mesh-mode.patch using plaintext: 
patching file include/net/ip6_tunnel.h
patching file include/uapi/linux/if_tunnel.h
patching file net/ipv6/ip6_tunnel.c

Applying /home/mgta29/src/openwrt/target/linux/generic/pending-6.12/670-ipv6-allow-rejecting-with-source-address-failed-policy.patch using plaintext: 
patching file include/net/netns/ipv6.h
patching file include/uapi/linux/fib_rules.h
patching file include/uapi/linux/rtnetlink.h
patching file net/ipv4/fib_semantics.c
patching file net/ipv4/fib_trie.c
patching file net/ipv4/ipmr.c
patching file net/ipv6/fib6_rules.c
patching file net/ipv6/ip6mr.c
patching file net/ipv6/route.c

Applying /home/mgta29/src/openwrt/target/linux/generic/pending-6.12/671-net-provide-defines-for-_POLICY_FAILED-until-all-cod.patch using plaintext: 
patching file include/uapi/linux/fib_rules.h
patching file include/uapi/linux/icmpv6.h
patching file include/uapi/linux/rtnetlink.h

Applying /home/mgta29/src/openwrt/target/linux/generic/pending-6.12/681-net-remove-NETIF_F_GSO_FRAGLIST-from-NETIF_F_GSO_SOF.patch using plaintext: 
patching file drivers/net/dummy.c
patching file drivers/net/loopback.c
patching file drivers/net/macvlan.c
patching file include/linux/netdev_features.h
patching file net/8021q/vlan.h
patching file net/8021q/vlan_dev.c
patching file net/core/sock.c
patching file net/mac80211/ieee80211_i.h
patching file net/openvswitch/vport-internal_dev.c

Applying /home/mgta29/src/openwrt/target/linux/generic/pending-6.12/683-of_net-add-mac-address-to-of-tree.patch using plaintext: 
patching file net/core/of_net.c

Applying /home/mgta29/src/openwrt/target/linux/generic/pending-6.12/690-net-add-missing-check-for-TCP-fraglist-GRO.patch using plaintext: 
patching file net/ipv4/tcp_offload.c

Applying /home/mgta29/src/openwrt/target/linux/generic/pending-6.12/700-netfilter-nft_flow_offload-handle-netdevice-events-f.patch using plaintext: 
patching file net/netfilter/nf_flow_table_core.c
patching file net/netfilter/nft_flow_offload.c

Applying /home/mgta29/src/openwrt/target/linux/generic/pending-6.12/701-netfilter-nf_tables-ignore-EOPNOTSUPP-on-flowtable-d.patch using plaintext: 
patching file net/netfilter/nf_tables_api.c

Applying /home/mgta29/src/openwrt/target/linux/generic/pending-6.12/702-net-ethernet-mtk_eth_soc-enable-threaded-NAPI.patch using plaintext: 
patching file drivers/net/ethernet/mediatek/mtk_eth_soc.c

Applying /home/mgta29/src/openwrt/target/linux/generic/pending-6.12/703-phy-add-detach-callback-to-struct-phy_driver.patch using plaintext: 
patching file drivers/net/phy/phy_device.c
patching file include/linux/phy.h

Applying /home/mgta29/src/openwrt/target/linux/generic/pending-6.12/705-net-dsa-tag_mtk-add-padding-for-tx-packets.patch using plaintext: 
patching file net/dsa/tag_mtk.c

Applying /home/mgta29/src/openwrt/target/linux/generic/pending-6.12/706-net-phy-populate-host_interfaces-when-attaching-PHY.patch using plaintext: 
patching file drivers/net/phy/phylink.c

Applying /home/mgta29/src/openwrt/target/linux/generic/pending-6.12/710-bridge-add-knob-for-filtering-rx-tx-BPDU-pack.patch using plaintext: 
patching file include/linux/if_bridge.h
patching file net/bridge/br_forward.c
patching file net/bridge/br_input.c
patching file net/bridge/br_sysfs_if.c
patching file net/bridge/br_stp_bpdu.c
patching file include/uapi/linux/if_link.h
patching file net/bridge/br_netlink.c
patching file net/core/rtnetlink.c

Applying /home/mgta29/src/openwrt/target/linux/generic/pending-6.12/711-01-net-dsa-qca8k-implement-lag_fdb_add-del-ops.patch using plaintext: 
patching file drivers/net/dsa/qca/qca8k-8xxx.c
patching file drivers/net/dsa/qca/qca8k-common.c
patching file drivers/net/dsa/qca/qca8k.h

Applying /home/mgta29/src/openwrt/target/linux/generic/pending-6.12/711-02-net-dsa-qca8k-enable-flooding-to-both-CPU-port.patch using plaintext: 
patching file drivers/net/dsa/qca/qca8k-8xxx.c

Applying /home/mgta29/src/openwrt/target/linux/generic/pending-6.12/711-03-net-dsa-qca8k-add-support-for-port_change_master.patch using plaintext: 
patching file drivers/net/dsa/qca/qca8k-8xxx.c

Applying /home/mgta29/src/openwrt/target/linux/generic/pending-6.12/711-04-net-dsa-qca8k-merge-host-fdb-for-multi-cpu.patch using plaintext: 
patching file drivers/net/dsa/qca/qca8k-common.c

Applying /home/mgta29/src/openwrt/target/linux/generic/pending-6.12/712-net-dsa-qca8k-enable-assisted-learning-on-CPU-port.patch using plaintext: 
patching file drivers/net/dsa/qca/qca8k-8xxx.c

Applying /home/mgta29/src/openwrt/target/linux/generic/pending-6.12/713-net-phy-c45-check-validity-of-10GbE-link-partner.patch using plaintext: 
patching file include/linux/mdio.h

Applying /home/mgta29/src/openwrt/target/linux/generic/pending-6.12/720-01-net-phy-realtek-use-genphy_soft_reset-for-2.5G-PHYs.patch using plaintext: 
patching file drivers/net/phy/realtek/realtek_main.c

Applying /home/mgta29/src/openwrt/target/linux/generic/pending-6.12/720-03-net-phy-realtek-make-sure-paged-read-is-protected-by.patch using plaintext: 
patching file drivers/net/phy/realtek/realtek_main.c

Applying /home/mgta29/src/openwrt/target/linux/generic/pending-6.12/720-04-net-phy-realtek-setup-aldps.patch using plaintext: 
patching file drivers/net/phy/realtek/realtek_main.c

Applying /home/mgta29/src/openwrt/target/linux/generic/pending-6.12/720-05-net-phy-realtek-detect-early-version-of-RTL8221B.patch using plaintext: 
patching file drivers/net/phy/realtek/realtek_main.c

Applying /home/mgta29/src/openwrt/target/linux/generic/pending-6.12/720-06-net-phy-realtek-mark-existing-MMDs-as-present.patch using plaintext: 
patching file drivers/net/phy/realtek/realtek_main.c

Applying /home/mgta29/src/openwrt/target/linux/generic/pending-6.12/720-07-net-phy-realtek-disable-MDIO-broadcast.patch using plaintext: 
patching file drivers/net/phy/realtek/realtek_main.c

Applying /home/mgta29/src/openwrt/target/linux/generic/pending-6.12/720-08-net-phy-realtek-rate-adapter-in-C22-mode.patch using plaintext: 
patching file drivers/net/phy/realtek/realtek_main.c

Applying /home/mgta29/src/openwrt/target/linux/generic/pending-6.12/731-net-permit-ieee80211_ptr-even-with-no-CFG82111-suppo.patch using plaintext: 
patching file include/linux/netdevice.h
patching file net/batman-adv/hard-interface.c
patching file net/wireless/Kconfig

Applying /home/mgta29/src/openwrt/target/linux/generic/pending-6.12/732-00-net-ethernet-mtk_eth_soc-compile-out-netsys-v2-code-.patch using plaintext: 
patching file drivers/net/ethernet/mediatek/mtk_eth_soc.h

Applying /home/mgta29/src/openwrt/target/linux/generic/pending-6.12/732-01-net-ethernet-mtk_eth_soc-work-around-issue-with-send.patch using plaintext: 
patching file drivers/net/ethernet/mediatek/mtk_eth_soc.c
patching file drivers/net/ethernet/mediatek/mtk_eth_soc.h

Applying /home/mgta29/src/openwrt/target/linux/generic/pending-6.12/732-03-net-ethernet-mtk_eth_soc-optimize-dma-ring-address-i.patch using plaintext: 
patching file drivers/net/ethernet/mediatek/mtk_eth_soc.c
patching file drivers/net/ethernet/mediatek/mtk_eth_soc.h

Applying /home/mgta29/src/openwrt/target/linux/generic/pending-6.12/732-04-net-ethernet-mtk_eth_soc-shrink-struct-mtk_tx_buf.patch using plaintext: 
patching file drivers/net/ethernet/mediatek/mtk_eth_soc.c
patching file drivers/net/ethernet/mediatek/mtk_eth_soc.h

Applying /home/mgta29/src/openwrt/target/linux/generic/pending-6.12/732-05-net-ethernet-mtk_eth_soc-add-support-for-sending-fra.patch using plaintext: 
patching file drivers/net/ethernet/mediatek/mtk_eth_soc.c
patching file drivers/net/ethernet/mediatek/mtk_eth_soc.h

Applying /home/mgta29/src/openwrt/target/linux/generic/pending-6.12/733-01-net-ethernet-mtk_eth_soc-use-napi_build_skb.patch using plaintext: 
patching file drivers/net/ethernet/mediatek/mtk_eth_soc.c

Applying /home/mgta29/src/openwrt/target/linux/generic/pending-6.12/734-net-ethernet-mediatek-enlarge-DMA-reserve-buffer.patch using plaintext: 
patching file drivers/net/ethernet/mediatek/mtk_eth_soc.h
patching file drivers/net/ethernet/mediatek/mtk_eth_soc.c

Applying /home/mgta29/src/openwrt/target/linux/generic/pending-6.12/736-03-net-ethernet-mtk_eth_soc-improve-keeping-track-of-of.patch using plaintext: 
patching file drivers/net/ethernet/mediatek/mtk_ppe.c
patching file drivers/net/ethernet/mediatek/mtk_ppe.h

Applying /home/mgta29/src/openwrt/target/linux/generic/pending-6.12/736-04-net-ethernet-mediatek-fix-ppe-flow-accounting-for-L2.patch using plaintext: 
patching file drivers/net/ethernet/mediatek/mtk_ppe.c
patching file drivers/net/ethernet/mediatek/mtk_ppe.h
patching file drivers/net/ethernet/mediatek/mtk_ppe_debugfs.c
patching file drivers/net/ethernet/mediatek/mtk_ppe_offload.c

Applying /home/mgta29/src/openwrt/target/linux/generic/pending-6.12/736-05-net-ethernet-mtk_eth_soc-zero-initialize-PPE-flow-ta.patch using plaintext: 
patching file drivers/net/ethernet/mediatek/mtk_ppe.c

Applying /home/mgta29/src/openwrt/target/linux/generic/pending-6.12/737-net-ethernet-mtk_eth_soc-add-paths-and-SerDes-modes-.patch using plaintext: 
patching file drivers/net/ethernet/mediatek/mtk_eth_path.c
patching file drivers/net/ethernet/mediatek/mtk_eth_soc.c
patching file drivers/net/ethernet/mediatek/mtk_eth_soc.h

Applying /home/mgta29/src/openwrt/target/linux/generic/pending-6.12/738-01-net-ethernet-mtk_eth_soc-reduce-rx-ring-size-for-older.patch using plaintext: 
patching file drivers/net/ethernet/mediatek/mtk_eth_soc.c

Applying /home/mgta29/src/openwrt/target/linux/generic/pending-6.12/738-02-net-ethernet-mtk_eth_soc-do-not-enable-page-pool-sta.patch using plaintext: 
patching file drivers/net/ethernet/mediatek/Kconfig
patching file drivers/net/ethernet/mediatek/mtk_eth_soc.c

Applying /home/mgta29/src/openwrt/target/linux/generic/pending-6.12/739-01-dt-bindings-phy-mediatek-xfi-tphy-add-new-bindings.patch using plaintext: 
patching file Documentation/devicetree/bindings/phy/mediatek,xfi-tphy.yaml

Applying /home/mgta29/src/openwrt/target/linux/generic/pending-6.12/739-03-net-pcs-pcs-mtk-lynxi-add-platform-driver-for-MT7988.patch using plaintext: 
patching file drivers/net/pcs/pcs-mtk-lynxi.c
patching file include/linux/pcs/pcs-mtk-lynxi.h

Applying /home/mgta29/src/openwrt/target/linux/generic/pending-6.12/739-04-dt-bindings-net-pcs-add-bindings-for-MediaTek-USXGMI.patch using plaintext: 
patching file Documentation/devicetree/bindings/net/pcs/mediatek,usxgmii.yaml

Applying /home/mgta29/src/openwrt/target/linux/generic/pending-6.12/739-05-net-pcs-add-driver-for-MediaTek-USXGMII-PCS.patch using plaintext: 
patching file MAINTAINERS
patching file drivers/net/pcs/Kconfig
patching file drivers/net/pcs/Makefile
patching file drivers/net/pcs/pcs-mtk-usxgmii.c
patching file include/linux/pcs/pcs-mtk-usxgmii.h

Applying /home/mgta29/src/openwrt/target/linux/generic/pending-6.12/740-net-phy-motorcomm-Add-missing-include.patch using plaintext: 
patching file drivers/net/phy/motorcomm.c

Applying /home/mgta29/src/openwrt/target/linux/generic/pending-6.12/741-net-phy-broadcom-update-dependency-condition.patch using plaintext: 
patching file drivers/net/phy/Kconfig

Applying /home/mgta29/src/openwrt/target/linux/generic/pending-6.12/750-net-sfp-add-quirk-for-QINIYEK-BJ-SFP-10G-T-copper-SF.patch using plaintext: 
patching file drivers/net/phy/sfp.c

Applying /home/mgta29/src/openwrt/target/linux/generic/pending-6.12/760-01-net-dsa-mxl862xx-store-firmware-version-for-feature-.patch using plaintext: 
patching file drivers/net/dsa/mxl862xx/mxl862xx.c
patching file drivers/net/dsa/mxl862xx/mxl862xx.h

Applying /home/mgta29/src/openwrt/target/linux/generic/pending-6.12/760-02-net-dsa-mxl862xx-move-phylink-stubs-to-mxl862xx-phyl.patch using plaintext: 
patching file drivers/net/dsa/mxl862xx/Makefile
patching file drivers/net/dsa/mxl862xx/mxl862xx-phylink.c
patching file drivers/net/dsa/mxl862xx/mxl862xx-phylink.h
patching file drivers/net/dsa/mxl862xx/mxl862xx.c

Applying /home/mgta29/src/openwrt/target/linux/generic/pending-6.12/760-03-net-dsa-mxl862xx-move-API-macros-to-mxl862xx-host.h.patch using plaintext: 
patching file drivers/net/dsa/mxl862xx/mxl862xx-host.h
patching file drivers/net/dsa/mxl862xx/mxl862xx.c

Applying /home/mgta29/src/openwrt/target/linux/generic/pending-6.12/760-04-net-dsa-mxl862xx-add-support-for-SerDes-ports.patch using plaintext: 
patching file drivers/net/dsa/mxl862xx/mxl862xx-api.h
patching file drivers/net/dsa/mxl862xx/mxl862xx-cmd.h
patching file drivers/net/dsa/mxl862xx/mxl862xx-phylink.c
patching file drivers/net/dsa/mxl862xx/mxl862xx-phylink.h
patching file drivers/net/dsa/mxl862xx/mxl862xx.c
patching file drivers/net/dsa/mxl862xx/mxl862xx.h

Applying /home/mgta29/src/openwrt/target/linux/generic/pending-6.12/760-05-net-dsa-mxl862xx-add-SerDes-ethtool-statistics.patch using plaintext: 
patching file drivers/net/dsa/mxl862xx/mxl862xx-api.h
patching file drivers/net/dsa/mxl862xx/mxl862xx-cmd.h
patching file drivers/net/dsa/mxl862xx/mxl862xx-phylink.c
patching file drivers/net/dsa/mxl862xx/mxl862xx-phylink.h
patching file drivers/net/dsa/mxl862xx/mxl862xx.c

Applying /home/mgta29/src/openwrt/target/linux/generic/pending-6.12/760-06-net-dsa-mxl862xx-add-SerDes-self-test-via-PRBS-and-B.patch using plaintext: 
patching file drivers/net/dsa/mxl862xx/mxl862xx-api.h
patching file drivers/net/dsa/mxl862xx/mxl862xx-cmd.h
patching file drivers/net/dsa/mxl862xx/mxl862xx-phylink.c
patching file drivers/net/dsa/mxl862xx/mxl862xx-phylink.h
patching file drivers/net/dsa/mxl862xx/mxl862xx.c

Applying /home/mgta29/src/openwrt/target/linux/generic/pending-6.12/760-07-net-dsa-mxl862xx-trap-link-local-and-multicast-snoop.patch using plaintext: 
patching file drivers/net/dsa/mxl862xx/mxl862xx-api.h
patching file drivers/net/dsa/mxl862xx/mxl862xx-cmd.h
patching file drivers/net/dsa/mxl862xx/mxl862xx.c
patching file drivers/net/dsa/mxl862xx/mxl862xx.h

Applying /home/mgta29/src/openwrt/target/linux/generic/pending-6.12/760-08-net-dsa-mxl862xx-warn-about-old-firmware-default-PCE.patch using plaintext: 
patching file drivers/net/dsa/mxl862xx/mxl862xx.c

Applying /home/mgta29/src/openwrt/target/linux/generic/pending-6.12/760-09-net-dsa-add-802.1Q-VLAN-based-tag-driver-for-MxL862x.patch using plaintext: 
patching file drivers/net/dsa/mxl862xx/Kconfig
patching file drivers/net/dsa/mxl862xx/mxl862xx-api.h
patching file drivers/net/dsa/mxl862xx/mxl862xx-cmd.h
patching file drivers/net/dsa/mxl862xx/mxl862xx.c
patching file drivers/net/dsa/mxl862xx/mxl862xx.h
patching file include/net/dsa.h
patching file net/dsa/Kconfig
patching file net/dsa/Makefile
patching file net/dsa/tag_mxl862xx_8021q.c

Applying /home/mgta29/src/openwrt/target/linux/generic/pending-6.12/760-10-net-dsa-mxl862xx-add-link-aggregation-support.patch using plaintext: 
patching file drivers/net/dsa/mxl862xx/mxl862xx-api.h
patching file drivers/net/dsa/mxl862xx/mxl862xx-cmd.h
patching file drivers/net/dsa/mxl862xx/mxl862xx.c
patching file drivers/net/dsa/mxl862xx/mxl862xx.h

Applying /home/mgta29/src/openwrt/target/linux/generic/pending-6.12/760-11-net-dsa-mxl862xx-add-support-for-mirror-port.patch using plaintext: 
patching file drivers/net/dsa/mxl862xx/mxl862xx-api.h
patching file drivers/net/dsa/mxl862xx/mxl862xx-cmd.h
patching file drivers/net/dsa/mxl862xx/mxl862xx.c
patching file drivers/net/dsa/mxl862xx/mxl862xx.h

Applying /home/mgta29/src/openwrt/target/linux/generic/pending-6.12/760-12-net-dsa-wire-flash_update-devlink-callback-to-driver.patch using plaintext: 
patching file include/net/dsa.h
patching file net/dsa/devlink.c

Applying /home/mgta29/src/openwrt/target/linux/generic/pending-6.12/760-13-net-dsa-mxl862xx-add-SMDIO-clause-22-register-access.patch using plaintext: 
patching file drivers/net/dsa/mxl862xx/mxl862xx-host.c
patching file drivers/net/dsa/mxl862xx/mxl862xx-host.h

Applying /home/mgta29/src/openwrt/target/linux/generic/pending-6.12/760-14-net-dsa-mxl862xx-add-devlink-flash_update-and-info_g.patch using plaintext: 
patching file drivers/net/dsa/mxl862xx/Makefile
patching file drivers/net/dsa/mxl862xx/mxl862xx-cmd.h
patching file drivers/net/dsa/mxl862xx/mxl862xx-fw.c
patching file drivers/net/dsa/mxl862xx/mxl862xx-fw.h
patching file drivers/net/dsa/mxl862xx/mxl862xx-host.c
patching file drivers/net/dsa/mxl862xx/mxl862xx.c
patching file drivers/net/dsa/mxl862xx/mxl862xx.h

Applying /home/mgta29/src/openwrt/target/linux/generic/pending-6.12/760-15-net-dsa-mxl862xx-implement-port-MTU-configuration.patch using plaintext: 
patching file drivers/net/dsa/mxl862xx/mxl862xx.c
patching file drivers/net/dsa/mxl862xx/mxl862xx.h

Applying /home/mgta29/src/openwrt/target/linux/generic/pending-6.12/760-16-net-dsa-mxl862xx-support-BR_HAIRPIN_MODE-bridge-flag.patch using plaintext: 
patching file drivers/net/dsa/mxl862xx/mxl862xx.c
patching file drivers/net/dsa/mxl862xx/mxl862xx.h

Applying /home/mgta29/src/openwrt/target/linux/generic/pending-6.12/760-17-net-dsa-mxl862xx-support-BR_ISOLATED-bridge-flag.patch using plaintext: 
patching file drivers/net/dsa/mxl862xx/mxl862xx.c
patching file drivers/net/dsa/mxl862xx/mxl862xx.h

Applying /home/mgta29/src/openwrt/target/linux/generic/pending-6.12/760-18-DO-NOT-SUBMIT-net-dsa-mxl862xx-re-introduce-PCE-work.patch using plaintext: 
patching file drivers/net/dsa/mxl862xx/mxl862xx.c

Applying /home/mgta29/src/openwrt/target/linux/generic/pending-6.12/760-19-DO-NOT-SUBMIT-net-dsa-mxl862xx-legacy-SFP-API-fallba.patch using plaintext: 
patching file drivers/net/dsa/mxl862xx/mxl862xx-api.h
patching file drivers/net/dsa/mxl862xx/mxl862xx-cmd.h
patching file drivers/net/dsa/mxl862xx/mxl862xx-phylink.c

Applying /home/mgta29/src/openwrt/target/linux/generic/pending-6.12/760-27-DO-NOT-SUBMIT-net-dsa-mxl862xx-increase-CMD-timeout.patch using plaintext: 
patching file drivers/net/dsa/mxl862xx/mxl862xx-host.c

Applying /home/mgta29/src/openwrt/target/linux/generic/pending-6.12/770-01-net-phylink-keep-and-use-MAC-supported_interfaces-in.patch using plaintext: 
patching file drivers/net/phy/phylink.c

Applying /home/mgta29/src/openwrt/target/linux/generic/pending-6.12/770-02-net-phylink-introduce-internal-phylink-PCS-handling.patch using plaintext: 
patching file drivers/net/phy/phylink.c
patching file include/linux/phylink.h

Applying /home/mgta29/src/openwrt/target/linux/generic/pending-6.12/770-03-net-phylink-add-phylink_release_pcs-to-externally-re.patch using plaintext: 
patching file drivers/net/phy/phylink.c
patching file include/linux/phylink.h

Applying /home/mgta29/src/openwrt/target/linux/generic/pending-6.12/770-04-net-pcs-implement-Firmware-node-support-for-PCS-driv.patch using plaintext: 
patching file drivers/net/pcs/Kconfig
patching file drivers/net/pcs/Makefile
patching file drivers/net/pcs/pcs.c
patching file include/linux/pcs/pcs-provider.h
patching file include/linux/pcs/pcs.h

Applying /home/mgta29/src/openwrt/target/linux/generic/pending-6.12/770-05-net-phylink-support-late-PCS-provider-attach.patch using plaintext: 
patching file drivers/net/pcs/pcs.c
patching file drivers/net/phy/phylink.c
patching file include/linux/pcs/pcs.h

Applying /home/mgta29/src/openwrt/target/linux/generic/pending-6.12/770-06-dt-bindings-net-ethernet-controller-permit-to-define.patch using plaintext: 
patching file Documentation/devicetree/bindings/net/ethernet-controller.yaml

Applying /home/mgta29/src/openwrt/target/linux/generic/pending-6.12/770-07-net-phylink-add-.pcs_link_down-PCS-OP.patch using plaintext: 
patching file drivers/net/phy/phylink.c
patching file include/linux/phylink.h

Applying /home/mgta29/src/openwrt/target/linux/generic/pending-6.12/780-ARM-kirkwood-add-missing-linux-if_ether.h-for-ETH_AL.patch using plaintext: 
patching file arch/arm/mach-mvebu/kirkwood.c

Applying /home/mgta29/src/openwrt/target/linux/generic/pending-6.12/790-bus-mhi-core-add-SBL-state-callback.patch using plaintext: 
patching file drivers/bus/mhi/host/main.c
patching file include/linux/mhi.h

Applying /home/mgta29/src/openwrt/target/linux/generic/pending-6.12/791-tg3-Fix-DMA-allocations-on-57766-devices.patch using plaintext: 
patching file drivers/net/ethernet/broadcom/tg3.c

Applying /home/mgta29/src/openwrt/target/linux/generic/pending-6.12/800-bcma-get-SoC-device-struct-copy-its-DMA-params-to-th.patch using plaintext: 
patching file drivers/bcma/host_soc.c
patching file drivers/bcma/main.c

Applying /home/mgta29/src/openwrt/target/linux/generic/pending-6.12/802-OPP-Provide-old-opp-to-config_clks-on-_set_opp.patch using plaintext: 
patching file drivers/devfreq/tegra30-devfreq.c
patching file drivers/opp/core.c
patching file drivers/ufs/core/ufshcd.c
patching file include/linux/pm_opp.h
patching file include/ufs/ufshcd.h

Applying /home/mgta29/src/openwrt/target/linux/generic/pending-6.12/804-nvmem-core-support-mac-base-fixed-layout-cells.patch using plaintext: 
patching file drivers/nvmem/Kconfig
patching file drivers/nvmem/core.c

Applying /home/mgta29/src/openwrt/target/linux/generic/pending-6.12/809-01-nvmem-core-generalize-mac-base-cells-handling.patch using plaintext: 
patching file drivers/nvmem/core.c
patching file drivers/nvmem/layouts.c
patching file include/linux/nvmem-provider.h

Applying /home/mgta29/src/openwrt/target/linux/generic/pending-6.12/809-02-nvmem-layouts-add-support-for-ascii-env-driver.patch using plaintext: 
patching file drivers/nvmem/layouts/Kconfig
patching file drivers/nvmem/layouts/Makefile
patching file drivers/nvmem/layouts/ascii-env.c

Applying /home/mgta29/src/openwrt/target/linux/generic/pending-6.12/809-03-nvmem-layouts-ascii-env-handle-CRLF-while-parsing.patch using plaintext: 
patching file drivers/nvmem/layouts/ascii-env.c

Applying /home/mgta29/src/openwrt/target/linux/generic/pending-6.12/810-pci_disable_common_quirks.patch using plaintext: 
patching file drivers/pci/Kconfig
patching file drivers/pci/quirks.c

Applying /home/mgta29/src/openwrt/target/linux/generic/pending-6.12/811-pci_disable_usb_common_quirks.patch using plaintext: 
patching file drivers/usb/host/pci-quirks.c
patching file drivers/usb/host/pci-quirks.h

Applying /home/mgta29/src/openwrt/target/linux/generic/pending-6.12/812-PCI-sysfs-enforce-single-creation-of-sysfs-entry-for.patch using plaintext: 
patching file drivers/pci/pci-sysfs.c
patching file include/linux/pci.h

Applying /home/mgta29/src/openwrt/target/linux/generic/pending-6.12/834-ledtrig-libata.patch using plaintext: 
patching file drivers/ata/Kconfig
patching file drivers/ata/libata-core.c
patching file include/linux/libata.h

Applying /home/mgta29/src/openwrt/target/linux/generic/pending-6.12/840-hwrng-bcm2835-set-quality-to-1000.patch using plaintext: 
patching file drivers/char/hw_random/bcm2835-rng.c

Applying /home/mgta29/src/openwrt/target/linux/generic/pending-6.12/850-0023-PCI-aardvark-Make-main-irq_chip-structure-a-static-d.patch using plaintext: 
patching file drivers/pci/controller/pci-aardvark.c

Applying /home/mgta29/src/openwrt/target/linux/generic/pending-6.12/890-usb-serial-add-support-for-CH348.patch using plaintext: 
patching file drivers/usb/serial/Kconfig
patching file drivers/usb/serial/Makefile
patching file drivers/usb/serial/ch348.c

Applying /home/mgta29/src/openwrt/target/linux/generic/pending-6.12/900-net-ag71xx-fix-qca9530-and-qca9550-mdio-probe.patch using plaintext: 
patching file drivers/net/ethernet/atheros/ag71xx.c

Applying /home/mgta29/src/openwrt/target/linux/generic/pending-6.12/920-mangle_bootargs.patch using plaintext: 
patching file init/Kconfig
patching file init/main.c

Applying /home/mgta29/src/openwrt/target/linux/generic/hack-6.12/200-tools_portability.patch using plaintext: 
patching file tools/scripts/Makefile.include
patching file tools/include/linux/types.h
patching file tools/objtool/include/objtool/objtool.h
patching file tools/include/asm-generic/bitops/fls.h
patching file tools/lib/string.c
patching file tools/arch/x86/include/asm/insn.h
patching file tools/arch/x86/include/asm/orc_types.h
patching file tools/include/linux/rbtree.h
patching file tools/lib/subcmd/exec-cmd.c
patching file tools/objtool/Makefile
patching file tools/arch/x86/lib/insn.c

Applying /home/mgta29/src/openwrt/target/linux/generic/hack-6.12/204-module_strip.patch using plaintext: 
patching file include/linux/module.h
patching file include/linux/moduleparam.h
patching file kernel/module/Kconfig
patching file kernel/module/main.c
patching file scripts/mod/modpost.c

Applying /home/mgta29/src/openwrt/target/linux/generic/hack-6.12/205-kconfig-abort-configuration-on-unset-symbol.patch using plaintext: 
patching file scripts/kconfig/conf.c

Applying /home/mgta29/src/openwrt/target/linux/generic/hack-6.12/210-darwin_scripts_include.patch using plaintext: 
patching file scripts/mod/elf.h
patching file scripts/mod/mk_elfconfig.c
patching file scripts/mod/modpost.h

Applying /home/mgta29/src/openwrt/target/linux/generic/hack-6.12/211-darwin-uuid-typedef-clash.patch using plaintext: 
patching file scripts/mod/file2alias.c

Applying /home/mgta29/src/openwrt/target/linux/generic/hack-6.12/214-spidev_h_portability.patch using plaintext: 
patching file include/uapi/linux/spi/spidev.h

Applying /home/mgta29/src/openwrt/target/linux/generic/hack-6.12/230-openwrt_lzma_options.patch using plaintext: 
patching file lib/decompress.c
patching file scripts/Makefile.lib

Applying /home/mgta29/src/openwrt/target/linux/generic/hack-6.12/249-udp-tunnel-selection.patch using plaintext: 
patching file net/ipv4/Kconfig

Applying /home/mgta29/src/openwrt/target/linux/generic/hack-6.12/250-netfilter_depends.patch using plaintext: 
patching file net/netfilter/Kconfig

Applying /home/mgta29/src/openwrt/target/linux/generic/hack-6.12/251-kconfig.patch using plaintext: 
patching file crypto/Kconfig
patching file drivers/bcma/Kconfig
patching file drivers/ssb/Kconfig
patching file lib/Kconfig
patching file net/netfilter/Kconfig
patching file sound/core/Kconfig
patching file net/Kconfig

Applying /home/mgta29/src/openwrt/target/linux/generic/hack-6.12/253-ksmbd-config.patch using plaintext: 
patching file init/Kconfig
patching file lib/Kconfig

Applying /home/mgta29/src/openwrt/target/linux/generic/hack-6.12/259-regmap_dynamic.patch using plaintext: 
patching file drivers/base/regmap/Kconfig
patching file drivers/base/regmap/Makefile
patching file drivers/base/regmap/regmap.c
patching file include/linux/regmap.h

Applying /home/mgta29/src/openwrt/target/linux/generic/hack-6.12/260-crypto_test_dependencies.patch using plaintext: 
patching file crypto/Kconfig
patching file crypto/algboss.c

Applying /home/mgta29/src/openwrt/target/linux/generic/hack-6.12/261-lib-arc4-unhide.patch using plaintext: 
patching file lib/crypto/Kconfig

Applying /home/mgta29/src/openwrt/target/linux/generic/hack-6.12/280-rfkill-stubs.patch using plaintext: 
patching file include/linux/rfkill.h
patching file net/Makefile
patching file net/rfkill/Kconfig
patching file net/rfkill/Makefile

Applying /home/mgta29/src/openwrt/target/linux/generic/hack-6.12/300-MIPS-r4k_cache-use-more-efficient-cache-blast.patch using plaintext: 
patching file arch/mips/include/asm/r4kcache.h

Applying /home/mgta29/src/openwrt/target/linux/generic/hack-6.12/301-01-mm-permit-to-declare-custom-execmem-alloc-free-funct.patch using plaintext: 
patching file include/linux/moduleloader.h
patching file mm/execmem.c

Applying /home/mgta29/src/openwrt/target/linux/generic/hack-6.12/301-02-mips-replace-mlong-calls-with-mno-long-calls-if-poss.patch using plaintext: 
patching file arch/mips/Makefile
patching file arch/mips/include/asm/module.h
patching file arch/mips/kernel/module.c

Applying /home/mgta29/src/openwrt/target/linux/generic/hack-6.12/402-mtd-blktrans-call-add-disks-after-mtd-device.patch using plaintext: 
patching file drivers/mtd/mtd_blkdevs.c
patching file drivers/mtd/mtdcore.c
patching file include/linux/mtd/blktrans.h

Applying /home/mgta29/src/openwrt/target/linux/generic/hack-6.12/420-mtd-support-OpenWrt-s-MTD_ROOTFS_ROOT_DEV.patch using plaintext: 
patching file drivers/mtd/mtdcore.c

Applying /home/mgta29/src/openwrt/target/linux/generic/hack-6.12/421-drivers-mtd-parsers-add-nvmem-support-to-cmdlinepart.patch using plaintext: 
patching file drivers/mtd/parsers/cmdlinepart.c

Applying /home/mgta29/src/openwrt/target/linux/generic/hack-6.12/430-mtk-bmt-support.patch using plaintext: 
patching file drivers/mtd/nand/Kconfig
patching file drivers/mtd/nand/Makefile

Applying /home/mgta29/src/openwrt/target/linux/generic/hack-6.12/499-LEGACY-block-partitions-populate-fwnode.patch using plaintext: 
patching file block/partitions/core.c
patching file drivers/mmc/core/bus.c
patching file drivers/mmc/core/block.c

Applying /home/mgta29/src/openwrt/target/linux/generic/hack-6.12/600-net-enable-fraglist-GRO-by-default.patch using plaintext: 
patching file include/linux/netdev_features.h

Applying /home/mgta29/src/openwrt/target/linux/generic/hack-6.12/610-net-page_pool-try-to-free-deferred-skbs-while-waitin.patch using plaintext: 
patching file net/core/page_pool.c

Applying /home/mgta29/src/openwrt/target/linux/generic/hack-6.12/645-netfilter-connmark-introduce-set-dscpmark.patch using plaintext: 
patching file include/uapi/linux/netfilter/xt_connmark.h
patching file net/netfilter/xt_connmark.c

Applying /home/mgta29/src/openwrt/target/linux/generic/hack-6.12/650-netfilter-add-xt_FLOWOFFLOAD-target.patch using plaintext: 
patching file net/netfilter/Kconfig
patching file net/netfilter/Makefile
patching file net/netfilter/xt_FLOWOFFLOAD.c
patching file net/netfilter/nf_flow_table_core.c
patching file include/uapi/linux/netfilter/xt_FLOWOFFLOAD.h
patching file include/net/netfilter/nf_flow_table.h

Applying /home/mgta29/src/openwrt/target/linux/generic/hack-6.12/651-wireless_mesh_header.patch using plaintext: 
patching file include/linux/netdevice.h

Applying /home/mgta29/src/openwrt/target/linux/generic/hack-6.12/660-fq_codel_defaults.patch using plaintext: 
patching file net/sched/sch_fq_codel.c

Applying /home/mgta29/src/openwrt/target/linux/generic/hack-6.12/661-kernel-ct-size-the-hashtable-more-adequately.patch using plaintext: 
patching file net/netfilter/nf_conntrack_core.c

Applying /home/mgta29/src/openwrt/target/linux/generic/hack-6.12/700-swconfig_switch_drivers.patch using plaintext: 
patching file drivers/net/phy/Kconfig
patching file drivers/net/phy/Makefile
patching file include/linux/platform_data/b53.h

Applying /home/mgta29/src/openwrt/target/linux/generic/hack-6.12/710-net-sched-sch_cake-configure-sync_time-via-debugfs.patch using plaintext: 
patching file net/sched/sch_cake.c

Applying /home/mgta29/src/openwrt/target/linux/generic/hack-6.12/711-net-dsa-mv88e6xxx-disable-ATU-violation.patch using plaintext: 
patching file drivers/net/dsa/mv88e6xxx/chip.c

Applying /home/mgta29/src/openwrt/target/linux/generic/hack-6.12/721-net-add-packet-mangeling.patch using plaintext: 
patching file include/linux/netdevice.h
patching file include/linux/skbuff.h
patching file net/Kconfig
patching file net/core/dev.c
patching file net/core/skbuff.c
patching file net/ethernet/eth.c

Applying /home/mgta29/src/openwrt/target/linux/generic/hack-6.12/722-net-phy-aquantia-enable-AQR112-and-AQR412.patch using plaintext: 
patching file drivers/net/phy/aquantia/aquantia_main.c

Applying /home/mgta29/src/openwrt/target/linux/generic/hack-6.12/723-net-phy-aquantia-fix-system-side-protocol-mi.patch using plaintext: 
patching file drivers/net/phy/aquantia/aquantia_main.c

Applying /home/mgta29/src/openwrt/target/linux/generic/hack-6.12/725-net-phy-aquantia-add-PHY_IDs-for-AQR112-variants.patch using plaintext: 
patching file drivers/net/phy/aquantia/aquantia_main.c

Applying /home/mgta29/src/openwrt/target/linux/generic/hack-6.12/730-net-ethernet-mtk_eth_soc-add-hw-dump-for-forced-rese.patch using plaintext: 
patching file drivers/net/ethernet/mediatek/mtk_eth_soc.c
patching file drivers/net/ethernet/mediatek/mtk_eth_soc.h

Applying /home/mgta29/src/openwrt/target/linux/generic/hack-6.12/735-net-phy-realtek-rtl8261n.patch using plaintext: 
patching file drivers/net/phy/Kconfig
patching file drivers/net/phy/Makefile

Applying /home/mgta29/src/openwrt/target/linux/generic/hack-6.12/750-net-pcs-mtk-lynxi-workaround-2500BaseX-no-an.patch using plaintext: 
patching file drivers/net/pcs/pcs-mtk-lynxi.c

Applying /home/mgta29/src/openwrt/target/linux/generic/hack-6.12/755-net-phy-motorcomm-yt8821-bus-collision-workaround.patch using plaintext: 
patching file drivers/net/phy/motorcomm.c

Applying /home/mgta29/src/openwrt/target/linux/generic/hack-6.12/760-net-usb-r8152-add-LED-configuration-from-OF.patch using plaintext: 
patching file drivers/net/usb/r8152.c

Applying /home/mgta29/src/openwrt/target/linux/generic/hack-6.12/761-dt-bindings-net-add-RTL8152-binding-documentation.patch using plaintext: 
patching file Documentation/devicetree/bindings/net/realtek,rtl8152.yaml

Applying /home/mgta29/src/openwrt/target/linux/generic/hack-6.12/766-net-phy-mediatek-ge-add-LED-configuration-interface.patch using plaintext: 
patching file drivers/net/phy/mediatek/mtk-ge.c

Applying /home/mgta29/src/openwrt/target/linux/generic/hack-6.12/770-r8169-LED-uses-original-network-port-name.patch using plaintext: 
patching file drivers/net/ethernet/realtek/r8169.h
patching file drivers/net/ethernet/realtek/r8169_leds.c
patching file drivers/net/ethernet/realtek/r8169_main.c

Applying /home/mgta29/src/openwrt/target/linux/generic/hack-6.12/773-bgmac-add-srab-switch.patch using plaintext: 
patching file drivers/net/ethernet/broadcom/bgmac-bcma.c
patching file drivers/net/ethernet/broadcom/bgmac.c
patching file drivers/net/ethernet/broadcom/bgmac.h

Applying /home/mgta29/src/openwrt/target/linux/generic/hack-6.12/780-usb-net-MeigLink_modem_support.patch using plaintext: 
patching file drivers/net/usb/qmi_wwan.c
patching file drivers/usb/serial/option.c

Applying /home/mgta29/src/openwrt/target/linux/generic/hack-6.12/781-usb-net-rndis-support-asr.patch using plaintext: 
patching file drivers/net/usb/rndis_host.c

Applying /home/mgta29/src/openwrt/target/linux/generic/hack-6.12/800-GPIO-add-named-gpio-exports.patch using plaintext: 
patching file drivers/gpio/gpiolib-of.c
patching file include/linux/gpio/consumer.h
patching file drivers/gpio/gpiolib-sysfs.c

Applying /home/mgta29/src/openwrt/target/linux/generic/hack-6.12/810-bcma-ssb-fallback-sprom.patch using plaintext: 
patching file drivers/bcma/Kconfig
patching file drivers/bcma/Makefile
patching file drivers/bcma/bcma_private.h
patching file drivers/bcma/main.c
patching file drivers/bcma/sprom.c
patching file drivers/ssb/Kconfig
patching file drivers/ssb/Makefile
patching file drivers/ssb/main.c
patching file drivers/ssb/sprom.c
patching file drivers/ssb/ssb_private.h

Applying /home/mgta29/src/openwrt/target/linux/generic/hack-6.12/901-debloat_sock_diag.patch using plaintext: 
patching file net/Kconfig
patching file net/core/Makefile
patching file net/core/sock.c
patching file net/core/sock_diag.c
patching file net/ipv4/Kconfig
patching file net/netlink/Kconfig
patching file net/packet/Kconfig
patching file net/unix/Kconfig
patching file net/xdp/Kconfig

Applying /home/mgta29/src/openwrt/target/linux/generic/hack-6.12/902-debloat_proc.patch using plaintext: 
patching file fs/locks.c
patching file fs/proc/Kconfig
patching file fs/proc/consoles.c
patching file fs/proc/proc_tty.c
patching file include/net/snmp.h
patching file ipc/msg.c
patching file ipc/sem.c
patching file ipc/shm.c
patching file ipc/util.c
patching file kernel/exec_domain.c
patching file kernel/irq/proc.c
patching file kernel/time/timer_list.c
patching file mm/vmalloc.c
patching file mm/vmstat.c
patching file net/8021q/vlanproc.c
patching file net/core/net-procfs.c
patching file net/core/sock.c
patching file net/ipv4/fib_trie.c
patching file net/ipv4/proc.c
patching file net/ipv4/route.c
patching file net/ipv4/inet_timewait_sock.c

Applying /home/mgta29/src/openwrt/target/linux/generic/hack-6.12/904-debloat_dma_buf.patch using plaintext: 
patching file drivers/base/Kconfig
patching file drivers/dma-buf/heaps/Makefile
patching file drivers/dma-buf/Makefile
patching file drivers/dma-buf/dma-buf.c
patching file kernel/sched/core.c
patching file fs/d_path.c
patching file net/Kconfig

Applying /home/mgta29/src/openwrt/target/linux/generic/hack-6.12/910-kobject_uevent.patch using plaintext: 
patching file include/linux/kobject.h
patching file lib/kobject_uevent.c

Applying /home/mgta29/src/openwrt/target/linux/generic/hack-6.12/911-kobject_add_broadcast_uevent.patch using plaintext: 
patching file include/linux/kobject.h
patching file lib/kobject_uevent.c

Applying /home/mgta29/src/openwrt/target/linux/generic/hack-6.12/920-device_tree_cmdline.patch using plaintext: 
patching file drivers/of/fdt.c

Applying /home/mgta29/src/openwrt/target/linux/generic/hack-6.12/930-Revert-Revert-Revert-driver-core-Set-fw_devlink-on-b.patch using plaintext: 
patching file drivers/base/core.c

Applying /home/mgta29/src/openwrt/target/linux/bmips/patches-6.12/100-irqchip-add-support-for-bcm6345-style-external-inter.patch using plaintext: 
patching file Documentation/devicetree/bindings/interrupt-controller/brcm,bcm6345-ext-intc.txt
patching file drivers/irqchip/Kconfig
patching file drivers/irqchip/Makefile
patching file drivers/irqchip/irq-bcm6345-ext.c
patching file include/linux/irqchip/irq-bcm6345-ext.h

Applying /home/mgta29/src/openwrt/target/linux/bmips/patches-6.12/110-net-dsa-b53-bcm531x5-fix-cpu-rgmii-mode-interpretation.patch using plaintext: 
patching file drivers/net/dsa/b53/Kconfig
patching file drivers/net/dsa/b53/b53_common.c

Applying /home/mgta29/src/openwrt/target/linux/bmips/patches-6.12/200-mips-bmips-automatically-detect-CPU-frequency.patch using plaintext: 
patching file arch/mips/bmips/setup.c

Applying /home/mgta29/src/openwrt/target/linux/bmips/patches-6.12/201-mips-bmips-automatically-detect-RAM-size.patch using plaintext: 
patching file arch/mips/bmips/setup.c

Applying /home/mgta29/src/openwrt/target/linux/bmips/patches-6.12/202-mips-bmips-tweak-Kconfig-options.patch using plaintext: 
patching file arch/mips/Kconfig
patching file drivers/irqchip/Kconfig

Applying /home/mgta29/src/openwrt/target/linux/bmips/patches-6.12/500-net-broadcom-add-BCM6368-enetsw-controller-driver.patch using plaintext: 
patching file drivers/net/ethernet/broadcom/Kconfig
patching file drivers/net/ethernet/broadcom/Makefile

Applying /home/mgta29/src/openwrt/target/linux/bmips/patches-6.12/501-net-broadcom-add-BCM6348-enet-controller-driver.patch using plaintext: 
patching file drivers/net/ethernet/broadcom/Kconfig
patching file drivers/net/ethernet/broadcom/Makefile

Applying /home/mgta29/src/openwrt/target/linux/bmips/patches-6.12/502-net-mdio-mux-bcm6368-allow-disabling.patch using plaintext: 
patching file drivers/net/mdio/Kconfig

Applying /home/mgta29/src/openwrt/target/linux/bmips/patches-6.12/600-mips-bmips-add-pci-support.patch using plaintext: 
patching file arch/mips/Kconfig
patching file arch/mips/pci/Makefile

Applying /home/mgta29/src/openwrt/target/linux/bmips/patches-6.12/601-pci-controllers-add-bcm6328-pcie-support.patch using plaintext: 
patching file drivers/pci/controller/Kconfig
patching file drivers/pci/controller/Makefile

Applying /home/mgta29/src/openwrt/target/linux/bmips/patches-6.12/602-pci-controllers-add-bcm6318-pcie-support.patch using plaintext: 
patching file drivers/pci/controller/Kconfig
patching file drivers/pci/controller/Makefile

Applying /home/mgta29/src/openwrt/target/linux/bmips/patches-6.12/603-pci-controllers-add-bcm6348-pci-support.patch using plaintext: 
patching file drivers/pci/controller/Kconfig
patching file drivers/pci/controller/Makefile

Applying /home/mgta29/src/openwrt/target/linux/bmips/patches-6.12/700-leds-add-support-for-Sercomm-MSP430-LED-controller.patch using plaintext: 
patching file drivers/leds/Kconfig
patching file drivers/leds/Makefile

Applying /home/mgta29/src/openwrt/target/linux/bmips/patches-6.12/800-jffs2-work-around-unaligned-accesses-failing-on-bcm6.patch using plaintext: 
patching file fs/jffs2/nodelist.h

Applying /home/mgta29/src/openwrt/target/linux/bmips/patches-6.12/998-bmips-tc7200u-gmac-init.patch using plaintext: 
patching file arch/mips/bmips/setup.c
Hunk #3 succeeded at 293 with fuzz 1.
touch /home/mgta29/src/openwrt/build_dir/target-mips_mips32_musl/linux-bmips_bcm63268/linux-6.12.87/.prepared_36fb2890c165073412f2a151600f3418
rm -f /home/mgta29/src/openwrt/build_dir/target-mips_mips32_musl/linux-bmips_bcm63268/linux-6.12.87/localversion
/home/mgta29/src/openwrt/scripts/kconfig.pl  + /home/mgta29/src/openwrt/target/linux/generic/config-6.12 /home/mgta29/src/openwrt/target/linux/bmips/bcm63268/config-6.12 > /home/mgta29/src/openwrt/build_dir/target-mips_mips32_musl/linux-bmips_bcm63268/linux-6.12.87/.config.target
awk '/^(#[[:space:]]+)?CONFIG_KERNEL/{sub("CONFIG_KERNEL_","CONFIG_");print}' /home/mgta29/src/openwrt/.config >> /home/mgta29/src/openwrt/build_dir/target-mips_mips32_musl/linux-bmips_bcm63268/linux-6.12.87/.config.target
echo "# CONFIG_KALLSYMS_EXTRA_PASS is not set" >> /home/mgta29/src/openwrt/build_dir/target-mips_mips32_musl/linux-bmips_bcm63268/linux-6.12.87/.config.target
echo "# CONFIG_KALLSYMS_ALL is not set" >> /home/mgta29/src/openwrt/build_dir/target-mips_mips32_musl/linux-bmips_bcm63268/linux-6.12.87/.config.target
echo "CONFIG_KALLSYMS_UNCOMPRESSED=y" >> /home/mgta29/src/openwrt/build_dir/target-mips_mips32_musl/linux-bmips_bcm63268/linux-6.12.87/.config.target
/home/mgta29/src/openwrt/scripts/package-metadata.pl kconfig /home/mgta29/src/openwrt/tmp/.packageinfo /home/mgta29/src/openwrt/.config 6.12 > /home/mgta29/src/openwrt/build_dir/target-mips_mips32_musl/linux-bmips_bcm63268/linux-6.12.87/.config.override
/home/mgta29/src/openwrt/scripts/kconfig.pl 'm+' '+' /home/mgta29/src/openwrt/build_dir/target-mips_mips32_musl/linux-bmips_bcm63268/linux-6.12.87/.config.target /dev/null /home/mgta29/src/openwrt/build_dir/target-mips_mips32_musl/linux-bmips_bcm63268/linux-6.12.87/.config.override > /home/mgta29/src/openwrt/build_dir/target-mips_mips32_musl/linux-bmips_bcm63268/linux-6.12.87/.config.set
mv /home/mgta29/src/openwrt/build_dir/target-mips_mips32_musl/linux-bmips_bcm63268/linux-6.12.87/.config.set /home/mgta29/src/openwrt/build_dir/target-mips_mips32_musl/linux-bmips_bcm63268/linux-6.12.87/.config.old
grep -v INITRAMFS /home/mgta29/src/openwrt/build_dir/target-mips_mips32_musl/linux-bmips_bcm63268/linux-6.12.87/.config.old > /home/mgta29/src/openwrt/build_dir/target-mips_mips32_musl/linux-bmips_bcm63268/linux-6.12.87/.config.set
echo 'CONFIG_INITRAMFS_SOURCE=""' >> /home/mgta29/src/openwrt/build_dir/target-mips_mips32_musl/linux-bmips_bcm63268/linux-6.12.87/.config.set
echo '# CONFIG_INITRAMFS_FORCE is not set' >> /home/mgta29/src/openwrt/build_dir/target-mips_mips32_musl/linux-bmips_bcm63268/linux-6.12.87/.config.set
echo "# CONFIG_INITRAMFS_PRESERVE_MTIME is not set" >> /home/mgta29/src/openwrt/build_dir/target-mips_mips32_musl/linux-bmips_bcm63268/linux-6.12.87/.config.set
rm -rf /home/mgta29/src/openwrt/build_dir/target-mips_mips32_musl/linux-bmips_bcm63268/modules
cmp -s /home/mgta29/src/openwrt/build_dir/target-mips_mips32_musl/linux-bmips_bcm63268/linux-6.12.87/.config.set /home/mgta29/src/openwrt/build_dir/target-mips_mips32_musl/linux-bmips_bcm63268/linux-6.12.87/.config.prev || { cp /home/mgta29/src/openwrt/build_dir/target-mips_mips32_musl/linux-bmips_bcm63268/linux-6.12.87/.config.set /home/mgta29/src/openwrt/build_dir/target-mips_mips32_musl/linux-bmips_bcm63268/linux-6.12.87/.config; cp /home/mgta29/src/openwrt/build_dir/target-mips_mips32_musl/linux-bmips_bcm63268/linux-6.12.87/.config.set /home/mgta29/src/openwrt/build_dir/target-mips_mips32_musl/linux-bmips_bcm63268/linux-6.12.87/.config.prev; }
export MAKEFLAGS= ; [ -d /home/mgta29/src/openwrt/build_dir/target-mips_mips32_musl/linux-bmips_bcm63268/linux-6.12.87/user_headers ] || make -C /home/mgta29/src/openwrt/build_dir/target-mips_mips32_musl/linux-bmips_bcm63268/linux-6.12.87 KCFLAGS="-fmacro-prefix-map=/home/mgta29/src/openwrt/build_dir/target-mips_mips32_musl=target-mips_mips32_musl -fno-caller-saves " HOSTCFLAGS="-O2 -I/home/mgta29/src/openwrt/staging_dir/host/include -Wall -Wmissing-prototypes -Wstrict-prototypes" CROSS_COMPILE="mips-openwrt-linux-musl-" ARCH="mips" KBUILD_HAVE_NLS=no KBUILD_BUILD_USER="" KBUILD_BUILD_HOST="" KBUILD_BUILD_TIMESTAMP="Tue May 12 23:59:29 2026" KBUILD_BUILD_VERSION="0" KBUILD_HOSTLDFLAGS="-L/home/mgta29/src/openwrt/staging_dir/host/lib" CONFIG_SHELL="bash" V=''  cmd_syscalls=  CC="mips-openwrt-linux-musl-gcc" KERNELRELEASE=6.12.87  INSTALL_HDR_PATH=/home/mgta29/src/openwrt/build_dir/target-mips_mips32_musl/linux-bmips_bcm63268/linux-6.12.87/user_headers headers_install
make[4]: Entering directory '/home/mgta29/src/openwrt/build_dir/target-mips_mips32_musl/linux-bmips_bcm63268/linux-6.12.87'
  HOSTCC  scripts/basic/fixdep
  HOSTCC  scripts/unifdef
  WRAP    arch/mips/include/generated/uapi/asm/kvm_para.h
  WRAP    arch/mips/include/generated/uapi/asm/bpf_perf_event.h
  WRAP    arch/mips/include/generated/uapi/asm/ipcbuf.h
  SYSHDR  arch/mips/include/generated/uapi/asm/unistd_n32.h
  SYSHDR  arch/mips/include/generated/uapi/asm/unistd_n64.h
  SYSHDR  arch/mips/include/generated/uapi/asm/unistd_o32.h
  SYSTBL  arch/mips/include/generated/asm/syscall_table_n32.h
  SYSTBL  arch/mips/include/generated/asm/syscall_table_n64.h
  SYSTBL  arch/mips/include/generated/asm/syscall_table_o32.h
  SYSNR   arch/mips/include/generated/asm/unistd_nr_n32.h
  SYSNR   arch/mips/include/generated/asm/unistd_nr_n64.h
  SYSNR   arch/mips/include/generated/asm/unistd_nr_o32.h
  HOSTCC  arch/mips/tools/elf-entry
  HOSTCC  arch/mips/boot/tools/relocs_32.o
  HOSTCC  arch/mips/boot/tools/relocs_64.o
  HOSTCC  arch/mips/boot/tools/relocs_main.o
  HOSTLD  arch/mips/boot/tools/relocs
  UPD     include/generated/uapi/linux/version.h
  HDRINST usr/include/asm-generic/kvm_para.h
  HDRINST usr/include/asm-generic/setup.h
  HDRINST usr/include/asm-generic/signal-defs.h
  HDRINST usr/include/asm-generic/types.h
  HDRINST usr/include/asm-generic/mman-common.h
  HDRINST usr/include/asm-generic/swab.h
  HDRINST usr/include/asm-generic/unistd.h
  HDRINST usr/include/asm-generic/ioctls.h
  HDRINST usr/include/asm-generic/posix_types.h
  HDRINST usr/include/asm-generic/siginfo.h
  HDRINST usr/include/asm-generic/poll.h
  HDRINST usr/include/asm-generic/statfs.h
  HDRINST usr/include/asm-generic/ipcbuf.h
  HDRINST usr/include/asm-generic/resource.h
  HDRINST usr/include/asm-generic/socket.h
  HDRINST usr/include/asm-generic/fcntl.h
  HDRINST usr/include/asm-generic/ioctl.h
  HDRINST usr/include/asm-generic/int-ll64.h
  HDRINST usr/include/asm-generic/sockios.h
  HDRINST usr/include/asm-generic/sembuf.h
  HDRINST usr/include/asm-generic/termbits.h
  HDRINST usr/include/asm-generic/shmbuf.h
  HDRINST usr/include/asm-generic/errno-base.h
  HDRINST usr/include/asm-generic/msgbuf.h
  HDRINST usr/include/asm-generic/auxvec.h
  HDRINST usr/include/asm-generic/termios.h
  HDRINST usr/include/asm-generic/param.h
  HDRINST usr/include/asm-generic/ucontext.h
  HDRINST usr/include/asm-generic/mman.h
  HDRINST usr/include/asm-generic/signal.h
  HDRINST usr/include/asm-generic/int-l64.h
  HDRINST usr/include/asm-generic/termbits-common.h
  HDRINST usr/include/asm-generic/errno.h
  HDRINST usr/include/asm-generic/bpf_perf_event.h
  HDRINST usr/include/asm-generic/bitsperlong.h
  HDRINST usr/include/asm-generic/hugetlb_encode.h
  HDRINST usr/include/asm-generic/stat.h
  HDRINST usr/include/drm/msm_drm.h
  HDRINST usr/include/drm/pvr_drm.h
  HDRINST usr/include/drm/vgem_drm.h
  HDRINST usr/include/drm/drm_sarea.h
  HDRINST usr/include/drm/i915_drm.h
  HDRINST usr/include/drm/omap_drm.h
  HDRINST usr/include/drm/drm_mode.h
  HDRINST usr/include/drm/drm.h
  HDRINST usr/include/drm/exynos_drm.h
  HDRINST usr/include/drm/drm_fourcc.h
  HDRINST usr/include/drm/lima_drm.h
  HDRINST usr/include/drm/tegra_drm.h
  HDRINST usr/include/drm/vmwgfx_drm.h
  HDRINST usr/include/drm/panthor_drm.h
  HDRINST usr/include/drm/nouveau_drm.h
  HDRINST usr/include/drm/amdgpu_drm.h
  HDRINST usr/include/drm/habanalabs_accel.h
  HDRINST usr/include/drm/qaic_accel.h
  HDRINST usr/include/drm/virtgpu_drm.h
  HDRINST usr/include/drm/panfrost_drm.h
  HDRINST usr/include/drm/vc4_drm.h
  HDRINST usr/include/drm/ivpu_accel.h
  HDRINST usr/include/drm/v3d_drm.h
  HDRINST usr/include/drm/etnaviv_drm.h
  HDRINST usr/include/drm/armada_drm.h
  HDRINST usr/include/drm/radeon_drm.h
  HDRINST usr/include/drm/xe_drm.h
  HDRINST usr/include/drm/qxl_drm.h
  HDRINST usr/include/linux/kexec.h
  HDRINST usr/include/linux/keyboard.h
  HDRINST usr/include/linux/vboxguest.h
  HDRINST usr/include/linux/posix_acl_xattr.h
  HDRINST usr/include/linux/ioam6.h
  HDRINST usr/include/linux/netfilter_bridge/ebt_mark_t.h
  HDRINST usr/include/linux/netfilter_bridge/ebt_802_3.h
  HDRINST usr/include/linux/netfilter_bridge/ebt_ip6.h
  HDRINST usr/include/linux/netfilter_bridge/ebt_pkttype.h
  HDRINST usr/include/linux/netfilter_bridge/ebt_nflog.h
  HDRINST usr/include/linux/netfilter_bridge/ebt_arp.h
  HDRINST usr/include/linux/netfilter_bridge/ebt_mark_m.h
  HDRINST usr/include/linux/netfilter_bridge/ebt_nat.h
  HDRINST usr/include/linux/netfilter_bridge/ebt_ip.h
  HDRINST usr/include/linux/netfilter_bridge/ebtables.h
  HDRINST usr/include/linux/netfilter_bridge/ebt_vlan.h
  HDRINST usr/include/linux/netfilter_bridge/ebt_redirect.h
  HDRINST usr/include/linux/netfilter_bridge/ebt_stp.h
  HDRINST usr/include/linux/netfilter_bridge/ebt_log.h
  HDRINST usr/include/linux/netfilter_bridge/ebt_limit.h
  HDRINST usr/include/linux/netfilter_bridge/ebt_among.h
  HDRINST usr/include/linux/netfilter_bridge/ebt_arpreply.h
  HDRINST usr/include/linux/if_phonet.h
  HDRINST usr/include/linux/virtio_input.h
  HDRINST usr/include/linux/rxrpc.h
  HDRINST usr/include/linux/vfio_ccw.h
  HDRINST usr/include/linux/futex.h
  HDRINST usr/include/linux/tipc_sockets_diag.h
  HDRINST usr/include/linux/utime.h
  HDRINST usr/include/linux/nubus.h
  HDRINST usr/include/linux/atmbr2684.h
  HDRINST usr/include/linux/thermal.h
  HDRINST usr/include/linux/if_vlan.h
  HDRINST usr/include/linux/lp.h
  HDRINST usr/include/linux/ntsync.h
  HDRINST usr/include/linux/netfilter_arp/arpt_mangle.h
  HDRINST usr/include/linux/netfilter_arp/arp_tables.h
  HDRINST usr/include/linux/serial_reg.h
  HDRINST usr/include/linux/msdos_fs.h
  HDRINST usr/include/linux/reboot.h
  HDRINST usr/include/linux/blkpg.h
  HDRINST usr/include/linux/llc.h
  HDRINST usr/include/linux/cuda.h
  HDRINST usr/include/linux/omapfb.h
  HDRINST usr/include/linux/module.h
  HDRINST usr/include/linux/serial_core.h
  HDRINST usr/include/linux/io_uring.h
  HDRINST usr/include/linux/patchkey.h
  HDRINST usr/include/linux/personality.h
  HDRINST usr/include/linux/npcm-video.h
  HDRINST usr/include/linux/kvm_para.h
  HDRINST usr/include/linux/map_to_7segment.h
  HDRINST usr/include/linux/map_to_14segment.h
  HDRINST usr/include/linux/virtio_rng.h
  HDRINST usr/include/linux/mrp_bridge.h
  HDRINST usr/include/linux/netfilter.h
  HDRINST usr/include/linux/cachefiles.h
  HDRINST usr/include/linux/userfaultfd.h
  HDRINST usr/include/linux/nfs2.h
  HDRINST usr/include/linux/netfilter_ipv4/ipt_REJECT.h
  HDRINST usr/include/linux/netfilter_ipv4/ipt_LOG.h
  HDRINST usr/include/linux/netfilter_ipv4/ipt_ttl.h
  HDRINST usr/include/linux/netfilter_ipv4/ipt_ah.h
  HDRINST usr/include/linux/netfilter_ipv4/ipt_TTL.h
  HDRINST usr/include/linux/netfilter_ipv4/ipt_CLUSTERIP.h
  HDRINST usr/include/linux/netfilter_ipv4/ipt_ECN.h
  HDRINST usr/include/linux/netfilter_ipv4/ipt_ecn.h
  HDRINST usr/include/linux/netfilter_ipv4/ip_tables.h
  HDRINST usr/include/linux/nfs_fs.h
  HDRINST usr/include/linux/usb/g_printer.h
  HDRINST usr/include/linux/usb/ch11.h
  HDRINST usr/include/linux/usb/g_uvc.h
  HDRINST usr/include/linux/usb/audio.h
  HDRINST usr/include/linux/usb/tmc.h
  HDRINST usr/include/linux/usb/cdc-wdm.h
  HDRINST usr/include/linux/usb/midi.h
  HDRINST usr/include/linux/usb/video.h
  HDRINST usr/include/linux/usb/g_hid.h
  HDRINST usr/include/linux/usb/functionfs.h
  HDRINST usr/include/linux/usb/ch9.h
  HDRINST usr/include/linux/usb/cdc.h
  HDRINST usr/include/linux/usb/gadgetfs.h
  HDRINST usr/include/linux/usb/raw_gadget.h
  HDRINST usr/include/linux/usb/charger.h
  HDRINST usr/include/linux/tps6594_pfsm.h
  HDRINST usr/include/linux/if_ppp.h
  HDRINST usr/include/linux/tls.h
  HDRINST usr/include/linux/virtio_balloon.h
  HDRINST usr/include/linux/uuid.h
  HDRINST usr/include/linux/misc/bcm_vk.h
  HDRINST usr/include/linux/signalfd.h
  HDRINST usr/include/linux/const.h
  HDRINST usr/include/linux/rio_cm_cdev.h
  HDRINST usr/include/linux/openvswitch.h
  HDRINST usr/include/linux/dlm_device.h
  HDRINST usr/include/linux/utsname.h
  HDRINST usr/include/linux/if_tun.h
  HDRINST usr/include/linux/uleds.h
  HDRINST usr/include/linux/shm.h
  HDRINST usr/include/linux/nfs3.h
  HDRINST usr/include/linux/aspeed-video.h
  HDRINST usr/include/linux/fitblk.h
  HDRINST usr/include/linux/pktcdvd.h
  HDRINST usr/include/linux/cxl_mem.h
  HDRINST usr/include/linux/caif/if_caif.h
  HDRINST usr/include/linux/caif/caif_socket.h
  HDRINST usr/include/linux/pidfd.h
  HDRINST usr/include/linux/dccp.h
  HDRINST usr/include/linux/media-bus-format.h
  HDRINST usr/include/linux/if_bonding.h
  HDRINST usr/include/linux/mptcp_pm.h
  HDRINST usr/include/linux/wireless.h
  HDRINST usr/include/linux/hdlcdrv.h
  HDRINST usr/include/linux/atalk.h
  HDRINST usr/include/linux/ccs.h
  HDRINST usr/include/linux/dlm.h
  HDRINST usr/include/linux/v4l2-controls.h
  HDRINST usr/include/linux/coresight-stm.h
  HDRINST usr/include/linux/kvm.h
  HDRINST usr/include/linux/arm_sdei.h
  HDRINST usr/include/linux/virtio_iommu.h
  HDRINST usr/include/linux/seccomp.h
  HDRINST usr/include/linux/iio/types.h
  HDRINST usr/include/linux/iio/events.h
  HDRINST usr/include/linux/iio/buffer.h
  HDRINST usr/include/linux/major.h
  HDRINST usr/include/linux/seg6_local.h
  HDRINST usr/include/linux/genetlink.h
  HDRINST usr/include/linux/raid/md_p.h
  HDRINST usr/include/linux/raid/md_u.h
  HDRINST usr/include/linux/iommufd.h
  HDRINST usr/include/linux/psci.h
  HDRINST usr/include/linux/virtio_blk.h
  HDRINST usr/include/linux/in.h
  HDRINST usr/include/linux/psample.h
  HDRINST usr/include/linux/pfkeyv2.h
  HDRINST usr/include/linux/dns_resolver.h
  HDRINST usr/include/linux/veth.h
  HDRINST usr/include/linux/surface_aggregator/cdev.h
  HDRINST usr/include/linux/surface_aggregator/dtx.h
  HDRINST usr/include/linux/nvram.h
  HDRINST usr/include/linux/vdpa.h
  HDRINST usr/include/linux/sock_diag.h
  HDRINST usr/include/linux/aspeed-p2a-ctrl.h
  HDRINST usr/include/linux/route.h
  HDRINST usr/include/linux/mount.h
  HDRINST usr/include/linux/if_fc.h
  HDRINST usr/include/linux/virtio_fs.h
  HDRINST usr/include/linux/psp-dbc.h
  HDRINST usr/include/linux/selinux_netlink.h
  HDRINST usr/include/linux/lwtunnel.h
  HDRINST usr/include/linux/landlock.h
  HDRINST usr/include/linux/am437x-vpfe.h
  HDRINST usr/include/linux/types.h
  HDRINST usr/include/linux/ioprio.h
  HDRINST usr/include/linux/if_packet.h
  HDRINST usr/include/linux/fadvise.h
  HDRINST usr/include/linux/dvb/frontend.h
  HDRINST usr/include/linux/dvb/version.h
  HDRINST usr/include/linux/dvb/audio.h
  HDRINST usr/include/linux/dvb/dmx.h
  HDRINST usr/include/linux/dvb/video.h
  HDRINST usr/include/linux/dvb/osd.h
  HDRINST usr/include/linux/dvb/ca.h
  HDRINST usr/include/linux/dvb/net.h
  HDRINST usr/include/linux/swab.h
  HDRINST usr/include/linux/unistd.h
  HDRINST usr/include/linux/v4l2-dv-timings.h
  HDRINST usr/include/linux/mempolicy.h
  HDRINST usr/include/linux/amt.h
  HDRINST usr/include/linux/fsmap.h
  HDRINST usr/include/linux/auto_fs4.h
  HDRINST usr/include/linux/elf-fdpic.h
  HDRINST usr/include/linux/iso_fs.h
  HDRINST usr/include/linux/capi.h
  HDRINST usr/include/linux/btrfs_tree.h
  HDRINST usr/include/linux/aio_abi.h
  HDRINST usr/include/linux/handshake.h
  HDRINST usr/include/linux/ipv6.h
  HDRINST usr/include/linux/netrom.h
  HDRINST usr/include/linux/thp7312.h
  HDRINST usr/include/linux/falloc.h
  HDRINST usr/include/linux/random.h
  HDRINST usr/include/linux/limits.h
  HDRINST usr/include/linux/radeonfb.h
  HDRINST usr/include/linux/cgroupstats.h
  HDRINST usr/include/linux/if_x25.h
  HDRINST usr/include/linux/errqueue.h
  HDRINST usr/include/linux/atmsvc.h
  HDRINST usr/include/linux/igmp.h
  HDRINST usr/include/linux/ext4.h
  HDRINST usr/include/linux/rio_mport_cdev.h
  HDRINST usr/include/linux/memfd.h
  HDRINST usr/include/linux/rfkill.h
  HDRINST usr/include/linux/sctp.h
  HDRINST usr/include/linux/dma-buf.h
  HDRINST usr/include/linux/fuse.h
  HDRINST usr/include/linux/posix_types.h
  HDRINST usr/include/linux/virtio_types.h
  HDRINST usr/include/linux/libc-compat.h
  HDRINST usr/include/linux/fou.h
  HDRINST usr/include/linux/serial.h
  HDRINST usr/include/linux/if_pppox.h
  HDRINST usr/include/linux/kdev_t.h
  HDRINST usr/include/linux/if_ltalk.h
  HDRINST usr/include/linux/blkzoned.h
  HDRINST usr/include/linux/icmp.h
  HDRINST usr/include/linux/ila.h
  HDRINST usr/include/linux/blktrace_api.h
  HDRINST usr/include/linux/ioam6_iptunnel.h
  HDRINST usr/include/linux/reiserfs_fs.h
  HDRINST usr/include/linux/fanotify.h
  HDRINST usr/include/linux/hw_breakpoint.h
  HDRINST usr/include/linux/bsg.h
  HDRINST usr/include/linux/vfio_zdev.h
  HDRINST usr/include/linux/times.h
  HDRINST usr/include/linux/input.h
  HDRINST usr/include/linux/vduse.h
  HDRINST usr/include/linux/ptrace.h
  HDRINST usr/include/linux/batadv_packet.h
  HDRINST usr/include/linux/openat2.h
  HDRINST usr/include/linux/un.h
  HDRINST usr/include/linux/tty_flags.h
  HDRINST usr/include/linux/kcm.h
  HDRINST usr/include/linux/coda.h
  HDRINST usr/include/linux/cfm_bridge.h
  HDRINST usr/include/linux/kernelcapi.h
  HDRINST usr/include/linux/ptp_clock.h
  HDRINST usr/include/linux/virtio_bt.h
  HDRINST usr/include/linux/wait.h
  HDRINST usr/include/linux/fdreg.h
  HDRINST usr/include/linux/blkdev.h
  HDRINST usr/include/linux/poll.h
  HDRINST usr/include/linux/virtio_i2c.h
  HDRINST usr/include/linux/mdio.h
  HDRINST usr/include/linux/usbip.h
  HDRINST usr/include/linux/vm_sockets.h
  HDRINST usr/include/linux/netlink_diag.h
  HDRINST usr/include/linux/nexthop.h
  HDRINST usr/include/linux/mpls_iptunnel.h
  HDRINST usr/include/linux/i2o-dev.h
  HDRINST usr/include/linux/nsm.h
  HDRINST usr/include/linux/sonet.h
  HDRINST usr/include/linux/atmarp.h
  HDRINST usr/include/linux/keyctl.h
  HDRINST usr/include/linux/pci_regs.h
  HDRINST usr/include/linux/bpf_common.h
  HDRINST usr/include/linux/ublk_cmd.h
  HDRINST usr/include/linux/phantom.h
  HDRINST usr/include/linux/virtio_net.h
  HDRINST usr/include/linux/quota.h
  HDRINST usr/include/linux/loadpin.h
  HDRINST usr/include/linux/ndctl.h
  HDRINST usr/include/linux/v4l2-common.h
  HDRINST usr/include/linux/kd.h
  HDRINST usr/include/linux/lsm.h
  HDRINST usr/include/linux/sched/types.h
  HDRINST usr/include/linux/net_dropmon.h
  HDRINST usr/include/linux/pci.h
  HDRINST usr/include/linux/remoteproc_cdev.h
  HDRINST usr/include/linux/mptcp.h
  HDRINST usr/include/linux/connector.h
  HDRINST usr/include/linux/ipc.h
  HDRINST usr/include/linux/ppdev.h
  HDRINST usr/include/linux/virtio_mem.h
  HDRINST usr/include/linux/mqueue.h
  HDRINST usr/include/linux/nfs.h
  HDRINST usr/include/linux/if_team.h
  HDRINST usr/include/linux/ivtvfb.h
  HDRINST usr/include/linux/dlm_plock.h
  HDRINST usr/include/linux/kcov.h
  HDRINST usr/include/linux/user_events.h
  HDRINST usr/include/linux/if_addr.h
  HDRINST usr/include/linux/udf_fs_i.h
  HDRINST usr/include/linux/romfs_fs.h
  HDRINST usr/include/linux/capability.h
  HDRINST usr/include/linux/omap3isp.h
  HDRINST usr/include/linux/if_arcnet.h
  HDRINST usr/include/linux/elf-em.h
  HDRINST usr/include/linux/posix_acl.h
  HDRINST usr/include/linux/ppp-ioctl.h
  HDRINST usr/include/linux/xfrm.h
  HDRINST usr/include/linux/ppp-comp.h
  HDRINST usr/include/linux/tipc_netlink.h
  HDRINST usr/include/linux/fiemap.h
  HDRINST usr/include/linux/loop.h
  HDRINST usr/include/linux/dm-log-userspace.h
  HDRINST usr/include/linux/if_alg.h
  HDRINST usr/include/linux/vt.h
  HDRINST usr/include/linux/nitro_enclaves.h
  HDRINST usr/include/linux/virtio_scsi.h
  HDRINST usr/include/linux/virtio_pci.h
  HDRINST usr/include/linux/if_addrlabel.h
  HDRINST usr/include/linux/virtio_ids.h
  HDRINST usr/include/linux/counter.h
  HDRINST usr/include/linux/resource.h
  HDRINST usr/include/linux/socket.h
  HDRINST usr/include/linux/atm.h
  HDRINST usr/include/linux/fcntl.h
  HDRINST usr/include/linux/minix_fs.h
  HDRINST usr/include/linux/ioctl.h
  HDRINST usr/include/linux/bcm933xx_hcs.h
  HDRINST usr/include/linux/netfilter_ipv6.h
  HDRINST usr/include/linux/isdn/capicmd.h
  HDRINST usr/include/linux/userio.h
  HDRINST usr/include/linux/dlmconstants.h
  HDRINST usr/include/linux/dcbnl.h
  HDRINST usr/include/linux/vbox_err.h
  HDRINST usr/include/linux/fb.h
  HDRINST usr/include/linux/virtio_scmi.h
  HDRINST usr/include/linux/netfilter_bridge.h
  HDRINST usr/include/linux/kfd_sysfs.h
  HDRINST usr/include/linux/stm.h
  HDRINST usr/include/linux/seg6_iptunnel.h
  HDRINST usr/include/linux/media.h
  HDRINST usr/include/linux/hdreg.h
  HDRINST usr/include/linux/max2175.h
  HDRINST usr/include/linux/gsmmux.h
  HDRINST usr/include/linux/i8k.h
  HDRINST usr/include/linux/atm_he.h
  HDRINST usr/include/linux/ip6_tunnel.h
  HDRINST usr/include/linux/uhid.h
  HDRINST usr/include/linux/membarrier.h
  HDRINST usr/include/linux/sound.h
  HDRINST usr/include/linux/erspan.h
  HDRINST usr/include/linux/ethtool_netlink_generated.h
  HDRINST usr/include/linux/mtio.h
  HDRINST usr/include/linux/cec.h
  HDRINST usr/include/linux/nsfs.h
  HDRINST usr/include/linux/atmsap.h
  HDRINST usr/include/linux/xattr.h
  HDRINST usr/include/linux/atm_nicstar.h
  HDRINST usr/include/linux/if_fddi.h
  HDRINST usr/include/linux/smc.h
  HDRINST usr/include/linux/adfs_fs.h
  HDRINST usr/include/linux/in_route.h
  HDRINST usr/include/linux/inet_diag.h
  HDRINST usr/include/linux/seg6_genl.h
  HDRINST usr/include/linux/if_ether.h
  HDRINST usr/include/linux/snmp.h
  HDRINST usr/include/linux/ip.h
  HDRINST usr/include/linux/suspend_ioctls.h
  HDRINST usr/include/linux/if_pppol2tp.h
  HDRINST usr/include/linux/rtnetlink.h
  HDRINST usr/include/linux/bpf.h
  HDRINST usr/include/linux/can/error.h
  HDRINST usr/include/linux/can/gw.h
  HDRINST usr/include/linux/can/j1939.h
  HDRINST usr/include/linux/can/raw.h
  HDRINST usr/include/linux/can/bcm.h
  HDRINST usr/include/linux/can/netlink.h
  HDRINST usr/include/linux/can/vxcan.h
  HDRINST usr/include/linux/can/isotp.h
  HDRINST usr/include/linux/tty.h
  HDRINST usr/include/linux/ipmi_ssif_bmc.h
  HDRINST usr/include/linux/input-event-codes.h
  HDRINST usr/include/linux/sockios.h
  HDRINST usr/include/linux/um_timetravel.h
  HDRINST usr/include/linux/virtio_gpu.h
  HDRINST usr/include/linux/fs.h
  HDRINST usr/include/linux/nfsacl.h
  HDRINST usr/include/linux/screen_info.h
  HDRINST usr/include/linux/fsverity.h
  HDRINST usr/include/linux/rpl_iptunnel.h
  HDRINST usr/include/linux/if_tunnel.h
  HDRINST usr/include/linux/tiocl.h
  HDRINST usr/include/linux/soundcard.h
  HDRINST usr/include/linux/agpgart.h
  HDRINST usr/include/linux/sem.h
  HDRINST usr/include/linux/rtc.h
  HDRINST usr/include/linux/fd.h
  HDRINST usr/include/linux/baycom.h
  HDRINST usr/include/linux/zorro_ids.h
  HDRINST usr/include/linux/fsi.h
  HDRINST usr/include/linux/affs_hardblocks.h
  HDRINST usr/include/linux/virtio_vsock.h
  HDRINST usr/include/linux/cifs/cifs_mount.h
  HDRINST usr/include/linux/cifs/cifs_netlink.h
  HDRINST usr/include/linux/batman_adv.h
  HDRINST usr/include/linux/tcp_metrics.h
  HDRINST usr/include/linux/virtio_gpio.h
  HDRINST usr/include/linux/virtio_console.h
  HDRINST usr/include/linux/cramfs_fs.h
  HDRINST usr/include/linux/prctl.h
  HDRINST usr/include/linux/tipc_config.h
  HDRINST usr/include/linux/rseq.h
  HDRINST usr/include/linux/vhost.h
  HDRINST usr/include/linux/serio.h
  HDRINST usr/include/linux/pps.h
  HDRINST usr/include/linux/if_macsec.h
  HDRINST usr/include/linux/fib_rules.h
  HDRINST usr/include/linux/atmlec.h
  HDRINST usr/include/linux/f2fs.h
  HDRINST usr/include/linux/efs_fs_sb.h
  HDRINST usr/include/linux/nfs4.h
  HDRINST usr/include/linux/vtpm_proxy.h
  HDRINST usr/include/linux/ppp_defs.h
  HDRINST usr/include/linux/auto_fs.h
  HDRINST usr/include/linux/ncsi.h
  HDRINST usr/include/linux/videodev2.h
  HDRINST usr/include/linux/virtio_pcidev.h
  HDRINST usr/include/linux/atm_idt77105.h
  HDRINST usr/include/linux/acrn.h
  HDRINST usr/include/linux/if_infiniband.h
  HDRINST usr/include/linux/net_tstamp.h
  HDRINST usr/include/linux/media/raspberrypi/pisp_common.h
  HDRINST usr/include/linux/media/raspberrypi/pisp_be_config.h
  HDRINST usr/include/linux/ivtv.h
  HDRINST usr/include/linux/vfio.h
  HDRINST usr/include/linux/trace_mmap.h
  HDRINST usr/include/linux/dqblk_xfs.h
  HDRINST usr/include/linux/genwqe/genwqe_card.h
  HDRINST usr/include/linux/mroute.h
  HDRINST usr/include/linux/dm-ioctl.h
  HDRINST usr/include/linux/if_eql.h
  HDRINST usr/include/linux/scif_ioctl.h
  HDRINST usr/include/linux/sysctl.h
  HDRINST usr/include/linux/nl80211-vnd-intel.h
  HDRINST usr/include/linux/hiddev.h
  HDRINST usr/include/linux/pkt_sched.h
  HDRINST usr/include/linux/pcitest.h
  HDRINST usr/include/linux/timex.h
  HDRINST usr/include/linux/bpqether.h
  HDRINST usr/include/linux/sonypi.h
  HDRINST usr/include/linux/dpll.h
  HDRINST usr/include/linux/aspeed-lpc-ctrl.h
  HDRINST usr/include/linux/tdx-guest.h
  HDRINST usr/include/linux/hdlc/ioctl.h
  HDRINST usr/include/linux/kernel-page-flags.h
  HDRINST usr/include/linux/vesa.h
  HDRINST usr/include/linux/ipmi.h
  HDRINST usr/include/linux/time.h
  HDRINST usr/include/linux/android/binder.h
  HDRINST usr/include/linux/android/binderfs.h
  HDRINST usr/include/linux/switch.h
  HDRINST usr/include/linux/udp.h
  HDRINST usr/include/linux/close_range.h
  HDRINST usr/include/linux/spi/spidev.h
  HDRINST usr/include/linux/spi/spi.h
  HDRINST usr/include/linux/pfrut.h
  HDRINST usr/include/linux/taskstats.h
  HDRINST usr/include/linux/watch_queue.h
  HDRINST usr/include/linux/atmapi.h
  HDRINST usr/include/linux/nfc.h
  HDRINST usr/include/linux/netdev.h
  HDRINST usr/include/linux/mmc/ioctl.h
  HDRINST usr/include/linux/rpmsg.h
  HDRINST usr/include/linux/if_hippi.h
  HDRINST usr/include/linux/usbdevice_fs.h
  HDRINST usr/include/linux/cec-funcs.h
  HDRINST usr/include/linux/atmppp.h
  HDRINST usr/include/linux/virtio_ring.h
  HDRINST usr/include/linux/neighbour.h
  HDRINST usr/include/linux/ipv6_route.h
  HDRINST usr/include/linux/ethtool_netlink.h
  HDRINST usr/include/linux/ioam6_genl.h
  HDRINST usr/include/linux/vhost_types.h
  HDRINST usr/include/linux/elf.h
  HDRINST usr/include/linux/kcmp.h
  HDRINST usr/include/linux/timerfd.h
  HDRINST usr/include/linux/x25.h
  HDRINST usr/include/linux/net_namespace.h
  HDRINST usr/include/linux/gtp.h
  HDRINST usr/include/linux/gpio.h
  HDRINST usr/include/linux/hid.h
  HDRINST usr/include/linux/synclink.h
  HDRINST usr/include/linux/rpmsg_types.h
  HDRINST usr/include/linux/packet_diag.h
  HDRINST usr/include/linux/ax25.h
  HDRINST usr/include/linux/unix_diag.h
  HDRINST usr/include/linux/mei.h
  HDRINST usr/include/linux/matroxfb.h
  HDRINST usr/include/linux/virtio_pmem.h
  HDRINST usr/include/linux/cciss_defs.h
  HDRINST usr/include/linux/rds.h
  HDRINST usr/include/linux/wwan.h
  HDRINST usr/include/linux/hsr_netlink.h
  HDRINST usr/include/linux/jffs2.h
  HDRINST usr/include/linux/qemu_fw_cfg.h
  HDRINST usr/include/linux/sed-opal.h
  HDRINST usr/include/linux/if_link.h
  HDRINST usr/include/linux/vm_sockets_diag.h
  HDRINST usr/include/linux/l2tp.h
  HDRINST usr/include/linux/if_bridge.h
  HDRINST usr/include/linux/atmclip.h
  HDRINST usr/include/linux/hpet.h
  HDRINST usr/include/linux/rpl.h
  HDRINST usr/include/linux/mctp.h
  HDRINST usr/include/linux/fsl_mc.h
  HDRINST usr/include/linux/inotify.h
  HDRINST usr/include/linux/phonet.h
  HDRINST usr/include/linux/cryptouser.h
  HDRINST usr/include/linux/sunrpc/debug.h
  HDRINST usr/include/linux/cycx_cfm.h
  HDRINST usr/include/linux/mei_uuid.h
  HDRINST usr/include/linux/virtio_snd.h
  HDRINST usr/include/linux/atm_tcp.h
  HDRINST usr/include/linux/string.h
  HDRINST usr/include/linux/btf.h
  HDRINST usr/include/linux/netfilter_ipv4.h
  HDRINST usr/include/linux/if_cablemodem.h
  HDRINST usr/include/linux/if_arp.h
  HDRINST usr/include/linux/tc_ematch/tc_em_nbyte.h
  HDRINST usr/include/linux/tc_ematch/tc_em_ipt.h
  HDRINST usr/include/linux/tc_ematch/tc_em_cmp.h
  HDRINST usr/include/linux/tc_ematch/tc_em_meta.h
  HDRINST usr/include/linux/tc_ematch/tc_em_text.h
  HDRINST usr/include/linux/uinput.h
  HDRINST usr/include/linux/tcp.h
  HDRINST usr/include/linux/zorro.h
  HDRINST usr/include/linux/gfs2_ondisk.h
  HDRINST usr/include/linux/isst_if.h
  HDRINST usr/include/linux/nfs_mount.h
  HDRINST usr/include/linux/tipc.h
  HDRINST usr/include/linux/wmi.h
  HDRINST usr/include/linux/comedi.h
  HDRINST usr/include/linux/msg.h
  HDRINST usr/include/linux/cciss_ioctl.h
  HDRINST usr/include/linux/oom.h
  HDRINST usr/include/linux/if_xdp.h
  HDRINST usr/include/linux/auxvec.h
  HDRINST usr/include/linux/virtio_mmio.h
  HDRINST usr/include/linux/pg.h
  HDRINST usr/include/linux/pkt_cls.h
  HDRINST usr/include/linux/adb.h
  HDRINST usr/include/linux/ip_vs.h
  HDRINST usr/include/linux/nfsd/export.h
  HDRINST usr/include/linux/nfsd/stats.h
  HDRINST usr/include/linux/nfsd/cld.h
  HDRINST usr/include/linux/nfsd/debug.h
  HDRINST usr/include/linux/netfilter/xt_bpf.h
  HDRINST usr/include/linux/netfilter/xt_SECMARK.h
  HDRINST usr/include/linux/netfilter/nf_conntrack_tuple_common.h
  HDRINST usr/include/linux/netfilter/xt_MARK.h
  HDRINST usr/include/linux/netfilter/xt_HMARK.h
  HDRINST usr/include/linux/netfilter/xt_LED.h
  HDRINST usr/include/linux/netfilter/xt_FLOWOFFLOAD.h
  HDRINST usr/include/linux/netfilter/nf_tables.h
  HDRINST usr/include/linux/netfilter/nf_conntrack_tcp.h
  HDRINST usr/include/linux/netfilter/xt_statistic.h
  HDRINST usr/include/linux/netfilter/xt_mark.h
  HDRINST usr/include/linux/netfilter/xt_state.h
  HDRINST usr/include/linux/netfilter/xt_osf.h
  HDRINST usr/include/linux/netfilter/xt_cgroup.h
  HDRINST usr/include/linux/netfilter/xt_TEE.h
  HDRINST usr/include/linux/netfilter/xt_multiport.h
  HDRINST usr/include/linux/netfilter/xt_conntrack.h
  HDRINST usr/include/linux/netfilter/xt_sctp.h
  HDRINST usr/include/linux/netfilter/xt_DSCP.h
  HDRINST usr/include/linux/netfilter/xt_CHECKSUM.h
  HDRINST usr/include/linux/netfilter/xt_ecn.h
  HDRINST usr/include/linux/netfilter/nfnetlink_log.h
  HDRINST usr/include/linux/netfilter/nf_tables_compat.h
  HDRINST usr/include/linux/netfilter/ipset/ip_set_hash.h
  HDRINST usr/include/linux/netfilter/ipset/ip_set_bitmap.h
  HDRINST usr/include/linux/netfilter/ipset/ip_set.h
  HDRINST usr/include/linux/netfilter/ipset/ip_set_list.h
  HDRINST usr/include/linux/netfilter/xt_tcpmss.h
  HDRINST usr/include/linux/netfilter/xt_pkttype.h
  HDRINST usr/include/linux/netfilter/xt_TCPOPTSTRIP.h
  HDRINST usr/include/linux/netfilter/xt_rateest.h
  HDRINST usr/include/linux/netfilter/xt_devgroup.h
  HDRINST usr/include/linux/netfilter/nf_synproxy.h
  HDRINST usr/include/linux/netfilter/xt_realm.h
  HDRINST usr/include/linux/netfilter/xt_ipcomp.h
  HDRINST usr/include/linux/netfilter/nfnetlink_osf.h
  HDRINST usr/include/linux/netfilter/nf_conntrack_common.h
  HDRINST usr/include/linux/netfilter/x_tables.h
  HDRINST usr/include/linux/netfilter/xt_dccp.h
  HDRINST usr/include/linux/netfilter/xt_rpfilter.h
  HDRINST usr/include/linux/netfilter/xt_time.h
  HDRINST usr/include/linux/netfilter/xt_connmark.h
  HDRINST usr/include/linux/netfilter/xt_string.h
  HDRINST usr/include/linux/netfilter/nfnetlink_hook.h
  HDRINST usr/include/linux/netfilter/xt_length.h
  HDRINST usr/include/linux/netfilter/xt_comment.h
  HDRINST usr/include/linux/netfilter/xt_CONNMARK.h
  HDRINST usr/include/linux/netfilter/nfnetlink_cttimeout.h
  HDRINST usr/include/linux/netfilter/xt_esp.h
  HDRINST usr/include/linux/netfilter/xt_TCPMSS.h
  HDRINST usr/include/linux/netfilter/xt_NFLOG.h
  HDRINST usr/include/linux/netfilter/xt_CLASSIFY.h
  HDRINST usr/include/linux/netfilter/xt_connlabel.h
  HDRINST usr/include/linux/netfilter/xt_LOG.h
  HDRINST usr/include/linux/netfilter/xt_quota.h
  HDRINST usr/include/linux/netfilter/xt_l2tp.h
  HDRINST usr/include/linux/netfilter/nfnetlink_compat.h
  HDRINST usr/include/linux/netfilter/xt_mac.h
  HDRINST usr/include/linux/netfilter/xt_SYNPROXY.h
  HDRINST usr/include/linux/netfilter/xt_hashlimit.h
  HDRINST usr/include/linux/netfilter/nf_log.h
  HDRINST usr/include/linux/netfilter/xt_policy.h
  HDRINST usr/include/linux/netfilter/xt_IDLETIMER.h
  HDRINST usr/include/linux/netfilter/xt_connlimit.h
  HDRINST usr/include/linux/netfilter/xt_socket.h
  HDRINST usr/include/linux/netfilter/xt_recent.h
  HDRINST usr/include/linux/netfilter/xt_physdev.h
  HDRINST usr/include/linux/netfilter/nf_conntrack_ftp.h
  HDRINST usr/include/linux/netfilter/nf_conntrack_sctp.h
  HDRINST usr/include/linux/netfilter/xt_helper.h
  HDRINST usr/include/linux/netfilter/xt_ipvs.h
  HDRINST usr/include/linux/netfilter/nfnetlink_conntrack.h
  HDRINST usr/include/linux/netfilter/nfnetlink_queue.h
  HDRINST usr/include/linux/netfilter/xt_owner.h
  HDRINST usr/include/linux/netfilter/nfnetlink_acct.h
  HDRINST usr/include/linux/netfilter/xt_connbytes.h
  HDRINST usr/include/linux/netfilter/xt_u32.h
  HDRINST usr/include/linux/netfilter/xt_AUDIT.h
  HDRINST usr/include/linux/netfilter/xt_addrtype.h
  HDRINST usr/include/linux/netfilter/xt_RATEEST.h
  HDRINST usr/include/linux/netfilter/xt_tcpudp.h
  HDRINST usr/include/linux/netfilter/xt_cluster.h
  HDRINST usr/include/linux/netfilter/xt_CT.h
  HDRINST usr/include/linux/netfilter/xt_nfacct.h
  HDRINST usr/include/linux/netfilter/xt_limit.h
  HDRINST usr/include/linux/netfilter/nfnetlink_cthelper.h
  HDRINST usr/include/linux/netfilter/nf_nat.h
  HDRINST usr/include/linux/netfilter/xt_CONNSECMARK.h
  HDRINST usr/include/linux/netfilter/xt_dscp.h
  HDRINST usr/include/linux/netfilter/xt_TPROXY.h
  HDRINST usr/include/linux/netfilter/xt_set.h
  HDRINST usr/include/linux/netfilter/xt_cpu.h
  HDRINST usr/include/linux/netfilter/nfnetlink.h
  HDRINST usr/include/linux/netfilter/xt_iprange.h
  HDRINST usr/include/linux/netfilter/xt_NFQUEUE.h
  HDRINST usr/include/linux/ife.h
  HDRINST usr/include/linux/time_types.h
  HDRINST usr/include/linux/nbd.h
  HDRINST usr/include/linux/securebits.h
  HDRINST usr/include/linux/ultrasound.h
  HDRINST usr/include/linux/hyperv.h
  HDRINST usr/include/linux/arcfb.h
  HDRINST usr/include/linux/nilfs2_ondisk.h
  HDRINST usr/include/linux/magic.h
  HDRINST usr/include/linux/gen_stats.h
  HDRINST usr/include/linux/virtio_config.h
  HDRINST usr/include/linux/termios.h
  HDRINST usr/include/linux/atmioc.h
  HDRINST usr/include/linux/coff.h
  HDRINST usr/include/linux/netlink.h
  HDRINST usr/include/linux/ipmi_bmc.h
  HDRINST usr/include/linux/exfat.h
  HDRINST usr/include/linux/byteorder/big_endian.h
  HDRINST usr/include/linux/byteorder/little_endian.h
  HDRINST usr/include/linux/uio.h
  HDRINST usr/include/linux/param.h
  HDRINST usr/include/linux/netconf.h
  HDRINST usr/include/linux/irqnr.h
  HDRINST usr/include/linux/kfd_ioctl.h
  HDRINST usr/include/linux/nvme_ioctl.h
  HDRINST usr/include/linux/pmu.h
  HDRINST usr/include/linux/btrfs.h
  HDRINST usr/include/linux/nfsd_netlink.h
  HDRINST usr/include/linux/v4l2-subdev.h
  HDRINST usr/include/linux/nbd-netlink.h
  HDRINST usr/include/linux/nfs_idmap.h
  HDRINST usr/include/linux/watchdog.h
  HDRINST usr/include/linux/atm_zatm.h
  HDRINST usr/include/linux/cyclades.h
  HDRINST usr/include/linux/devlink.h
  HDRINST usr/include/linux/xilinx-v4l2-controls.h
  HDRINST usr/include/linux/mroute6.h
  HDRINST usr/include/linux/nilfs2_api.h
  HDRINST usr/include/linux/vbox_vmmdev_types.h
  HDRINST usr/include/linux/nl80211.h
  HDRINST usr/include/linux/fsl_hypervisor.h
  HDRINST usr/include/linux/netfilter_ipv6/ip6_tables.h
  HDRINST usr/include/linux/netfilter_ipv6/ip6t_ah.h
  HDRINST usr/include/linux/netfilter_ipv6/ip6t_REJECT.h
  HDRINST usr/include/linux/netfilter_ipv6/ip6t_mh.h
  HDRINST usr/include/linux/netfilter_ipv6/ip6t_opts.h
  HDRINST usr/include/linux/netfilter_ipv6/ip6t_LOG.h
  HDRINST usr/include/linux/netfilter_ipv6/ip6t_NPT.h
  HDRINST usr/include/linux/netfilter_ipv6/ip6t_srh.h
  HDRINST usr/include/linux/netfilter_ipv6/ip6t_frag.h
  HDRINST usr/include/linux/netfilter_ipv6/ip6t_HL.h
  HDRINST usr/include/linux/netfilter_ipv6/ip6t_ipv6header.h
  HDRINST usr/include/linux/netfilter_ipv6/ip6t_rt.h
  HDRINST usr/include/linux/netfilter_ipv6/ip6t_hl.h
  HDRINST usr/include/linux/tee.h
  HDRINST usr/include/linux/mmtimer.h
  HDRINST usr/include/linux/rose.h
  HDRINST usr/include/linux/atm_eni.h
  HDRINST usr/include/linux/fpga-dfl.h
  HDRINST usr/include/linux/cn_proc.h
  HDRINST usr/include/linux/icmpv6.h
  HDRINST usr/include/linux/virtio_9p.h
  HDRINST usr/include/linux/sync_file.h
  HDRINST usr/include/linux/qrtr.h
  HDRINST usr/include/linux/edd.h
  HDRINST usr/include/linux/nfs4_mount.h
  HDRINST usr/include/linux/sysinfo.h
  HDRINST usr/include/linux/sev-guest.h
  HDRINST usr/include/linux/mman.h
  HDRINST usr/include/linux/lirc.h
  HDRINST usr/include/linux/dw100.h
  HDRINST usr/include/linux/signal.h
  HDRINST usr/include/linux/mpls.h
  HDRINST usr/include/linux/audit.h
  HDRINST usr/include/linux/sched.h
  HDRINST usr/include/linux/switchtec_ioctl.h
  HDRINST usr/include/linux/ipmi_msgdefs.h
  HDRINST usr/include/linux/vmcore.h
  HDRINST usr/include/linux/binfmts.h
  HDRINST usr/include/linux/bits.h
  HDRINST usr/include/linux/seg6_hmac.h
  HDRINST usr/include/linux/tc_act/tc_nat.h
  HDRINST usr/include/linux/tc_act/tc_defact.h
  HDRINST usr/include/linux/tc_act/tc_tunnel_key.h
  HDRINST usr/include/linux/tc_act/tc_ctinfo.h
  HDRINST usr/include/linux/tc_act/tc_gate.h
  HDRINST usr/include/linux/tc_act/tc_skbedit.h
  HDRINST usr/include/linux/tc_act/tc_gact.h
  HDRINST usr/include/linux/tc_act/tc_skbmod.h
  HDRINST usr/include/linux/tc_act/tc_csum.h
  HDRINST usr/include/linux/tc_act/tc_connmark.h
  HDRINST usr/include/linux/tc_act/tc_mpls.h
  HDRINST usr/include/linux/tc_act/tc_sample.h
  HDRINST usr/include/linux/tc_act/tc_pedit.h
  HDRINST usr/include/linux/tc_act/tc_vlan.h
  HDRINST usr/include/linux/tc_act/tc_ife.h
  HDRINST usr/include/linux/tc_act/tc_mirred.h
  HDRINST usr/include/linux/tc_act/tc_bpf.h
  HDRINST usr/include/linux/tc_act/tc_ct.h
  HDRINST usr/include/linux/joystick.h
  HDRINST usr/include/linux/atmdev.h
  HDRINST usr/include/linux/cdrom.h
  HDRINST usr/include/linux/i2c-dev.h
  HDRINST usr/include/linux/if_slip.h
  HDRINST usr/include/linux/netfilter_arp.h
  HDRINST usr/include/linux/eventfd.h
  HDRINST usr/include/linux/i2c.h
  HDRINST usr/include/linux/ipsec.h
  HDRINST usr/include/linux/v4l2-mediabus.h
  HDRINST usr/include/linux/apm_bios.h
  HDRINST usr/include/linux/auto_dev-ioctl.h
  HDRINST usr/include/linux/gameport.h
  HDRINST usr/include/linux/if_plip.h
  HDRINST usr/include/linux/scc.h
  HDRINST usr/include/linux/uvcvideo.h
  HDRINST usr/include/linux/stddef.h
  HDRINST usr/include/linux/acct.h
  HDRINST usr/include/linux/bt-bmc.h
  HDRINST usr/include/linux/kernel.h
  HDRINST usr/include/linux/hash_info.h
  HDRINST usr/include/linux/net.h
  HDRINST usr/include/linux/perf_event.h
  HDRINST usr/include/linux/errno.h
  HDRINST usr/include/linux/qnxtypes.h
  HDRINST usr/include/linux/netdevice.h
  HDRINST usr/include/linux/ethtool.h
  HDRINST usr/include/linux/parport.h
  HDRINST usr/include/linux/toshiba.h
  HDRINST usr/include/linux/bfs_fs.h
  HDRINST usr/include/linux/if.h
  HDRINST usr/include/linux/hsi/hsi_char.h
  HDRINST usr/include/linux/hsi/cs-protocol.h
  HDRINST usr/include/linux/bpf_perf_event.h
  HDRINST usr/include/linux/psp-sev.h
  HDRINST usr/include/linux/target_core_user.h
  HDRINST usr/include/linux/reiserfs_xattr.h
  HDRINST usr/include/linux/hdlc.h
  HDRINST usr/include/linux/seg6.h
  HDRINST usr/include/linux/vsockmon.h
  HDRINST usr/include/linux/atmmpc.h
  HDRINST usr/include/linux/idxd.h
  HDRINST usr/include/linux/hidraw.h
  HDRINST usr/include/linux/firewire-constants.h
  HDRINST usr/include/linux/pr.h
  HDRINST usr/include/linux/fscrypt.h
  HDRINST usr/include/linux/eventpoll.h
  HDRINST usr/include/linux/mii.h
  HDRINST usr/include/linux/can.h
  HDRINST usr/include/linux/wireguard.h
  HDRINST usr/include/linux/papr_pdsm.h
  HDRINST usr/include/linux/firewire-cdev.h
  HDRINST usr/include/linux/in6.h
  HDRINST usr/include/linux/xdp_diag.h
  HDRINST usr/include/linux/filter.h
  HDRINST usr/include/linux/virtio_crypto.h
  HDRINST usr/include/linux/stat.h
  HDRINST usr/include/linux/dma-heap.h
  HDRINST usr/include/linux/rkisp1-config.h
  HDRINST usr/include/linux/smc_diag.h
  HDRINST usr/include/linux/smiapp.h
  HDRINST usr/include/linux/qnx4_fs.h
  HDRINST usr/include/linux/chio.h
  HDRINST usr/include/linux/udmabuf.h
  HDRINST usr/include/misc/mrvl_cn10k_dpi.h
  HDRINST usr/include/misc/fastrpc.h
  HDRINST usr/include/misc/ocxl.h
  HDRINST usr/include/misc/pvpanic.h
  HDRINST usr/include/misc/cxl.h
  HDRINST usr/include/misc/uacce/uacce.h
  HDRINST usr/include/misc/uacce/hisi_qm.h
  HDRINST usr/include/misc/xilinx_sdfec.h
  HDRINST usr/include/mtd/inftl-user.h
  HDRINST usr/include/mtd/mtd-abi.h
  HDRINST usr/include/mtd/nftl-user.h
  HDRINST usr/include/mtd/ubi-user.h
  HDRINST usr/include/mtd/mtd-user.h
  HDRINST usr/include/rdma/ocrdma-abi.h
  HDRINST usr/include/rdma/rvt-abi.h
  HDRINST usr/include/rdma/irdma-abi.h
  HDRINST usr/include/rdma/vmw_pvrdma-abi.h
  HDRINST usr/include/rdma/ib_user_verbs.h
  HDRINST usr/include/rdma/efa-abi.h
  HDRINST usr/include/rdma/cxgb4-abi.h
  HDRINST usr/include/rdma/ib_user_ioctl_cmds.h
  HDRINST usr/include/rdma/siw-abi.h
  HDRINST usr/include/rdma/hns-abi.h
  HDRINST usr/include/rdma/mlx5_user_ioctl_verbs.h
  HDRINST usr/include/rdma/mlx5_user_ioctl_cmds.h
  HDRINST usr/include/rdma/ib_user_mad.h
  HDRINST usr/include/rdma/rdma_user_rxe.h
  HDRINST usr/include/rdma/rdma_user_cm.h
  HDRINST usr/include/rdma/mthca-abi.h
  HDRINST usr/include/rdma/mlx4-abi.h
  HDRINST usr/include/rdma/ib_user_sa.h
  HDRINST usr/include/rdma/rdma_user_ioctl_cmds.h
  HDRINST usr/include/rdma/erdma-abi.h
  HDRINST usr/include/rdma/bnxt_re-abi.h
  HDRINST usr/include/rdma/mana-abi.h
  HDRINST usr/include/rdma/hfi/hfi1_user.h
  HDRINST usr/include/rdma/hfi/hfi1_ioctl.h
  HDRINST usr/include/rdma/ib_user_ioctl_verbs.h
  HDRINST usr/include/rdma/mlx5-abi.h
  HDRINST usr/include/rdma/rdma_netlink.h
  HDRINST usr/include/rdma/qedr-abi.h
  HDRINST usr/include/rdma/rdma_user_ioctl.h
  HDRINST usr/include/regulator/regulator.h
  HDRINST usr/include/scsi/scsi_netlink_fc.h
  HDRINST usr/include/scsi/scsi_bsg_mpi3mr.h
  HDRINST usr/include/scsi/scsi_bsg_fc.h
  HDRINST usr/include/scsi/scsi_netlink.h
  HDRINST usr/include/scsi/cxlflash_ioctl.h
  HDRINST usr/include/scsi/scsi_bsg_ufs.h
  HDRINST usr/include/scsi/fc/fc_ns.h
  HDRINST usr/include/scsi/fc/fc_els.h
  HDRINST usr/include/scsi/fc/fc_gs.h
  HDRINST usr/include/scsi/fc/fc_fs.h
  HDRINST usr/include/sound/sb16_csp.h
  HDRINST usr/include/sound/sfnt_info.h
  HDRINST usr/include/sound/firewire.h
  HDRINST usr/include/sound/tlv.h
  HDRINST usr/include/sound/emu10k1.h
  HDRINST usr/include/sound/usb_stream.h
  HDRINST usr/include/sound/asound_fm.h
  HDRINST usr/include/sound/asequencer.h
  HDRINST usr/include/sound/hdspm.h
  HDRINST usr/include/sound/compress_params.h
  HDRINST usr/include/sound/skl-tplg-interface.h
  HDRINST usr/include/sound/intel/avs/tokens.h
  HDRINST usr/include/sound/sof/tokens.h
  HDRINST usr/include/sound/sof/header.h
  HDRINST usr/include/sound/sof/fw.h
  HDRINST usr/include/sound/sof/abi.h
  HDRINST usr/include/sound/compress_offload.h
  HDRINST usr/include/sound/scarlett2.h
  HDRINST usr/include/sound/snd_sst_tokens.h
  HDRINST usr/include/sound/asoc.h
  HDRINST usr/include/sound/snd_ar_tokens.h
  HDRINST usr/include/sound/hdsp.h
  HDRINST usr/include/sound/asound.h
  HDRINST usr/include/video/uvesafb.h
  HDRINST usr/include/video/edid.h
  HDRINST usr/include/video/sisfb.h
  HDRINST usr/include/xen/gntdev.h
  HDRINST usr/include/xen/evtchn.h
  HDRINST usr/include/xen/gntalloc.h
  HDRINST usr/include/xen/privcmd.h
  HDRINST usr/include/linux/version.h
  HDRINST usr/include/asm/break.h
  HDRINST usr/include/asm/reg.h
  HDRINST usr/include/asm/setup.h
  HDRINST usr/include/asm/kvm.h
  HDRINST usr/include/asm/types.h
  HDRINST usr/include/asm/swab.h
  HDRINST usr/include/asm/unistd.h
  HDRINST usr/include/asm/ioctls.h
  HDRINST usr/include/asm/posix_types.h
  HDRINST usr/include/asm/sysmips.h
  HDRINST usr/include/asm/ptrace.h
  HDRINST usr/include/asm/siginfo.h
  HDRINST usr/include/asm/bitfield.h
  HDRINST usr/include/asm/poll.h
  HDRINST usr/include/asm/inst.h
  HDRINST usr/include/asm/statfs.h
  HDRINST usr/include/asm/resource.h
  HDRINST usr/include/asm/socket.h
  HDRINST usr/include/asm/fcntl.h
  HDRINST usr/include/asm/ioctl.h
  HDRINST usr/include/asm/sockios.h
  HDRINST usr/include/asm/hwcap.h
  HDRINST usr/include/asm/sigcontext.h
  HDRINST usr/include/asm/sembuf.h
  HDRINST usr/include/asm/termbits.h
  HDRINST usr/include/asm/shmbuf.h
  HDRINST usr/include/asm/cachectl.h
  HDRINST usr/include/asm/perf_regs.h
  HDRINST usr/include/asm/msgbuf.h
  HDRINST usr/include/asm/auxvec.h
  HDRINST usr/include/asm/termios.h
  HDRINST usr/include/asm/sgidefs.h
  HDRINST usr/include/asm/param.h
  HDRINST usr/include/asm/ucontext.h
  HDRINST usr/include/asm/mman.h
  HDRINST usr/include/asm/signal.h
  HDRINST usr/include/asm/byteorder.h
  HDRINST usr/include/asm/errno.h
  HDRINST usr/include/asm/bitsperlong.h
  HDRINST usr/include/asm/stat.h
  HDRINST usr/include/asm/unistd_o32.h
  HDRINST usr/include/asm/kvm_para.h
  HDRINST usr/include/asm/unistd_n64.h
  HDRINST usr/include/asm/ipcbuf.h
  HDRINST usr/include/asm/unistd_n32.h
  HDRINST usr/include/asm/bpf_perf_event.h
  INSTALL /home/mgta29/src/openwrt/build_dir/target-mips_mips32_musl/linux-bmips_bcm63268/linux-6.12.87/user_headers/include
make[4]: Leaving directory '/home/mgta29/src/openwrt/build_dir/target-mips_mips32_musl/linux-bmips_bcm63268/linux-6.12.87'
grep '=[ym]' /home/mgta29/src/openwrt/build_dir/target-mips_mips32_musl/linux-bmips_bcm63268/linux-6.12.87/.config.set | LC_ALL=C sort | /home/mgta29/src/openwrt/staging_dir/host/bin/mkhash md5 > /home/mgta29/src/openwrt/build_dir/target-mips_mips32_musl/linux-bmips_bcm63268/linux-6.12.87/.vermagic
touch /home/mgta29/src/openwrt/build_dir/target-mips_mips32_musl/linux-bmips_bcm63268/linux-6.12.87/.configured
rm -f /home/mgta29/src/openwrt/build_dir/target-mips_mips32_musl/linux-bmips_bcm63268/linux-6.12.87/vmlinux /home/mgta29/src/openwrt/build_dir/target-mips_mips32_musl/linux-bmips_bcm63268/linux-6.12.87/System.map
make -C /home/mgta29/src/openwrt/build_dir/target-mips_mips32_musl/linux-bmips_bcm63268/linux-6.12.87 KCFLAGS="-fmacro-prefix-map=/home/mgta29/src/openwrt/build_dir/target-mips_mips32_musl=target-mips_mips32_musl -fno-caller-saves " HOSTCFLAGS="-O2 -I/home/mgta29/src/openwrt/staging_dir/host/include -Wall -Wmissing-prototypes -Wstrict-prototypes" CROSS_COMPILE="mips-openwrt-linux-musl-" ARCH="mips" KBUILD_HAVE_NLS=no KBUILD_BUILD_USER="" KBUILD_BUILD_HOST="" KBUILD_BUILD_TIMESTAMP="Tue May 12 23:59:29 2026" KBUILD_BUILD_VERSION="0" KBUILD_HOSTLDFLAGS="-L/home/mgta29/src/openwrt/staging_dir/host/lib" CONFIG_SHELL="bash" V=''  cmd_syscalls=  CC="mips-openwrt-linux-musl-gcc" KERNELRELEASE=6.12.87 all modules
make[4]: Entering directory '/home/mgta29/src/openwrt/build_dir/target-mips_mips32_musl/linux-bmips_bcm63268/linux-6.12.87'
  SYNC    include/config/auto.conf.cmd
  HOSTCC  scripts/kconfig/conf.o
  HOSTCC  scripts/kconfig/confdata.o
  HOSTCC  scripts/kconfig/expr.o
  LEX     scripts/kconfig/lexer.lex.c
  YACC    scripts/kconfig/parser.tab.[ch]
  HOSTCC  scripts/kconfig/menu.o
  HOSTCC  scripts/kconfig/preprocess.o
  HOSTCC  scripts/kconfig/symbol.o
  HOSTCC  scripts/kconfig/util.o
  HOSTCC  scripts/kconfig/lexer.lex.o
  HOSTCC  scripts/kconfig/parser.tab.o
  HOSTLD  scripts/kconfig/conf
  UPD     include/config/kernel.release
  WRAP    arch/mips/include/generated/asm/kvm_para.h
  WRAP    arch/mips/include/generated/asm/mcs_spinlock.h
  HOSTCC  scripts/dtc/dtc.o
  WRAP    arch/mips/include/generated/asm/parport.h
  HOSTCC  scripts/dtc/flattree.o
  WRAP    arch/mips/include/generated/asm/qrwlock.h
  WRAP    arch/mips/include/generated/asm/qspinlock.h
  HOSTCC  scripts/dtc/fstree.o
  HOSTCC  scripts/dtc/data.o
  WRAP    arch/mips/include/generated/asm/user.h
  WRAP    arch/mips/include/generated/asm/archrandom.h
  HOSTCC  scripts/dtc/livetree.o
  WRAP    arch/mips/include/generated/asm/cfi.h
  HOSTCC  scripts/dtc/treesource.o
  HOSTCC  scripts/dtc/srcpos.o
  WRAP    arch/mips/include/generated/asm/current.h
  UPD     include/generated/compile.h
  HOSTCC  scripts/dtc/checks.o
  HOSTCC  scripts/dtc/util.o
  LEX     scripts/dtc/dtc-lexer.lex.c
  WRAP    arch/mips/include/generated/asm/device.h
  YACC    scripts/dtc/dtc-parser.tab.[ch]
  HOSTCC  scripts/dtc/libfdt/fdt.o
  WRAP    arch/mips/include/generated/asm/emergency-restart.h
  HOSTCC  scripts/dtc/libfdt/fdt_ro.o
  UPD     include/generated/utsrelease.h
  HOSTCC  scripts/dtc/libfdt/fdt_wip.o
  WRAP    arch/mips/include/generated/asm/kmap_size.h
  WRAP    arch/mips/include/generated/asm/irq_work.h
  WRAP    arch/mips/include/generated/asm/local64.h
  WRAP    arch/mips/include/generated/asm/module.lds.h
  HOSTCC  scripts/dtc/libfdt/fdt_sw.o
  WRAP    arch/mips/include/generated/asm/msi.h
  WRAP    arch/mips/include/generated/asm/percpu.h
  WRAP    arch/mips/include/generated/asm/preempt.h
  HOSTCC  scripts/dtc/libfdt/fdt_rw.o
  WRAP    arch/mips/include/generated/asm/runtime-const.h
  WRAP    arch/mips/include/generated/asm/rwonce.h
  WRAP    arch/mips/include/generated/asm/sections.h
  WRAP    arch/mips/include/generated/asm/serial.h
  WRAP    arch/mips/include/generated/asm/simd.h
  WRAP    arch/mips/include/generated/asm/softirq_stack.h
  WRAP    arch/mips/include/generated/asm/trace_clock.h
  WRAP    arch/mips/include/generated/asm/word-at-a-time.h
  WRAP    arch/mips/include/generated/asm/xor.h
  HOSTCC  scripts/dtc/libfdt/fdt_strerror.o
  HOSTCC  scripts/dtc/libfdt/fdt_empty_tree.o
  HOSTCC  scripts/dtc/libfdt/fdt_addresses.o
  HOSTCC  scripts/dtc/libfdt/fdt_overlay.o
  HOSTCC  scripts/dtc/fdtoverlay.o
  HOSTCC  scripts/dtc/dtc-lexer.lex.o
  HOSTCC  scripts/dtc/dtc-parser.tab.o
  HOSTLD  scripts/dtc/fdtoverlay
  HOSTLD  scripts/dtc/dtc
  HOSTCC  scripts/kallsyms
  HOSTCC  scripts/sorttable
  DTC     arch/mips/boot/dts/brcm/bcm3368-netgear-cvg834g.dtb
  DTC     arch/mips/boot/dts/brcm/bcm6358-neufbox4-sercomm.dtb
  DTC     arch/mips/boot/dts/brcm/bcm6362-neufbox6-sercomm.dtb
  DTC     arch/mips/boot/dts/brcm/bcm63268-comtrend-vr-3032u.dtb
  DTC     arch/mips/boot/dts/brcm/bcm93384wvg.dtb
  DTC     arch/mips/boot/dts/brcm/bcm93384wvg_viper.dtb
  DTC     arch/mips/boot/dts/brcm/bcm96368mvwg.dtb
  DTC     arch/mips/boot/dts/brcm/bcm9ejtagprb.dtb
  DTC     arch/mips/boot/dts/brcm/bcm97125cbmb.dtb
  DTC     arch/mips/boot/dts/brcm/bcm97346dbsmb.dtb
  DTC     arch/mips/boot/dts/brcm/bcm97358svmb.dtb
  DTC     arch/mips/boot/dts/brcm/bcm97362svmb.dtb
  DTC     arch/mips/boot/dts/brcm/bcm97420c.dtb
  DTC     arch/mips/boot/dts/brcm/bcm97360svmb.dtb
  DTC     arch/mips/boot/dts/brcm/bcm97425svmb.dtb
  DTC     arch/mips/boot/dts/brcm/bcm97435svmb.dtb
  CC      scripts/mod/empty.o
  HOSTCC  scripts/mod/mk_elfconfig
  CC      scripts/mod/devicetable-offsets.s
  MKELF   scripts/mod/elfconfig.h
  HOSTCC  scripts/mod/modpost.o
  HOSTCC  scripts/mod/sumversion.o
  HOSTCC  scripts/mod/symsearch.o
  UPD     scripts/mod/devicetable-offsets.h
  HOSTCC  scripts/mod/file2alias.o
  HOSTLD  scripts/mod/modpost
  CC      kernel/bounds.s
  CHKSHA1 include/linux/atomic/atomic-arch-fallback.h
  CHKSHA1 include/linux/atomic/atomic-instrumented.h
  CHKSHA1 include/linux/atomic/atomic-long.h
  UPD     include/generated/timeconst.h
  UPD     include/generated/bounds.h
  CC      arch/mips/kernel/asm-offsets.s
  UPD     include/generated/asm-offsets.h
  LDS     scripts/module.lds
  HOSTCC  usr/gen_init_cpio
  CC      init/main.o
  AR      arch/mips/boot/dts/built-in.a
  CC      init/do_mounts.o
  UPD     init/utsversion-tmp.h
  CC      init/do_mounts_initrd.o
  CC      arch/mips/bmips/setup.o
  AR      arch/mips/generic/built-in.a
  CC      init/initramfs.o
  LDS     arch/mips/kernel/vmlinux.lds
  CC      ipc/util.o
  CC      mm/filemap.o
  AR      certs/built-in.a
  CC      arch/mips/mm/cache.o
  CC      mm/mempool.o
  CC      security/keys/gc.o
  CC      arch/mips/mm/context.o
  AS      arch/mips/kernel/head.o
  AR      fs/notify/dnotify/built-in.a
  CC      arch/mips/kernel/branch.o
  CC      kernel/sched/core.o
  CC      fs/notify/inotify/inotify_fsnotify.o
  CC      crypto/api.o
  GEN     usr/initramfs_data.cpio
  COPY    usr/initramfs_inc_data
  AS      usr/initramfs_data.o
  AR      usr/built-in.a
  CC      init/calibrate.o
  CC      fs/iomap/trace.o
  CC      fs/notify/inotify/inotify_user.o
  CC      arch/mips/bmips/irq.o
  CC      arch/mips/kernel/cmpxchg.o
  CC      arch/mips/kernel/elf.o
  CC      mm/oom_kill.o
  CC      ipc/msgutil.o
  CC      arch/mips/mm/extable.o
  CC      security/keys/key.o
  CC      arch/mips/net/bpf_jit_comp.o
  CC      crypto/cipher.o
  CC      arch/mips/mm/fault.o
  CC      security/commoncap.o
  CC      fs/iomap/iter.o
  CC      kernel/locking/mutex.o
  CC      arch/mips/bmips/dma.o
  AS      arch/mips/kernel/entry.o
  AS      arch/mips/kernel/genex.o
  CC      fs/notify/fanotify/fanotify.o
  CC      arch/mips/kernel/idle.o
  CC      init/init_task.o
  CC      crypto/compress.o
  AR      fs/notify/inotify/built-in.a
  CC      kernel/sched/fair.o
  CC      ipc/msg.o
  CC      arch/mips/kernel/irq.o
  CC      arch/mips/mm/init.o
  CC      fs/iomap/buffered-io.o
  AR      arch/mips/bmips/built-in.a
  CC      security/keys/keyring.o
  CC      fs/notify/fsnotify.o
  CC      crypto/algapi.o
  CC      kernel/locking/semaphore.o
  CC      mm/fadvise.o
  CC      init/version.o
  CC      block/partitions/core.o
  AR      init/built-in.a
  CC      block/bdev.o
  CC      arch/mips/kernel/process.o
  CC      arch/mips/net/bpf_jit_comp32.o
  CC      fs/notify/fanotify/fanotify_user.o
  CC      arch/mips/mm/mmap.o
  CC      ipc/sem.o
  CC      fs/notify/notification.o
  CC      kernel/locking/rwsem.o
  CC      kernel/power/qos.o
  CC      block/partitions/msdos.o
  CC      arch/mips/mm/page.o
  CC      mm/maccess.o
  CC      mm/page-writeback.o
  CC      arch/mips/kernel/prom.o
  CC      security/keys/keyctl.o
  CC      security/keys/permission.o
  CC      crypto/scatterwalk.o
  CC      kernel/power/main.o
  CC      kernel/locking/percpu-rwsem.o
  CC      fs/iomap/direct-io.o
  CC      arch/mips/kernel/ptrace.o
  CC      kernel/power/poweroff.o
  AR      fs/quota/built-in.a
  CC      security/min_addr.o
  LDS     arch/mips/vdso/vdso.lds
  CC      crypto/proc.o
  AR      fs/notify/fanotify/built-in.a
  AS      arch/mips/vdso/elf.o
  CC      fs/notify/group.o
  CC      block/partitions/of.o
  CC      arch/mips/vdso/vgettimeofday.o
  AS      arch/mips/mm/page-funcs.o
  CC      arch/mips/mm/pgtable.o
  CC      arch/mips/mm/tlbex.o
  AR      kernel/power/built-in.a
  CC      io_uring/io_uring.o
  AS      arch/mips/vdso/sigreturn.o
  HOSTCC  arch/mips/vdso/genvdso
  AS      arch/mips/mm/tlbex-fault.o
  CC      kernel/locking/spinlock.o
  CC      ipc/shm.o
  CC      crypto/aead.o
  CC      security/keys/process_keys.o
  CC      kernel/sched/build_policy.o
  CC      block/fops.o
  AR      arch/mips/net/built-in.a
  CC      fs/notify/mark.o
  CC      fs/iomap/fiemap.o
  LD      arch/mips/vdso/vdso.so.dbg.raw
  CC      block/partitions/efi.o
  OBJCOPY arch/mips/vdso/vdso.so.raw
  GENVDSO arch/mips/vdso/vdso-image.c
  CC      fs/iomap/seek.o
  CC      arch/mips/kernel/reset.o
  CC      arch/mips/vdso/vdso-image.o
  CC      kernel/locking/qspinlock.o
  CC      arch/mips/kernel/setup.o
  AS      arch/mips/mm/tlb-funcs.o
  AR      arch/mips/vdso/built-in.a
  CC      arch/mips/mm/uasm-mips.o
  CC      fs/iomap/swapfile.o
  CC      mm/folio-compat.o
  CC      crypto/lskcipher.o
  CC      fs/proc/task_mmu.o
  CC      security/device_cgroup.o
  CC      kernel/printk/printk.o
  CC      fs/notify/fdinfo.o
  CC      kernel/locking/rtmutex_api.o
  AR      block/partitions/built-in.a
  CC      block/bio.o
  CC      fs/proc/inode.o
  CC      ipc/syscall.o
  CC      security/keys/request_key.o
  CC      mm/readahead.o
  CC      arch/mips/mm/maccess.o
  AR      fs/iomap/built-in.a
  CC      kernel/printk/printk_safe.o
  AR      fs/notify/built-in.a
  CC      arch/mips/kernel/signal.o
  CC      fs/kernfs/mount.o
  CC      crypto/skcipher.o
  CC      arch/mips/mm/ioremap.o
  CC      fs/kernfs/inode.o
  CC      ipc/ipc_sysctl.o
  CC      lib/math/div64.o
  CC      kernel/locking/qrwlock.o
  CC      fs/proc/root.o
  CC      lib/math/gcd.o
  CC      io_uring/opdef.o
  CC      lib/math/lcm.o
  CC      lib/math/int_log.o
  CC      lib/math/int_pow.o
  CC      security/keys/request_key_auth.o
  CC      lib/math/int_sqrt.o
  CC      lib/math/reciprocal_div.o
  CC      mm/swap.o
  CC      lib/math/rational.o
  CC      arch/mips/mm/pgtable-32.o
  CC      ipc/mqueue.o
  AR      kernel/locking/built-in.a
  CC      block/elevator.o
  CC      kernel/sched/build_utility.o
  CC      fs/kernfs/dir.o
  CC      arch/mips/kernel/syscall.o
  CC      fs/sysfs/file.o
  CC      io_uring/kbuf.o
  CC      fs/proc/base.o
  CC      crypto/bpf_crypto_skcipher.o
  AR      lib/math/built-in.a
  CC      lib/crypto/memneq.o
  CC      crypto/ahash.o
  CC      arch/mips/mm/dma-noncoherent.o
  CC      security/keys/user_defined.o
  CC      fs/sysfs/dir.o
  CC      lib/crypto/utils.o
  CC      kernel/printk/nbcon.o
  CC      arch/mips/kernel/time.o
  CC      block/blk-core.o
  CC      arch/mips/fw/cfe/cfe_api.o
  CC      arch/mips/mm/c-r4k.o
  CC      mm/truncate.o
  CC      fs/sysfs/symlink.o
  CC      security/keys/proc.o
  CC      io_uring/rsrc.o
  CC      lib/crypto/chacha.o
  AR      arch/mips/fw/cfe/built-in.a
  AR      arch/mips/fw/cfe/lib.a
  CC      fs/kernfs/file.o
  CC      mm/vmscan.o
  CC      crypto/shash.o
  CC      ipc/namespace.o
  CC      lib/crypto/aes.o
  CC      arch/mips/kernel/topology.o
  CC      kernel/printk/printk_ringbuffer.o
  CC      security/keys/sysctl.o
  CC      arch/mips/kernel/traps.o
  CC      ipc/mq_sysctl.o
  CC      fs/proc/generic.o
  CC      lib/crypto/arc4.o
  CC      mm/shrinker.o
  CC      fs/sysfs/mount.o
  CC      fs/kernfs/symlink.o
  CC      crypto/acompress.o
  CC      block/blk-sysfs.o
  CC      block/blk-flush.o
  AR      ipc/built-in.a
  CC      arch/mips/fw/lib/cmdline.o
  CC      io_uring/notif.o
  AR      security/keys/built-in.a
  AR      security/built-in.a
  CC      kernel/irq/irqdesc.o
  CC      kernel/printk/sysctl.o
  CC      lib/crypto/gf128mul.o
  AR      arch/mips/fw/lib/built-in.a
  AR      arch/mips/fw/lib/lib.a
  CC      fs/devpts/inode.o
  AR      fs/kernfs/built-in.a
  CC      fs/sysfs/group.o
  AR      kernel/printk/built-in.a
  CC      lib/zlib_inflate/inffast.o
  AS      arch/mips/mm/cex-gen.o
  CC      arch/mips/kernel/unaligned.o
  CC      arch/mips/mm/tlb-r4k.o
  CC      fs/proc/array.o
  CC      mm/shmem.o
  AR      kernel/sched/built-in.a
  CC      lib/zlib_inflate/inflate.o
  CC      crypto/scompress.o
  CC      block/blk-settings.o
  CC      lib/crypto/blake2s.o
  CC      mm/util.o
  CC      kernel/rcu/update.o
  AR      fs/devpts/built-in.a
  CC      fs/squashfs/block.o
  CC      arch/mips/lib/bitops.o
  AS      arch/mips/lib/csum_partial.o
  CC      io_uring/tctx.o
  CC      arch/mips/lib/delay.o
  CC      kernel/irq/handle.o
  AR      fs/sysfs/built-in.a
  CC      lib/zlib_deflate/deflate.o
  AS      arch/mips/lib/memcpy.o
  AS      arch/mips/lib/memset.o
  CC      arch/mips/kernel/watch.o
  CC      arch/mips/lib/mips-atomic.o
  CC      lib/zlib_inflate/infutil.o
  CC      fs/proc/fd.o
  CC      arch/mips/kernel/vdso.o
  CC      lib/crypto/blake2s-generic.o
  CC      crypto/algboss.o
  AS      arch/mips/lib/strncpy_user.o
  AS      arch/mips/lib/strnlen_user.o
  CC      fs/squashfs/cache.o
  CC      arch/mips/lib/uncached.o
  CC      lib/zlib_inflate/inftrees.o
  CC      block/blk-ioc.o
  AR      arch/mips/mm/built-in.a
  CC      mm/mmzone.o
  CC      io_uring/filetable.o
  CC      kernel/irq/manage.o
  CC      lib/zlib_inflate/inflate_syms.o
  CC      lib/zlib_deflate/deftree.o
  CC      mm/vmstat.o
  CC      lib/crypto/sha1.o
  CC      arch/mips/kernel/cacheinfo.o
  CC      arch/mips/lib/iomap_copy.o
  CC      fs/proc/proc_tty.o
  AR      lib/zlib_inflate/built-in.a
  CC      lib/lzo/lzo1x_compress.o
  CC      kernel/rcu/sync.o
  AR      kernel/livepatch/built-in.a
  CC      kernel/dma/mapping.o
  CC      arch/mips/kernel/cpu-probe.o
  CC      arch/mips/lib/iomap-pci.o
  CC      fs/squashfs/dir.o
  CC      io_uring/rw.o
  CC      block/blk-map.o
  CC      lib/zlib_deflate/deflate_syms.o
  CC      crypto/testmgr.o
  CC      lib/crypto/sha256.o
  CC      kernel/rcu/srcutree.o
  CC      lib/lzo/lzo1x_compress_safe.o
  CC      fs/squashfs/export.o
  CC      fs/proc/cmdline.o
  AR      lib/zlib_deflate/built-in.a
  CC      kernel/irq/spurious.o
  AR      drivers/cache/built-in.a
  CC      arch/mips/lib/dump_tlb.o
  CC      drivers/irqchip/irqchip.o
  CC      crypto/crypto_null.o
  CC [M]  lib/crypto/des.o
  AR      drivers/bus/mhi/built-in.a
  CC      drivers/bus/simple-pm-bus.o
  CC      fs/squashfs/file.o
  CC      kernel/dma/direct.o
  AR      drivers/phy/allwinner/built-in.a
  AR      drivers/phy/amlogic/built-in.a
  CC      fs/proc/consoles.o
  CC      drivers/phy/broadcom/phy-bcm63xx-usbh.o
  CC      block/blk-merge.o
  CC      lib/lzo/lzo1x_decompress_safe.o
  CC      mm/backing-dev.o
  CC      arch/mips/kernel/cevt-r4k.o
  CC      drivers/irqchip/irq-mips-cpu.o
  CC      arch/mips/lib/bswapsi.o
  CC      kernel/irq/resend.o
  CC      arch/mips/lib/bswapdi.o
  CC      arch/mips/lib/multi3.o
  CC      io_uring/net.o
  AR      arch/mips/lib/lib.a
  CC      crypto/ecb.o
  AR      arch/mips/lib/built-in.a
  CC      drivers/irqchip/irq-bcm6345-ext.o
  AR      drivers/bus/built-in.a
  CC      kernel/rcu/tree.o
  AR      drivers/pinctrl/actions/built-in.a
  CC      drivers/pinctrl/bcm/pinctrl-bcm63xx.o
  CC      fs/proc/cpuinfo.o
  AR      lib/lzo/built-in.a
  AR      drivers/phy/cadence/built-in.a
  AR      drivers/pinctrl/cirrus/built-in.a
  CC      kernel/dma/coherent.o
  AR      drivers/phy/broadcom/built-in.a
  CC      arch/mips/kernel/csrc-r4k.o
  AR      drivers/phy/freescale/built-in.a
  AR      drivers/phy/hisilicon/built-in.a
  AR      drivers/phy/ingenic/built-in.a
  CC      kernel/irq/chip.o
  AR      lib/crypto/built-in.a
  AR      drivers/phy/intel/built-in.a
  LD [M]  lib/crypto/libdes.o
  AR      drivers/phy/lantiq/built-in.a
  CC      lib/zstd/zstd_compress_module.o
  AR      drivers/phy/marvell/built-in.a
  AR      drivers/phy/mediatek/built-in.a
  AR      drivers/phy/microchip/built-in.a
  AR      drivers/phy/motorola/built-in.a
  CC      crypto/ctr.o
  CC      fs/squashfs/fragment.o
  CC      fs/ramfs/inode.o
  AR      drivers/phy/mscc/built-in.a
  AR      drivers/phy/nuvoton/built-in.a
  CC      fs/squashfs/id.o
  AR      drivers/phy/qualcomm/built-in.a
  AR      drivers/phy/ralink/built-in.a
  AR      drivers/phy/realtek/built-in.a
  AR      drivers/phy/renesas/built-in.a
  AR      drivers/phy/rockchip/built-in.a
  CC      drivers/pinctrl/bcm/pinctrl-bcm63268.o
  AR      drivers/phy/samsung/built-in.a
  AR      drivers/phy/socionext/built-in.a
  AR      drivers/phy/st/built-in.a
  CC      fs/proc/devices.o
  AR      drivers/phy/starfive/built-in.a
  AR      drivers/phy/sunplus/built-in.a
  AR      drivers/phy/tegra/built-in.a
  AR      drivers/phy/ti/built-in.a
  AR      drivers/phy/xilinx/built-in.a
  CC      drivers/phy/phy-core.o
  CC      drivers/irqchip/irq-bcm6345-l1.o
  CC      lib/zstd/compress/fse_compress.o
  CC      io_uring/poll.o
  CC      fs/squashfs/inode.o
  CC      arch/mips/kernel/sync-r4k.o
  CC      kernel/dma/remap.o
  CC      crypto/gcm.o
  AR      drivers/pinctrl/bcm/built-in.a
  AR      drivers/pinctrl/freescale/built-in.a
  AR      drivers/pinctrl/mediatek/built-in.a
  AR      drivers/pinctrl/mvebu/built-in.a
  AR      drivers/pinctrl/nomadik/built-in.a
  AR      drivers/pinctrl/nuvoton/built-in.a
  CC      mm/mm_init.o
  AR      drivers/pinctrl/nxp/built-in.a
  CC      fs/proc/interrupts.o
  AR      drivers/pinctrl/qcom/built-in.a
  CC      fs/ramfs/file-mmu.o
  AR      drivers/pinctrl/sophgo/built-in.a
  AR      drivers/pinctrl/sprd/built-in.a
  AR      drivers/pinctrl/sunplus/built-in.a
  AR      drivers/pinctrl/ti/built-in.a
  CC      drivers/pinctrl/core.o
  CC      lib/zstd/compress/hist.o
  CC      block/blk-timeout.o
  CC      kernel/irq/dummychip.o
  CC      lib/zstd/compress/huf_compress.o
  CC      arch/mips/kernel/segment.o
  AR      kernel/dma/built-in.a
  AR      kernel/entry/built-in.a
  CC      kernel/rcu/rcu_segcblist.o
  CC      drivers/irqchip/irq-bcm7120-l2.o
  CC      fs/squashfs/namei.o
  AR      drivers/phy/built-in.a
  CC      drivers/gpio/gpiolib.o
  AR      sound/built-in.a
  CC      fs/proc/loadavg.o
  CC      lib/xz/xz_dec_syms.o
  CC      kernel/irq/devres.o
  AR      fs/ramfs/built-in.a
  CC      mm/percpu.o
  CC      arch/mips/kernel/module.o
  CC      lib/zstd/compress/zstd_compress.o
  CC      block/blk-lib.o
  CC      lib/xz/xz_dec_stream.o
  CC      crypto/ccm.o
  CC      fs/squashfs/super.o
  CC      lib/xz/xz_dec_lzma2.o
  CC      fs/proc/meminfo.o
  AR      drivers/irqchip/built-in.a
  AS      arch/mips/kernel/r4k_switch.o
  CC      kernel/irq/kexec.o
  CC      net/core/sock.o
  CC      io_uring/eventfd.o
  CC      fs/proc/stat.o
  CC      drivers/pinctrl/pinctrl-utils.o
  CC      fs/exportfs/expfs.o
  CC      arch/mips/kernel/smp.o
  CC      kernel/irq/generic-chip.o
  AR      lib/xz/built-in.a
  CC      lib/zstd/compress/zstd_compress_literals.o
  CC      fs/proc/uptime.o
  CC      fs/squashfs/symlink.o
  CC      io_uring/uring_cmd.o
  CC      drivers/pinctrl/pinmux.o
  CC      lib/zstd/compress/zstd_compress_sequences.o
  CC      block/blk-mq.o
  CC      crypto/pcrypt.o
  CC      fs/proc/util.o
  CC      kernel/module/main.o
  AR      fs/exportfs/built-in.a
  CC      drivers/gpio/gpiolib-devres.o
  CC      arch/mips/kernel/smp-up.o
  AR      drivers/pwm/built-in.a
  CC      arch/mips/kernel/smp-bmips.o
  CC      crypto/aes_generic.o
  AS      arch/mips/kernel/bmips_vec.o
  AR      virt/lib/built-in.a
  CC      fs/squashfs/decompressor.o
  AR      virt/built-in.a
  CC      mm/slab_common.o
  CC      kernel/irq/autoprobe.o
  CC      fs/proc/version.o
  CC      drivers/pinctrl/pinconf.o
  CC      drivers/gpio/gpiolib-legacy.o
  AR      fs/unicode/built-in.a
  CC      net/core/request_sock.o
  CC      net/llc/llc_core.o
  CC      io_uring/openclose.o
  AR      kernel/rcu/built-in.a
  CC      lib/lzma/LzFind.o
  CC      fs/squashfs/page_actor.o
  CC      drivers/gpio/gpiolib-of.o
  CC      drivers/pinctrl/pinconf-generic.o
  CC      fs/proc/softirqs.o
  CC      kernel/irq/irqdomain.o
  AS      arch/mips/kernel/bmips_5xxx_init.o
  AS      arch/mips/kernel/scall32-o32.o
  CC      arch/mips/kernel/proc.o
  CC      crypto/deflate.o
  CC      lib/lzma/LzmaEnc.o
  CC      lib/zstd/compress/zstd_compress_superblock.o
  CC      net/core/skbuff.o
  CC      io_uring/sqpoll.o
  CC      mm/compaction.o
  CC      net/llc/llc_input.o
  CC      lib/zstd/compress/zstd_double_fast.o
  CC      drivers/pinctrl/devicetree.o
  CC      fs/squashfs/file_direct.o
  CC      drivers/gpio/gpiolib-cdev.o
  CC      fs/proc/namespaces.o
  CC      arch/mips/kernel/sysrq.o
  CC      crypto/lzo.o
  CC      arch/mips/kernel/jump_label.o
  CC      kernel/module/strict_rwx.o
  CC      kernel/irq/proc.o
  CC      drivers/pinctrl/pinctrl-single.o
  CC      block/blk-mq-tag.o
  CC      fs/squashfs/decompressor_multi_percpu.o
  CC      net/llc/llc_output.o
  AR      arch/mips/kernel/built-in.a
  AR      arch/mips/built-in.a
  AR      drivers/leds/rgb/built-in.a
  CC      drivers/leds/trigger/ledtrig-timer.o
  CC      crypto/lzo-rle.o
  CC      fs/proc/self.o
  CC      kernel/module/kmod.o
  CC      lib/lzma/LzmaDec.o
  CC      kernel/irq/affinity.o
  CC      io_uring/xattr.o
  CC      fs/squashfs/xz_wrapper.o
  CC      drivers/gpio/gpiolib-sysfs.o
  CC      crypto/ghash-generic.o
  CC      drivers/leds/trigger/ledtrig-heartbeat.o
  CC      fs/jffs2/compr.o
  AR      drivers/pinctrl/built-in.a
  CC      block/blk-stat.o
  CC      lib/zstd/compress/zstd_fast.o
  CC      fs/proc/thread_self.o
  AR      net/llc/built-in.a
  CC      kernel/time/time.o
  AR      kernel/irq/built-in.a
  AR      lib/lzma/built-in.a
  CC      fs/jffs2/dir.o
  CC      mm/show_mem.o
  CC      crypto/zstd.o
  CC      net/core/datagram.o
  CC      drivers/leds/trigger/ledtrig-default-on.o
  CC      kernel/module/kallsyms.o
  CC      io_uring/nop.o
  AR      fs/squashfs/built-in.a
  CC      io_uring/fs.o
  CC      drivers/gpio/gpiolib-swnode.o
  CC      fs/proc/proc_sysctl.o
  AR      drivers/leds/blink/built-in.a
  CC      fs/jffs2/file.o
  CC      drivers/leds/trigger/ledtrig-netdev.o
  CC      block/blk-mq-sysfs.o
  CC      drivers/pci/msi/pcidev_msi.o
  CC      crypto/hash_info.o
  CC [M]  crypto/geniv.o
  CC      drivers/pci/pcie/portdrv.o
  CC      block/blk-mq-cpumap.o
  CC      mm/interval_tree.o
  CC      kernel/time/timer.o
  CC      drivers/gpio/gpio-regmap.o
  CC      kernel/module/procfs.o
  CC      io_uring/splice.o
  AR      drivers/pci/msi/built-in.a
  CC      kernel/module/sysfs.o
  CC      fs/jffs2/ioctl.o
  CC      net/ethernet/eth.o
  CC      block/blk-mq-sched.o
  CC      drivers/pci/pcie/rcec.o
  CC [M]  crypto/seqiv.o
  CC      drivers/gpio/gpio-mmio.o
  CC      block/ioctl.o
  AR      drivers/leds/trigger/built-in.a
  AR      drivers/leds/simple/built-in.a
  CC      drivers/leds/led-core.o
  CC      fs/jffs2/nodelist.o
  CC      mm/list_lru.o
  CC      drivers/pci/pcie/aspm.o
  AR      kernel/module/built-in.a
  CC      fs/proc/proc_net.o
  CC      io_uring/sync.o
  CC      io_uring/msg_ring.o
  CC [M]  crypto/cmac.o
  CC      arch/mips/pci/pci.o
  CC      kernel/time/hrtimer.o
  CC      lib/zstd/compress/zstd_lazy.o
  CC      drivers/leds/led-class.o
  AR      drivers/gpio/built-in.a
  CC      kernel/time/timekeeping.o
  CC      drivers/pci/pcie/pme.o
  CC      kernel/time/ntp.o
  CC      fs/jffs2/malloc.o
  CC [M]  crypto/hmac.o
  CC      mm/workingset.o
  AR      net/ethernet/built-in.a
  CC      arch/mips/pci/pci-legacy.o
  CC      block/genhd.o
  CC      net/802/p8022.o
  CC      fs/proc/kmsg.o
  CC      block/ioprio.o
  CC      io_uring/advise.o
  CC      drivers/leds/led-class-multicolor.o
  CC      fs/jffs2/read.o
  AR      fs/proc/built-in.a
  CC      net/core/stream.o
  CC [M]  crypto/md5.o
  AR      drivers/pci/pcie/built-in.a
  CC      kernel/time/clocksource.o
  AR      drivers/pci/pwrctl/built-in.a
  CC      arch/mips/pci/fixup-bmips.o
  AR      drivers/pci/controller/dwc/built-in.a
  AR      drivers/pci/controller/mobiveil/built-in.a
  AR      drivers/pci/controller/plda/built-in.a
  CC      drivers/pci/controller/pcie-bcm6328.o
  CC      kernel/futex/core.o
  CC      lib/dim/dim.o
  CC      drivers/leds/led-triggers.o
  CC      net/802/psnap.o
  CC      mm/debug.o
  CC      fs/jffs2/nodemgmt.o
  CC [M]  crypto/sha1_generic.o
  CC      lib/dim/net_dim.o
  AR      arch/mips/pci/built-in.a
  CC      lib/dim/rdma_dim.o
  CC      block/badblocks.o
  CC      io_uring/epoll.o
  CC      lib/zstd/compress/zstd_ldm.o
  CC      net/sched/sch_generic.o
  AR      drivers/pci/controller/built-in.a
  AR      drivers/pci/switch/built-in.a
  CC      net/core/scm.o
  CC      kernel/time/jiffies.o
  CC      drivers/pci/access.o
  CC [M]  drivers/leds/leds-gpio.o
  AR      drivers/video/backlight/built-in.a
  CC      fs/jffs2/readinode.o
  AR      drivers/video/fbdev/core/built-in.a
  AR      drivers/video/fbdev/omap/built-in.a
  AR      drivers/video/fbdev/omap2/omapfb/dss/built-in.a
  CC      kernel/cgroup/cgroup.o
  CC [M]  crypto/sha256_generic.o
  CC      net/802/stp.o
  AR      drivers/video/fbdev/omap2/omapfb/displays/built-in.a
  AR      drivers/video/fbdev/omap2/omapfb/built-in.a
  AR      drivers/video/fbdev/omap2/built-in.a
  AR      drivers/video/fbdev/built-in.a
  AR      drivers/video/built-in.a
  CC      kernel/futex/syscalls.o
  CC      io_uring/statx.o
  CC      mm/gup.o
  TEST    lib/test_fortify/read_overflow-memchr.log
  CC      kernel/time/timer_list.o
  AR      lib/dim/built-in.a
  AR      arch/mips/crypto/built-in.a
  CC      block/blk-rq-qos.o
  AR      drivers/leds/built-in.a
  CC      net/netlink/af_netlink.o
  TEST    lib/test_fortify/read_overflow-memchr_inv.log
  CC      drivers/pci/bus.o
  CC [M]  crypto/sha512_generic.o
  CC      net/sched/sch_mq.o
  CC      io_uring/timeout.o
  TEST    lib/test_fortify/read_overflow-memcmp.log
  CC      kernel/time/timeconv.o
  AR      net/802/built-in.a
  CC      net/core/gen_stats.o
  CC      net/bpf/test_run.o
  CC      kernel/futex/pi.o
  TEST    lib/test_fortify/read_overflow-memscan.log
  CC      fs/jffs2/write.o
  CC      block/disk-events.o
  CC      drivers/pci/probe.o
  CC [M]  crypto/sha3_generic.o
  TEST    lib/test_fortify/read_overflow2-memcmp.log
  CC      kernel/time/timecounter.o
  CC      kernel/time/alarmtimer.o
  CC      net/bpf/bpf_dummy_struct_ops.o
  CC      net/sched/sch_frag.o
  CC      io_uring/fdinfo.o
  CC      kernel/futex/requeue.o
  TEST    lib/test_fortify/read_overflow2-memcpy.log
  CC      fs/jffs2/scan.o
  CC      net/core/gen_estimator.o
  CC      block/blk-ia-ranges.o
  CC [M]  crypto/des_generic.o
  TEST    lib/test_fortify/read_overflow2-memmove.log
  CC      mm/mmap_lock.o
  CC      kernel/time/posix-timers.o
  CC      kernel/futex/waitwake.o
  CC      io_uring/cancel.o
  CC [M]  crypto/crc32c_generic.o
  TEST    lib/test_fortify/read_overflow2_field-memcpy.log
  CC      net/netlink/genetlink.o
  CC      drivers/pci/host-bridge.o
  CC      net/sched/sch_api.o
  CC      block/early-lookup.o
  CC      kernel/bpf/core.o
  CC      net/core/net_namespace.o
  CC      mm/highmem.o
  AR      net/bpf/built-in.a
  CC      drivers/pci/remove.o
  TEST    lib/test_fortify/read_overflow2_field-memmove.log
  AR      kernel/futex/built-in.a
  CC [M]  crypto/authenc.o
  CC      kernel/bpf/syscall.o
  CC      io_uring/waitid.o
  CC      kernel/bpf/verifier.o
  CC      fs/jffs2/gc.o
  TEST    lib/test_fortify/write_overflow-memcpy.log
  CC      mm/memory.o
  CC      kernel/time/posix-cpu-timers.o
  CC      drivers/pci/pci.o
  CC      block/blk-cgroup.o
  TEST    lib/test_fortify/write_overflow-memmove.log
  CC      io_uring/register.o
  CC      kernel/cgroup/rstat.o
  CC [M]  crypto/authencesn.o
  TEST    lib/test_fortify/write_overflow-memset.log
  CC      net/core/secure_seq.o
  CC      net/netlink/policy.o
  CC      fs/jffs2/symlink.o
  TEST    lib/test_fortify/write_overflow-strcpy-lit.log
  CC      net/sched/sch_blackhole.o
  CC      kernel/time/posix-clock.o
  CC      kernel/cgroup/namespace.o
  CC [M]  crypto/rng.o
  TEST    lib/test_fortify/write_overflow-strcpy.log
  CC      fs/jffs2/build.o
  AR      net/netlink/built-in.a
  CC      io_uring/truncate.o
  CC      io_uring/memmap.o
  CC      block/blk-cgroup-rwstat.o
  TEST    lib/test_fortify/write_overflow-strncpy-src.log
  CC      kernel/time/itimer.o
  CC      net/core/flow_dissector.o
  CC      net/sched/sch_fifo.o
  CC      kernel/cgroup/cgroup-v1.o
  CC      lib/argv_split.o
  CC [M]  crypto/drbg.o
  TEST    lib/test_fortify/write_overflow-strncpy.log
  CC      fs/jffs2/erase.o
  CC      kernel/bpf/inode.o
  AR      arch/mips/power/built-in.a
  CC      io_uring/io-wq.o
  CC      net/ethtool/ioctl.o
  TEST    lib/test_fortify/write_overflow-strscpy.log
  CC      block/blk-throttle.o
  CC      kernel/time/clockevents.o
  TEST    lib/test_fortify/write_overflow_field-memcpy.log
  CC      net/sched/sch_fq_codel.o
  CC [M]  crypto/jitterentropy.o
  CC [M]  crypto/jitterentropy-kcapi.o
  CC      mm/mincore.o
  CC      fs/jffs2/background.o
  TEST    lib/test_fortify/write_overflow_field-memmove.log
  CC      drivers/pci/pci-driver.o
  CC      drivers/pci/search.o
  CC      kernel/cgroup/freezer.o
  CC      kernel/time/tick-common.o
  TEST    lib/test_fortify/write_overflow_field-memset.log
  CC      net/netfilter/core.o
  CC      fs/jffs2/fs.o
  CAT     lib/test_fortify/test_fortify.log
  CC      net/netfilter/nf_log.o
  CC      net/core/sysctl_net_core.o
  CC      block/blk-mq-pci.o
  LD [M]  crypto/jitterentropy_rng.o
  AR      crypto/built-in.a
  CC      kernel/fork.o
  CC      lib/zstd/compress/zstd_opt.o
  CC      io_uring/futex.o
  CC      kernel/cgroup/pids.o
  CC      kernel/time/sched_clock.o
  CC      mm/mlock.o
  AR      net/sched/built-in.a
  CC      kernel/bpf/helpers.o
  CC      drivers/pci/rom.o
  CC      block/blk-pm.o
  CC      kernel/cgroup/rdma.o
  CC      fs/jffs2/writev.o
  CC      kernel/time/tick-oneshot.o
  CC      io_uring/napi.o
  CC      net/core/dev.o
  CC      net/netfilter/nf_queue.o
  AR      block/built-in.a
  CC      net/ethtool/common.o
  CC      fs/jffs2/super.o
  CC      kernel/time/tick-sched.o
  CC      drivers/pci/setup-res.o
  CC      drivers/pci/irq.o
  CC      kernel/cgroup/cpuset.o
  CC      net/ethtool/netlink.o
  CC      mm/mmap.o
  CC      fs/jffs2/debug.o
  CC      kernel/time/vsyscall.o
  CC      lib/buildid.o
  AR      drivers/idle/built-in.a
  CC      fs/ubifs/shrinker.o
  CC      kernel/bpf/tnum.o
  CC      drivers/pci/vpd.o
  AR      net/ipv4/netfilter/built-in.a
  CC [M]  net/ipv4/netfilter/nf_defrag_ipv4.o
  CC      net/ipv4/route.o
  CC      kernel/time/timekeeping_debug.o
  CC      net/netfilter/nf_sockopt.o
  CC      kernel/bpf/log.o
  CC      lib/zstd/zstd_decompress_module.o
  AR      io_uring/built-in.a
  CC      net/core/dev_addr_lists.o
  CC      fs/jffs2/wbuf.o
  CC      fs/jffs2/xattr.o
  CC      net/ethtool/bitset.o
  CC      fs/ubifs/journal.o
  CC      lib/zstd/decompress/huf_decompress.o
  AR      kernel/time/built-in.a
  CC      mm/mmu_gather.o
  CC      drivers/pci/setup-bus.o
  CC [M]  net/ipv4/netfilter/nf_reject_ipv4.o
  CC      net/netfilter/utils.o
  AR      kernel/cgroup/built-in.a
  CC      net/ethtool/strset.o
  CC      fs/ubifs/file.o
  CC      mm/mprotect.o
  CC      fs/overlayfs/super.o
  AR      drivers/char/ipmi/built-in.a
  CC      net/unix/af_unix.o
  CC      net/core/dst.o
  CC      net/ipv4/inetpeer.o
  CC      fs/jffs2/xattr_trusted.o
  CC      lib/zstd/decompress/zstd_ddict.o
  CC      lib/zstd/decompress/zstd_decompress.o
  CC      lib/cmdline.o
  CC      drivers/pci/vc.o
  CC      net/netfilter/nf_bpf_link.o
  CC      net/ethtool/linkinfo.o
  CC [M]  net/ipv4/netfilter/nft_reject_ipv4.o
  CC      lib/zstd/decompress/zstd_decompress_block.o
  CC      fs/jffs2/xattr_user.o
  CC      fs/overlayfs/namei.o
  CC      fs/ubifs/dir.o
  CC      net/netfilter/nf_hooks_lwtunnel.o
  CC      mm/mremap.o
  AR      fs/hostfs/built-in.a
  CC      kernel/bpf/token.o
  AR      net/ipv6/netfilter/built-in.a
  CC [M]  net/ipv6/netfilter/nf_defrag_ipv6_hooks.o
  CC      drivers/pci/mmap.o
  CC      net/unix/garbage.o
  CC      fs/jffs2/security.o
  CC      net/ethtool/linkmodes.o
  AR      drivers/amba/built-in.a
  CC      lib/cpumask.o
  CC [M]  net/ipv4/netfilter/nft_fib_ipv4.o
  CC      kernel/exec_domain.o
  CC      drivers/pci/devres.o
  CC [M]  net/netfilter/nfnetlink.o
  CC      fs/overlayfs/util.o
  CC      mm/msync.o
  CC      lib/ctype.o
  CC      fs/ubifs/super.o
  CC      net/core/netevent.o
  CC      fs/jffs2/acl.o
  CC [M]  net/ipv6/netfilter/nf_conntrack_reasm.o
  CC      lib/zstd/zstd_common_module.o
  CC [M]  net/ipv6/netfilter/nf_reject_ipv6.o
  CC      net/ethtool/rss.o
  CC      net/unix/sysctl_net_unix.o
  CC      mm/page_vma_mapped.o
  CC      drivers/pci/proc.o
  CC      net/ipv4/protocol.o
  CC      kernel/bpf/bpf_iter.o
  CC      drivers/pci/pci-sysfs.o
  CC      lib/zstd/common/debug.o
  CC      lib/zstd/common/entropy_common.o
  CC [M]  net/netfilter/nf_conntrack_core.o
  CC      fs/jffs2/compr_rtime.o
  CC      mm/pagewalk.o
  CC      lib/zstd/common/error_private.o
  CC      lib/zstd/common/fse_decompress.o
  CC      fs/overlayfs/inode.o
  CC      kernel/bpf/map_iter.o
  CC      net/unix/unix_bpf.o
  CC      drivers/pci/slot.o
  CC      fs/ubifs/sb.o
  CC      lib/zstd/common/zstd_common.o
  CC      fs/jffs2/compr_lzma.o
  CC      net/ethtool/linkstate.o
  CC      net/ipv4/ip_input.o
  CC      fs/debugfs/inode.o
  CC [M]  net/ipv6/netfilter/nft_reject_ipv6.o
  AR      lib/zstd/built-in.a
  CC      lib/dec_and_lock.o
  CC      mm/pgtable-generic.o
  CC      lib/decompress.o
  CC      net/ipv6/af_inet6.o
  CC      lib/dump_stack.o
  CC      fs/jffs2/summary.o
  CC      fs/debugfs/file.o
  CC      drivers/pci/iomap.o
  CC      kernel/bpf/task_iter.o
  CC      fs/overlayfs/file.o
  CC      net/core/neighbour.o
  CC      fs/ubifs/io.o
  CC      mm/rmap.o
  CC [M]  net/ipv6/netfilter/nft_fib_ipv6.o
  CC      net/ethtool/debug.o
  AR      drivers/clk/actions/built-in.a
  AR      drivers/clk/analogbits/built-in.a
  CC      drivers/clk/bcm/clk-bcm63xx-gate.o
  CC      lib/earlycpio.o
  CC      drivers/pci/of.o
  CC      lib/extable.o
  AR      net/unix/built-in.a
  AR      fs/jffs2/built-in.a
  AR      drivers/clk/imgtec/built-in.a
  CC      drivers/clk/bcm/clk-bcm63268-timer.o
  CC [M]  net/netfilter/nf_conntrack_standalone.o
  CC      net/ipv4/ip_fragment.o
  CC      net/ipv6/anycast.o
  CC      fs/overlayfs/dir.o
  CC      kernel/bpf/prog_iter.o
  CC      net/core/rtnetlink.o
  CC      fs/ubifs/tnc.o
  CC      lib/fdt.o
  AR      fs/debugfs/built-in.a
  CC      drivers/pci/quirks.o
  CC      mm/vmalloc.o
  CC      net/ethtool/wol.o
  AR      drivers/clk/bcm/built-in.a
  AR      drivers/clk/imx/built-in.a
  CC      net/packet/af_packet.o
  AR      drivers/clk/ingenic/built-in.a
  CC      lib/fdt_addresses.o
  AR      drivers/clk/keystone/built-in.a
  AR      drivers/clk/mediatek/built-in.a
  AR      drivers/clk/microchip/built-in.a
  AR      drivers/clk/mstar/built-in.a
  AR      drivers/clk/mvebu/built-in.a
  AR      drivers/clk/ralink/built-in.a
  AR      drivers/clk/renesas/built-in.a
  AR      drivers/clk/socfpga/built-in.a
  AR      drivers/clk/sophgo/built-in.a
  AR      drivers/clk/sprd/built-in.a
  AR      drivers/clk/starfive/built-in.a
  AR      drivers/clk/sunxi-ng/built-in.a
  CC      lib/fdt_empty_tree.o
  AR      drivers/clk/ti/built-in.a
  AR      drivers/clk/versatile/built-in.a
  AR      drivers/clk/xilinx/built-in.a
  CC      drivers/clk/clk-devres.o
  LD [M]  net/ipv6/netfilter/nf_defrag_ipv6.o
  CC      kernel/panic.o
  CC      lib/fdt_ro.o
  CC      drivers/clk/clk-bulk.o
  CC      kernel/bpf/link_iter.o
  CC      net/ipv4/ip_forward.o
  CC      fs/overlayfs/readdir.o
  CC [M]  net/netfilter/nf_conntrack_expect.o
  CC      lib/fdt_rw.o
  CC [M]  net/netfilter/nf_conntrack_helper.o
  CC      drivers/clk/clkdev.o
  CC      kernel/cpu.o
  CC      net/ethtool/features.o
  CC      net/ipv6/ip6_output.o
  CC      lib/fdt_strerror.o
  CC      lib/fdt_sw.o
  CC      kernel/bpf/hashtab.o
  CC      drivers/clk/clk.o
  CC      lib/fdt_wip.o
  CC      fs/ubifs/master.o
  CC      lib/flex_proportions.o
  AR      drivers/pci/built-in.a
  AR      drivers/soc/apple/built-in.a
  AR      drivers/soc/aspeed/built-in.a
  AR      drivers/soc/bcm/built-in.a
  AR      drivers/soc/fsl/built-in.a
  AR      drivers/soc/fujitsu/built-in.a
  AR      drivers/soc/hisilicon/built-in.a
  AR      drivers/soc/imx/built-in.a
  AR      drivers/soc/ixp4xx/built-in.a
  AR      drivers/soc/loongson/built-in.a
  AR      net/bridge/netfilter/built-in.a
  AR      drivers/soc/mediatek/built-in.a
  CC      net/bridge/br.o
  AR      drivers/soc/microchip/built-in.a
  AR      drivers/soc/nuvoton/built-in.a
  AR      drivers/soc/pxa/built-in.a
  AR      drivers/soc/amlogic/built-in.a
  AR      drivers/soc/qcom/built-in.a
  AR      drivers/soc/renesas/built-in.a
  AR      drivers/soc/rockchip/built-in.a
  AR      drivers/soc/sunxi/built-in.a
  AR      drivers/soc/ti/built-in.a
  AR      drivers/soc/versatile/built-in.a
  AR      drivers/soc/xilinx/built-in.a
  AR      drivers/soc/built-in.a
  AR      drivers/pmdomain/actions/built-in.a
  AR      drivers/pmdomain/amlogic/built-in.a
  CC      net/ipv4/ip_options.o
  AR      drivers/pmdomain/apple/built-in.a
  CC      fs/overlayfs/copy_up.o
  AR      drivers/pmdomain/arm/built-in.a
  CC      drivers/pmdomain/bcm/bcm63xx-power.o
  CC      net/ethtool/privflags.o
  CC      lib/idr.o
  CC      net/bridge/br_device.o
  CC      fs/ubifs/scan.o
  CC [M]  fs/nls/nls_base.o
  CC [M]  net/netfilter/nf_conntrack_proto.o
  AR      drivers/pmdomain/bcm/built-in.a
  AR      drivers/pmdomain/imx/built-in.a
  AR      drivers/pmdomain/mediatek/built-in.a
  AR      drivers/pmdomain/qcom/built-in.a
  AR      drivers/pmdomain/renesas/built-in.a
  AR      drivers/pmdomain/rockchip/built-in.a
  AR      drivers/pmdomain/samsung/built-in.a
  AR      drivers/pmdomain/st/built-in.a
  AR      drivers/pmdomain/starfive/built-in.a
  AR      drivers/pmdomain/sunxi/built-in.a
  AR      drivers/pmdomain/tegra/built-in.a
  AR      drivers/pmdomain/ti/built-in.a
  AR      drivers/pmdomain/xilinx/built-in.a
  CC      drivers/pmdomain/core.o
  CC      lib/irq_regs.o
  CC      mm/vma.o
  CC      net/ipv6/ip6_input.o
  CC      net/bridge/br_fdb.o
  CC      net/ethtool/rings.o
  CC      fs/ubifs/replay.o
  CC      lib/is_single_threaded.o
  CC      fs/overlayfs/export.o
  CC      net/core/utils.o
  CC      net/ipv4/ip_output.o
  AR      drivers/virtio/built-in.a
  CC      fs/overlayfs/params.o
  CC      lib/klist.o
  CC      kernel/bpf/arraymap.o
  CC      drivers/clk/clk-divider.o
  CC      lib/kobject.o
  AR      net/packet/built-in.a
  CC      fs/overlayfs/xattrs.o
  CC      net/core/link_watch.o
  CC      net/ethtool/channels.o
  CC      fs/ubifs/log.o
  CC [M]  net/netfilter/nf_conntrack_proto_generic.o
  CC      drivers/pmdomain/governor.o
  CC      net/ipv6/addrconf.o
  CC      mm/page_alloc.o
  CC      fs/open.o
  AR      fs/overlayfs/built-in.a
  CC      net/ipv4/ip_sockglue.o
  CC      drivers/clk/clk-fixed-factor.o
  CC      lib/kobject_uevent.o
  CC      net/bridge/br_forward.o
  CC      kernel/exit.o
  AR      drivers/pmdomain/built-in.a
  CC      kernel/bpf/percpu_freelist.o
  AR      drivers/reset/hisilicon/built-in.a
  AR      drivers/reset/starfive/built-in.a
  AR      drivers/reset/sti/built-in.a
  AR      drivers/reset/tegra/built-in.a
  CC      drivers/reset/core.o
  CC      fs/ubifs/commit.o
  CC      net/ethtool/coalesce.o
  CC      net/core/filter.o
  CC      kernel/bpf/bpf_lru_list.o
  CC      drivers/clk/clk-fixed-rate.o
  CC      net/devlink/core.o
  CC [M]  net/netfilter/nf_conntrack_proto_tcp.o
  CC      drivers/clk/clk-gate.o
  CC      kernel/bpf/lpm_trie.o
  CC      net/devlink/netlink.o
  CC      mm/init-mm.o
  CC      net/bridge/br_if.o
  CC      fs/ubifs/gc.o
  CC      drivers/reset/reset-bcm6345.o
  CC      lib/logic_pio.o
  CC      net/ethtool/pause.o
  CC      drivers/clk/clk-multiplier.o
  CC      net/ipv4/inet_hashtables.o
  AR      drivers/reset/built-in.a
  CC      net/ipv6/addrlabel.o
  CC      kernel/softirq.o
  CC      net/core/dev_ioctl.o
  CC      drivers/clk/clk-mux.o
  CC      kernel/resource.o
  CC      kernel/bpf/map_in_map.o
  CC      net/devlink/netlink_gen.o
  CC      fs/ubifs/orphan.o
  CC      lib/maple_tree.o
  CC      net/ethtool/eee.o
  CC      drivers/clk/clk-composite.o
  CC      net/core/tso.o
  CC [M]  net/netfilter/nf_conntrack_proto_udp.o
  CC      net/bridge/br_input.o
  CC      kernel/bpf/bloom_filter.o
  CC      net/devlink/dev.o
  CC      net/dsa/stubs.o
  CC      mm/memblock.o
  CC      fs/read_write.o
  CC      fs/ubifs/budget.o
  CC      drivers/clk/clk-fractional-divider.o
  CC      net/ethtool/tsinfo.o
  CC      kernel/bpf/local_storage.o
  CC      net/ipv4/inet_timewait_sock.o
  CC      kernel/sysctl.o
  CC      fs/ubifs/find.o
  CC      drivers/clk/clk-gpio.o
  AR      drivers/tty/vt/built-in.a
  AR      drivers/tty/serial/8250/built-in.a
  CC      net/dsa/conduit.o
  CC      drivers/tty/serial/serial_core.o
  CC [M]  net/netfilter/nf_conntrack_proto_icmp.o
  CC      net/ethtool/cabletest.o
  CC      mm/slub.o
  CC      net/bridge/br_ioctl.o
  CC      net/devlink/port.o
  CC      kernel/bpf/queue_stack_maps.o
  CC      drivers/clk/clk-conf.o
  CC      net/ipv4/inet_connection_sock.o
  CC      fs/file_table.o
  CC      fs/ubifs/tnc_commit.o
  CC      net/ipv6/route.o
  CC [M]  net/netfilter/nf_conntrack_extend.o
  CC      net/ethtool/tunnels.o
  CC      net/dsa/devlink.o
  AR      drivers/clk/built-in.a
  CC      drivers/char/hw_random/core.o
  CC      kernel/bpf/ringbuf.o
  AR      drivers/char/agp/built-in.a
  CC      lib/memcat_p.o
  CC      net/8021q/vlan_core.o
  CC      drivers/char/hw_random/bcm2835-rng.o
  CC      net/8021q/vlan.o
  CC      net/bridge/br_stp.o
  CC      fs/ubifs/compress.o
  CC      net/devlink/sb.o
  CC [M]  net/netfilter/nf_conntrack_acct.o
  CC      net/dsa/dsa.o
  CC      net/ethtool/fec.o
  CC      kernel/bpf/bpf_local_storage.o
  AR      drivers/char/hw_random/built-in.a
  CC      drivers/char/mem.o
  CC      net/ipv4/tcp.o
  CC      fs/ubifs/lpt.o
  CC      drivers/tty/serial/serial_base_bus.o
  CC      mm/madvise.o
  CC      lib/nmi_backtrace.o
  AR      drivers/tty/ipwireless/built-in.a
  CC      net/ipv6/ip6_fib.o
  CC      net/8021q/vlan_dev.o
  CC [M]  net/netfilter/nf_conntrack_seqadj.o
  CC      drivers/char/random.o
  CC      net/ethtool/eeprom.o
  CC      net/devlink/dpipe.o
  CC      drivers/tty/serial/serial_ctrl.o
  CC      lib/objpool.o
  CC      kernel/bpf/bpf_task_storage.o
  CC      net/bridge/br_stp_bpdu.o
  CC      net/dsa/netlink.o
  CC      net/core/sock_reuseport.o
  CC      lib/plist.o
  CC      lib/radix-tree.o
  CC      mm/page_io.o
  CC      fs/ubifs/lprops.o
  CC      drivers/tty/serial/serial_port.o
  CC      net/ethtool/stats.o
  CC [M]  net/netfilter/nf_conntrack_proto_icmpv6.o
  CC      net/8021q/vlan_netlink.o
  CC      drivers/char/misc.o
  CC      kernel/bpf/disasm.o
  CC      net/bridge/br_stp_if.o
  CC      net/devlink/resource.o
  CC      net/dsa/port.o
  CC      fs/ubifs/recovery.o
  CC      drivers/tty/serial/earlycon.o
  CC      lib/ratelimit.o
  AR      drivers/char/built-in.a
  CC      kernel/capability.o
  CC      net/ipv6/ipv6_sockglue.o
  CC      mm/swap_state.o
  CC      lib/rbtree.o
  CC      kernel/bpf/mprog.o
  AR      net/wireless/tests/built-in.a
  AR      net/wireless/built-in.a
  CC      fs/super.o
  CC      net/ethtool/phc_vclocks.o
  CC [M]  net/netfilter/nf_conntrack_timeout.o
  CC      net/core/fib_notifier.o
  CC      lib/seq_buf.o
  CC      net/bridge/br_stp_timer.o
  CC      net/8021q/vlanproc.o
  CC      kernel/ptrace.o
  CC      drivers/tty/serial/bcm63xx_uart.o
  CC      net/devlink/param.o
  CC      fs/ubifs/ioctl.o
  CC      lib/siphash.o
  CC      net/ethtool/mm.o
  CC      mm/swapfile.o
  CC      kernel/bpf/trampoline.o
  CC      net/dsa/switch.o
  CC      net/core/xdp.o
  CC      net/ipv4/tcp_input.o
  CC [M]  net/netfilter/nf_log_syslog.o
  CC      fs/ubifs/lpt_commit.o
  AR      net/8021q/built-in.a
  CC      net/ipv4/tcp_output.o
  CC      net/ipv6/ndisc.o
  CC      net/bridge/br_netlink.o
  CC      lib/string.o
  AR      drivers/tty/serial/built-in.a
  CC      drivers/tty/tty_io.o
  CC      net/ethtool/module.o
  CC      mm/swap_slots.o
  AR      drivers/iommu/amd/built-in.a
  CC      net/devlink/region.o
  AR      drivers/iommu/intel/built-in.a
  AR      drivers/iommu/arm/arm-smmu/built-in.a
  AR      drivers/iommu/arm/arm-smmu-v3/built-in.a
  AR      drivers/iommu/arm/built-in.a
  AR      drivers/iommu/iommufd/built-in.a
  AR      drivers/iommu/built-in.a
  CC      lib/timerqueue.o
  CC      kernel/bpf/btf.o
  CC      lib/union_find.o
  CC      lib/vsprintf.o
  CC      net/dsa/tag.o
  CC      net/core/flow_offload.o
  CC      net/ethtool/cmis_fw_update.o
  CC      fs/ubifs/tnc_misc.o
  CC [M]  net/netfilter/nf_nat_core.o
  CC      net/ipv4/tcp_timer.o
  CC      net/switchdev/switchdev.o
  CC      net/bridge/br_netlink_tunnel.o
  CC      net/devlink/health.o
  CC      drivers/tty/n_tty.o
  CC      net/ipv6/udp.o
  CC      mm/dmapool.o
  CC      net/dsa/tag_8021q.o
  CC      net/ethtool/cmis_cdb.o
  CC      net/core/gro.o
  CC      fs/ubifs/debug.o
  CC      mm/migrate.o
  CC      net/bridge/br_arp_nd_proxy.o
  CC [M]  net/netfilter/nf_nat_proto.o
  CC      net/ethtool/pse-pd.o
  AR      net/switchdev/built-in.a
  CC      net/l3mdev/l3mdev.o
  CC      drivers/tty/tty_ioctl.o
  CC      net/dsa/trace.o
  CC      lib/win_minmax.o
  CC      net/devlink/trap.o
  CC      kernel/user.o
  CC      net/core/netdev-genl.o
  CC      lib/xarray.o
  CC      fs/ubifs/misc.o
  CC      fs/char_dev.o
  AR      net/l3mdev/built-in.a
  CC      kernel/signal.o
  AR      drivers/gpu/host1x/built-in.a
  CC      net/ethtool/plca.o
  AR      drivers/gpu/drm/tests/built-in.a
  AR      drivers/gpu/drm/arm/built-in.a
  AR      drivers/gpu/drm/display/built-in.a
  AR      drivers/gpu/drm/renesas/rcar-du/built-in.a
  AR      drivers/gpu/drm/renesas/rz-du/built-in.a
  AR      drivers/gpu/drm/renesas/built-in.a
  AR      drivers/gpu/drm/omapdrm/built-in.a
  AR      drivers/gpu/drm/tilcdc/built-in.a
  AR      drivers/gpu/drm/imx/built-in.a
  CC      net/dsa/user.o
  AR      drivers/gpu/drm/i2c/built-in.a
  AR      drivers/gpu/drm/panel/built-in.a
  CC      drivers/tty/tty_ldisc.o
  AR      drivers/gpu/drm/bridge/analogix/built-in.a
  CC      net/ipv6/udplite.o
  AR      drivers/gpu/drm/bridge/cadence/built-in.a
  AR      drivers/gpu/drm/bridge/imx/built-in.a
  AR      drivers/gpu/drm/bridge/synopsys/built-in.a
  AR      drivers/gpu/drm/bridge/built-in.a
  CC      net/ipv4/tcp_ipv4.o
  AR      drivers/gpu/drm/hisilicon/built-in.a
  CC      net/bridge/br_sysfs_if.o
  AR      drivers/gpu/drm/mxsfb/built-in.a
  AR      drivers/gpu/drm/tiny/built-in.a
  AR      drivers/gpu/drm/xlnx/built-in.a
  AR      drivers/gpu/drm/gud/built-in.a
  AR      drivers/gpu/drm/solomon/built-in.a
  AR      drivers/gpu/drm/built-in.a
  AR      drivers/gpu/vga/built-in.a
  AR      drivers/gpu/built-in.a
  CC      mm/page_counter.o
  CC      kernel/sys.o
  CC [M]  net/netfilter/nf_nat_helper.o
  CC      fs/ubifs/sysfs.o
  CC      kernel/bpf/memalloc.o
  CC      mm/memcontrol.o
  CC      lib/lockref.o
  CC      drivers/tty/tty_buffer.o
  CC      net/devlink/rate.o
  CC      net/ethtool/phy.o
  CC      net/core/netdev-genl-gen.o
  CC      lib/bcd.o
  CC      lib/sort.o
  CC      fs/ubifs/xattr.o
  CC      lib/parser.o
  CC [M]  net/netfilter/nf_nat_redirect.o
  CC      net/ipv6/raw.o
  CC      net/bridge/br_sysfs_br.o
  CC      drivers/tty/tty_port.o
  CC      mm/vmpressure.o
  CC      lib/debug_locks.o
  CC      kernel/bpf/dispatcher.o
  CC      lib/random32.o
  CC      net/core/gso.o
  AR      net/ethtool/built-in.a
  CC      fs/stat.o
  AR      fs/ubifs/built-in.a
  CC      net/dsa/tag_brcm.o
  CC      lib/bust_spinlocks.o
  CC      net/devlink/linecard.o
  CC      net/ipv4/tcp_minisocks.o
  CC      drivers/tty/tty_mutex.o
  CC [M]  net/netfilter/nf_nat_masquerade.o
  CC      drivers/base/power/sysfs.o
  CC      net/ipv6/icmp.o
  CC      kernel/umh.o
  CC      net/bridge/br_multicast.o
  CC      kernel/bpf/devmap.o
  CC      lib/kasprintf.o
  CC      net/ipv4/tcp_cong.o
  CC      drivers/tty/tty_ldsem.o
  CC      fs/exec.o
  CC      lib/bitmap.o
  CC      drivers/base/power/generic_ops.o
  CC      net/core/net-sysfs.o
  CC      net/dsa/tag_none.o
  CC      net/mptcp/protocol.o
  CC      mm/swap_cgroup.o
  CC [M]  net/netfilter/nf_tables_core.o
  CC      drivers/tty/tty_baudrate.o
  AR      net/devlink/built-in.a
  CC      net/devres.o
  CC      drivers/base/power/common.o
  AR      drivers/block/built-in.a
  CC      net/socket.o
  CC      lib/scatterlist.o
  CC      kernel/bpf/cpumap.o
  CC      net/ipv6/mcast.o
  AR      net/dsa/built-in.a
  CC      drivers/tty/tty_jobctrl.o
  CC      net/ipv4/tcp_metrics.o
  CC      drivers/base/firmware_loader/builtin/main.o
  CC      drivers/base/firmware_loader/fallback_table.o
  CC      drivers/base/power/qos.o
  CC      net/core/hotdata.o
  AR      drivers/base/firmware_loader/builtin/built-in.a
  CC      net/mptcp/subflow.o
  CC      fs/pipe.o
  CC      mm/usercopy.o
  CC [M]  net/netfilter/nf_tables_api.o
  CC      drivers/tty/n_null.o
  CC      lib/list_sort.o
  CC      drivers/base/firmware_loader/main.o
  CC      drivers/tty/pty.o
  CC      lib/uuid.o
  CC      net/core/netdev_rx_queue.o
  CC      kernel/bpf/offload.o
  CC      fs/namei.o
  CC      lib/iov_iter.o
  CC      mm/memfd.o
  CC      net/ipv4/tcp_fastopen.o
  CC      drivers/base/power/runtime.o
  CC      kernel/workqueue.o
  CC      drivers/tty/sysrq.o
  CC      drivers/base/firmware_loader/fallback.o
  CC      net/core/page_pool.o
  CC      mm/execmem.o
  CC      net/bridge/br_mdb.o
  CC      kernel/bpf/net_namespace.o
  CC      drivers/base/regmap/regmap.o
  AR      drivers/misc/eeprom/built-in.a
  AR      drivers/misc/cb710/built-in.a
  AR      drivers/misc/ti-st/built-in.a
  AR      drivers/misc/lis3lv02d/built-in.a
  AR      drivers/misc/cardreader/built-in.a
  AR      drivers/misc/keba/built-in.a
  AR      drivers/misc/built-in.a
  CC      net/ipv6/reassembly.o
  AR      mm/built-in.a
  AR      drivers/tty/built-in.a
  CC [M]  net/netfilter/nft_chain_filter.o
  CC      drivers/mfd/syscon.o
  CC      drivers/base/firmware_loader/sysfs.o
  CC      net/ipv4/tcp_rate.o
  CC      lib/clz_ctz.o
  CC      net/mptcp/options.o
  CC      drivers/base/power/wakeirq.o
  CC      net/ipv4/tcp_recovery.o
  AR      drivers/mfd/built-in.a
  CC      net/mptcp/token.o
  CC      drivers/base/power/clock_ops.o
  CC      kernel/bpf/tcx.o
  AR      drivers/base/firmware_loader/built-in.a
  CC      lib/bsearch.o
  CC      net/core/page_pool_user.o
  CC      kernel/pid.o
  CC      net/bridge/br_multicast_eht.o
  CC      net/sysctl_net.o
  CC      net/ipv6/tcp_ipv6.o
  CC      kernel/bpf/cgroup_iter.o
  CC      lib/find_bit.o
  CC      drivers/base/regmap/regcache.o
  AR      drivers/base/power/built-in.a
  CC      fs/fcntl.o
  CC      net/ipv4/tcp_ulp.o
  CC      lib/llist.o
  CC      net/mptcp/crypto.o
  CC      net/core/net-procfs.o
  CC      lib/lwq.o
  CC      net/mptcp/ctrl.o
  CC      kernel/bpf/bpf_cgrp_storage.o
  CC      net/mptcp/pm.o
  CC      drivers/base/regmap/regcache-rbtree.o
  CC      fs/ioctl.o
  AR      drivers/nfc/built-in.a
  CC      net/bridge/br_vlan.o
  CC      lib/memweight.o
  CC      net/bridge/br_vlan_tunnel.o
  CC      lib/kfifo.o
  CC [M]  net/netfilter/nf_tables_trace.o
  CC      net/ipv6/ping.o
  AR      drivers/base/test/built-in.a
  CC      net/ipv4/tcp_offload.o
  CC      drivers/base/regmap/regcache-flat.o
  CC      drivers/base/regmap/regcache-maple.o
  CC      net/core/fib_rules.o
  CC      lib/percpu-refcount.o
  CC      net/bridge/br_vlan_options.o
  CC      fs/readdir.o
  CC      net/bridge/br_mst.o
  CC      fs/select.o
  CC      kernel/bpf/cgroup.o
  AR      drivers/dax/hmem/built-in.a
  AR      drivers/dax/built-in.a
  CC      kernel/task_work.o
  CC      drivers/base/component.o
  CC      net/mptcp/diag.o
  CC      net/ipv6/exthdrs.o
  CC      drivers/base/regmap/regmap-debugfs.o
  CC      net/core/selftests.o
  CC      lib/rhashtable.o
  CC      net/ipv4/tcp_plb.o
  CC [M]  net/netfilter/nft_immediate.o
  CC      kernel/bpf/reuseport_array.o
  AR      drivers/cxl/core/built-in.a
  AR      drivers/cxl/built-in.a
  CC      net/bridge/br_switchdev.o
  CC      drivers/base/regmap/regmap-mmio.o
  CC      net/mptcp/mib.o
  CC      net/ipv6/datagram.o
  CC      kernel/extable.o
  CC      lib/base64.o
  CC [M]  net/netfilter/nft_cmp.o
  CC      fs/dcache.o
  CC      lib/once.o
  CC      net/core/lwtunnel.o
  CC      net/mptcp/pm_netlink.o
  AR      drivers/base/regmap/built-in.a
  CC      net/ipv4/datagram.o
  CC      drivers/base/core.o
  CC      kernel/bpf/bpf_struct_ops.o
  AR      drivers/macintosh/built-in.a
  CC      kernel/bpf/cpumask.o
  CC      kernel/params.o
  CC      lib/refcount.o
  CC      fs/inode.o
  CC      kernel/kthread.o
  AR      net/bridge/built-in.a
  CC      net/core/dst_cache.o
  CC      lib/rcuref.o
  CC      net/mptcp/sockopt.o
  CC      lib/usercopy.o
  CC [M]  net/netfilter/nft_range.o
  CC      net/ipv6/ip6_flowlabel.o
  CC      net/ipv4/raw.o
  CC      drivers/base/bus.o
  CC      lib/errseq.o
  AR      drivers/scsi/built-in.a
  CC      fs/attr.o
  CC      lib/bucket_locks.o
  CC      kernel/sys_ni.o
  CC      net/mptcp/pm_userspace.o
  CC [M]  net/netfilter/nft_bitwise.o
  CC      kernel/bpf/crypto.o
  CC      lib/generic-radix-tree.o
  CC      kernel/bpf/relo_core.o
  CC      net/core/gro_cells.o
  CC      kernel/bpf/btf_iter.o
  CC      net/core/skmsg.o
  CC      net/ipv6/inet6_connection_sock.o
  CC      lib/bitmap-str.o
  CC      fs/bad_inode.o
  AR      drivers/nvme/common/built-in.a
  AR      drivers/nvme/host/built-in.a
  AR      drivers/nvme/target/built-in.a
  AR      drivers/nvme/built-in.a
  CC      net/ipv4/udp.o
  CC [M]  net/netfilter/nft_byteorder.o
  CC      net/mptcp/fastopen.o
  CC      kernel/nsproxy.o
  CC      net/core/sock_map.o
  CC      lib/string_helpers.o
  CC      drivers/base/dd.o
  CC      fs/file.o
  CC      fs/filesystems.o
  CC      drivers/mtd/parsers/ofpart_core.o
  CC      net/ipv4/udplite.o
  CC      drivers/mtd/mtdsplit/mtdsplit.o
  CC      kernel/bpf/btf_relocate.o
  CC      net/ipv6/udp_offload.o
  CC      drivers/mtd/chips/chipreg.o
  AR      drivers/mtd/parsers/built-in.a
  CC      kernel/notifier.o
  CC      net/core/bpf_sk_storage.o
  CC [M]  net/netfilter/nft_payload.o
  CC      lib/hexdump.o
  CC      fs/namespace.o
  CC      drivers/mtd/mtdsplit/mtdsplit_bcm63xx.o
  CC      net/mptcp/sched.o
  CC      drivers/base/syscore.o
  CC      lib/kstrtox.o
  CC      net/mptcp/mptcp_pm_gen.o
  CC      drivers/mtd/chips/cfi_probe.o
  CC      lib/debug_info.o
  AR      kernel/bpf/built-in.a
  CC      drivers/spi/spi.o
  CC      kernel/ksysfs.o
  CC      drivers/mtd/mtdsplit/mtdsplit_bcm_wfi.o
  CC      net/ipv6/seg6.o
  AR      drivers/mtd/lpddr/built-in.a
  CC [M]  net/netfilter/nft_lookup.o
  CC      drivers/base/driver.o
  CC      net/mptcp/syncookies.o
  CC      drivers/mtd/chips/cfi_util.o
  CC      net/ipv4/udp_offload.o
  AR      drivers/net/phy/mediatek/built-in.a
  AR      drivers/net/phy/qcom/built-in.a
  AR      drivers/net/phy/rtl8261n/built-in.a
  CC      drivers/net/phy/mdio-boardinfo.o
  CC      kernel/cred.o
  CC      net/ipv4/arp.o
  CC      drivers/base/class.o
  CC      net/core/of_net.o
  AR      drivers/net/pse-pd/built-in.a
  CC      net/ipv6/fib6_notifier.o
  CC      drivers/mtd/mtdsplit/mtdsplit_squashfs.o
  CC      drivers/mtd/chips/cfi_cmdset_0020.o
  CC      lib/iomap.o
  CC [M]  net/netfilter/nft_dynset.o
  CC      drivers/mtd/maps/map_funcs.o
  CC      drivers/base/platform.o
  CC      net/mptcp/bpf.o
  CC      kernel/reboot.o
  AR      drivers/mtd/maps/built-in.a
  AR      drivers/mtd/devices/built-in.a
  AR      drivers/mtd/nand/onenand/built-in.a
  AR      drivers/mtd/nand/raw/ingenic/built-in.a
  CC      drivers/net/phy/stubs.o
  AR      net/core/built-in.a
  CC      drivers/mtd/nand/raw/brcmnand/bcm6368_nand.o
  AR      drivers/mtd/tests/built-in.a
  CC      kernel/async.o
  CC      lib/iomap_copy.o
  AR      drivers/mtd/mtdsplit/built-in.a
  CC      drivers/spi/spi-mem.o
  CC      fs/seq_file.o
  CC      lib/devres.o
  CC      lib/hweight.o
  AR      drivers/firewire/built-in.a
  CC      drivers/net/mdio/fwnode_mdio.o
  CC      drivers/mtd/chips/cfi_cmdset_0002.o
  CC      net/ipv6/rpl.o
  CC      drivers/mtd/nand/raw/brcmnand/brcmnand.o
  CC      kernel/range.o
  CC [M]  net/netfilter/nft_meta.o
  CC      net/ipv4/icmp.o
  CC      drivers/base/cpu.o
  CC      drivers/net/phy/mdio_devres.o
  CC      lib/assoc_array.o
  CC      drivers/mtd/chips/cfi_cmdset_0001.o
  CC      kernel/smpboot.o
  CC      drivers/spi/spi-bcm63xx.o
  AR      drivers/mtd/nand/spi/built-in.a
  CC      drivers/mtd/nand/raw/nand_base.o
  AR      net/mptcp/built-in.a
  AR      drivers/mtd/spi-nor/controllers/built-in.a
  CC      drivers/mtd/spi-nor/core.o
  AR      drivers/net/pcs/built-in.a
  AR      drivers/cdrom/built-in.a
  CC      drivers/net/mdio/of_mdio.o
  CC      net/ipv6/ioam6.o
  CC      drivers/base/firmware.o
  CC      fs/xattr.o
  CC      drivers/net/phy/phylink.o
  CC      lib/list_debug.o
  CC      kernel/ucount.o
  CC      drivers/spi/spi-bcm63xx-hsspi.o
  CC [M]  net/netfilter/nft_rt.o
  CC      drivers/base/init.o
  CC      lib/bitrev.o
  CC      net/ipv4/devinet.o
  CC      drivers/mtd/nand/raw/nand_legacy.o
  CC      lib/crc16.o
  CC      drivers/net/mdio/mdio-mux.o
  CC      kernel/regset.o
  CC      net/ipv4/af_inet.o
  CC      drivers/mtd/chips/gen_probe.o
  AR      drivers/spi/built-in.a
  CC      drivers/mtd/nand/core.o
  CC      net/ipv4/igmp.o
  CC      drivers/base/map.o
  CC      kernel/ksyms_common.o
  CC      fs/libfs.o
  HOSTCC  lib/gen_crc32table
  CC [M]  net/netfilter/nft_exthdr.o
  CC      lib/xxhash.o
  AR      drivers/mtd/nand/raw/brcmnand/built-in.a
  CC      drivers/mtd/chips/jedec_probe.o
  CC      net/ipv6/sysctl_net_ipv6.o
  CC      drivers/net/mdio/mdio-mux-bcm6368.o
  CC      drivers/mtd/spi-nor/sfdp.o
  CC      drivers/base/devres.o
  CC      drivers/base/attribute_container.o
  CC      kernel/groups.o
  CC      drivers/mtd/ubi/vtbl.o
  AR      drivers/mtd/chips/built-in.a
  CC      drivers/mtd/nand/bbt.o
  CC      drivers/net/phy/phy.o
  CC      lib/genalloc.o
  AR      drivers/net/mdio/built-in.a
  AR      drivers/auxdisplay/built-in.a
  CC      drivers/net/dsa/b53/b53_common.o
  CC      net/ipv4/fib_frontend.o
  CC      net/ipv6/ip6mr.o
  CC      drivers/base/transport_class.o
  CC      fs/fs-writeback.o
  CC      drivers/mtd/spi-nor/swp.o
  CC      kernel/smp.o
  CC      drivers/mtd/nand/raw/nand_bbt.o
  CC [M]  net/netfilter/nft_last.o
  CC      lib/textsearch.o
  AR      drivers/mtd/composite/built-in.a
  CC      drivers/mtd/ubi/vmt.o
  CC      drivers/net/phy/phy-c45.o
  CC      drivers/base/topology.o
  AR      drivers/net/ethernet/3com/built-in.a
  AR      drivers/net/ethernet/8390/built-in.a
  AR      drivers/net/ethernet/adaptec/built-in.a
  AR      drivers/net/ethernet/adi/built-in.a
  AR      drivers/net/ethernet/agere/built-in.a
  AR      drivers/net/ethernet/alacritech/built-in.a
  AR      drivers/net/ethernet/alteon/built-in.a
  AR      drivers/net/ethernet/amazon/built-in.a
  AR      drivers/net/ethernet/amd/built-in.a
  AR      drivers/net/ethernet/aquantia/built-in.a
  AR      drivers/net/ethernet/arc/built-in.a
  AR      drivers/net/ethernet/atheros/built-in.a
  CC      drivers/base/container.o
  AR      drivers/net/ethernet/cadence/built-in.a
  CC      drivers/net/ethernet/broadcom/bcm6368-enetsw.o
  CC      lib/percpu_counter.o
  CC      drivers/mtd/spi-nor/otp.o
  CC      kernel/kallsyms.o
  CC      drivers/mtd/nand/ecc.o
  CC      drivers/mtd/ubi/upd.o
  CC      drivers/mtd/nand/raw/nand_timings.o
  CC      lib/syscall.o
  CC [M]  net/netfilter/nft_counter.o
  CC      drivers/base/property.o
  CC      drivers/net/dsa/b53/b53_spi.o
  AR      drivers/net/dsa/hirschmann/built-in.a
  CC      fs/pnode.o
  CC      drivers/mtd/nand/raw/nand_ids.o
  CC      net/ipv4/fib_semantics.o
  CC      lib/errname.o
  CC      drivers/mtd/mtdcore.o
  CC      drivers/net/phy/phy-core.o
  CC      drivers/mtd/spi-nor/sysfs.o
  AR      drivers/net/wireless/virtual/built-in.a
  AR      drivers/net/wireless/built-in.a
  CC      drivers/mtd/mtdsuper.o
  CC      lib/nlattr.o
  CC      drivers/mtd/ubi/build.o
  AR      drivers/net/ethernet/broadcom/built-in.a
  AR      drivers/net/ethernet/brocade/built-in.a
  AR      drivers/net/ethernet/cavium/common/built-in.a
  AR      drivers/net/ethernet/cavium/thunder/built-in.a
  AR      drivers/net/ethernet/cavium/liquidio/built-in.a
  AR      drivers/net/ethernet/cavium/octeon/built-in.a
  AR      drivers/net/ethernet/cavium/built-in.a
  AR      drivers/net/ethernet/chelsio/built-in.a
  AR      drivers/net/ethernet/cisco/built-in.a
  AR      drivers/net/ethernet/cortina/built-in.a
  AR      drivers/net/ethernet/dec/built-in.a
  AR      drivers/net/ethernet/dlink/built-in.a
  AR      drivers/net/ethernet/emulex/built-in.a
  AR      drivers/net/ethernet/ezchip/built-in.a
  AR      drivers/net/ethernet/google/built-in.a
  AR      drivers/net/ethernet/huawei/built-in.a
  AR      drivers/net/ethernet/intel/built-in.a
  AR      drivers/net/ethernet/i825xx/built-in.a
  CC      kernel/utsname.o
  AR      drivers/net/ethernet/marvell/octeon_ep/built-in.a
  AR      drivers/net/ethernet/marvell/octeon_ep_vf/built-in.a
  AR      drivers/net/ethernet/marvell/octeontx2/built-in.a
  CC      drivers/mtd/nand/raw/nand_onfi.o
  AR      drivers/net/ethernet/marvell/prestera/built-in.a
  AR      drivers/net/ethernet/marvell/built-in.a
  AR      drivers/net/ethernet/mellanox/built-in.a
  AR      drivers/net/ethernet/meta/built-in.a
  AR      drivers/net/ethernet/micrel/built-in.a
  CC [M]  net/netfilter/nft_objref.o
  AR      drivers/net/ethernet/microchip/built-in.a
  AR      drivers/net/ethernet/mscc/built-in.a
  AR      drivers/net/ethernet/myricom/built-in.a
  CC      fs/splice.o
  AR      drivers/net/ethernet/natsemi/built-in.a
  AR      drivers/net/ethernet/neterion/built-in.a
  CC      drivers/mtd/spi-nor/atmel.o
  AR      drivers/net/ethernet/netronome/built-in.a
  AR      drivers/net/ethernet/ni/built-in.a
  AR      drivers/net/ethernet/nvidia/built-in.a
  CC      net/ipv4/fib_trie.o
  AR      drivers/net/ethernet/oki-semi/built-in.a
  AR      drivers/net/ethernet/packetengines/built-in.a
  AR      drivers/net/ethernet/qlogic/built-in.a
  AR      drivers/net/ethernet/qualcomm/emac/built-in.a
  AR      drivers/net/ethernet/qualcomm/built-in.a
  AR      drivers/net/ethernet/realtek/built-in.a
  CC      drivers/usb/phy/of.o
  AR      drivers/net/ethernet/renesas/built-in.a
  AR      drivers/net/ethernet/rdc/built-in.a
  AR      drivers/net/ethernet/rocker/built-in.a
  AR      drivers/net/ethernet/samsung/built-in.a
  AR      drivers/net/ethernet/seeq/built-in.a
  CC      net/ipv6/netfilter.o
  AR      drivers/net/ethernet/silan/built-in.a
  AR      drivers/net/ethernet/sis/built-in.a
  AR      drivers/net/ethernet/sfc/built-in.a
  AR      drivers/net/ethernet/smsc/built-in.a
  AR      drivers/net/ethernet/socionext/built-in.a
  AR      drivers/net/ethernet/stmicro/built-in.a
  AR      drivers/net/ethernet/sun/built-in.a
  CC      drivers/net/phy/phy_device.o
  AR      drivers/net/ethernet/tehuti/built-in.a
  AR      drivers/net/ethernet/ti/built-in.a
  CC      drivers/mtd/ubi/cdev.o
  AR      drivers/net/ethernet/toshiba/built-in.a
  AR      drivers/net/ethernet/via/built-in.a
  CC      drivers/base/cacheinfo.o
  AR      drivers/net/ethernet/wiznet/built-in.a
  AR      drivers/net/ethernet/xilinx/built-in.a
  AR      drivers/net/ethernet/synopsys/built-in.a
  CC      kernel/user_namespace.o
  AR      drivers/net/ethernet/pensando/built-in.a
  AR      drivers/net/ethernet/built-in.a
  CC      drivers/mtd/nand/raw/nand_jedec.o
  CC      lib/atomic64.o
  CC      drivers/net/dsa/b53/b53_mdio.o
  CC [M]  net/netfilter/nft_inner.o
  CC      drivers/mtd/spi-nor/eon.o
  CC      lib/cpu_rmap.o
  AR      drivers/usb/phy/built-in.a
  CC      drivers/usb/host/pci-quirks.o
  CC      drivers/mtd/nand/raw/nand_amd.o
  CC      drivers/mtd/mtdconcat.o
  CC      drivers/mtd/spi-nor/esmt.o
  CC [M]  net/netfilter/nft_chain_route.o
  CC      drivers/mtd/ubi/kapi.o
  CC      drivers/base/swnode.o
  CC      lib/dynamic_queue_limits.o
  CC      fs/sync.o
  CC      drivers/mtd/nand/raw/nand_esmt.o
  CC      kernel/pid_namespace.o
  CC [M]  drivers/net/ppp/ppp_generic.o
  CC      drivers/net/dsa/b53/b53_mmap.o
  CC [M]  drivers/usb/host/xhci.o
  CC [M]  drivers/net/ppp/ppp_async.o
  CC      drivers/mtd/spi-nor/everspin.o
  CC      net/ipv6/fib6_rules.o
  CC      drivers/mtd/ubi/eba.o
  CC      drivers/mtd/nand/ecc-sw-hamming.o
  CC      drivers/mtd/nand/raw/nand_hynix.o
  CC      net/ipv4/fib_notifier.o
  CC      fs/utimes.o
  CC      drivers/mtd/spi-nor/gigadevice.o
  CC      drivers/net/phy/linkmode.o
  CC      kernel/stop_machine.o
  CC      drivers/base/faux.o
  CC      lib/net_utils.o
  CC      drivers/rtc/lib.o
  CC [M]  net/netfilter/nf_tables_offload.o
  CC [M]  drivers/usb/common/common.o
  AR      drivers/net/dsa/b53/built-in.a
  AR      drivers/net/dsa/microchip/built-in.a
  AR      drivers/net/dsa/mv88e6xxx/built-in.a
  AR      drivers/net/dsa/mxl862xx/built-in.a
  CC      drivers/mtd/spi-nor/intel.o
  AR      drivers/net/dsa/ocelot/built-in.a
  AR      drivers/net/dsa/qca/built-in.a
  CC      drivers/base/module.o
  AR      drivers/net/dsa/realtek/built-in.a
  CC      net/ipv6/proc.o
  AR      drivers/net/dsa/sja1105/built-in.a
  AR      drivers/net/dsa/xrs700x/built-in.a
  AR      drivers/net/dsa/built-in.a
  CC      net/ipv6/syncookies.o
  CC      drivers/net/phy/phy_link_topology.o
  CC      fs/d_path.o
  CC      drivers/mtd/nand/raw/nand_macronix.o
  CC      kernel/seccomp.o
  CC      lib/sbitmap.o
  CC      drivers/mtd/ubi/io.o
  CC      net/ipv4/inet_fragment.o
  CC      drivers/rtc/class.o
  CC      drivers/base/pinctrl.o
  CC      drivers/mtd/spi-nor/issi.o
  CC      drivers/mtd/nand/raw/nand_micron.o
  CC [M]  drivers/net/ppp/pppox.o
  LD [M]  drivers/usb/common/usb-common.o
  CC      drivers/rtc/interface.o
  CC [M]  drivers/usb/host/xhci-mem.o
  CC      drivers/net/phy/mdio_bus.o
  AR      drivers/base/built-in.a
  CC      drivers/mtd/mtdpart.o
  CC      fs/stack.o
  CC      drivers/mtd/ubi/wl.o
  CC [M]  drivers/usb/host/xhci-ext-caps.o
  CC      drivers/mtd/spi-nor/macronix.o
  CC [M]  drivers/net/slip/slhc.o
  CC      net/ipv6/seg6_iptunnel.o
  CC [M]  net/netfilter/nft_set_hash.o
  CC      lib/group_cpus.o
  CC      drivers/mtd/nand/raw/nand_sandisk.o
  CC      fs/fs_struct.o
  CC      drivers/rtc/dev.o
  CC [M]  drivers/net/ppp/pppoe.o
  CC      lib/ashldi3.o
  CC      net/ipv6/seg6_local.o
  CC      drivers/mtd/spi-nor/micron-st.o
  CC      net/ipv4/ping.o
  CC      drivers/mtd/nand/raw/nand_samsung.o
  CC      net/ipv6/addrconf_core.o
  CC      kernel/relay.o
  CC      lib/ashrdi3.o
  CC      lib/lshrdi3.o
  CC      drivers/net/phy/mdio_device.o
  CC      drivers/mtd/ubi/attach.o
  CC      drivers/rtc/proc.o
  CC      drivers/mtd/nand/raw/nand_toshiba.o
  CC      drivers/mtd/spi-nor/spansion.o
  CC      fs/statfs.o
  CC      lib/cmpdi2.o
  CC      lib/ucmpdi2.o
  CC [M]  drivers/usb/host/xhci-ring.o
  CC [M]  net/netfilter/nft_set_bitmap.o
  CC [M]  net/netfilter/nft_set_rbtree.o
  CC      drivers/rtc/sysfs.o
  AR      drivers/mtd/nand/raw/built-in.a
  CC      kernel/utsname_sysctl.o
  CC [M]  drivers/usb/core/usb.o
  AR      drivers/mtd/nand/built-in.a
  CC      drivers/net/phy/swphy.o
  CC      net/ipv4/ip_tunnel_core.o
  CC      drivers/mtd/ubi/misc.o
  CC [M]  lib/crc-ccitt.o
  CC      drivers/mtd/spi-nor/sst.o
  CC      fs/fs_pin.o
  CC      kernel/irq_work.o
  CC [M]  drivers/usb/host/xhci-hub.o
  CC [M]  net/netfilter/nft_set_pipapo.o
  CC      drivers/rtc/rtc-mc146818-lib.o
  CC      fs/nsfs.o
  CC      drivers/mtd/ubi/debug.o
  CC [M]  lib/libcrc32c.o
  CC      drivers/mtd/mtdchar.o
  CC [M]  drivers/usb/core/hub.o
  CC      drivers/net/phy/fixed_phy.o
  CC      net/ipv6/exthdrs_core.o
  AR      drivers/i2c/algos/built-in.a
  CC      drivers/mtd/spi-nor/winbond.o
  AR      drivers/i2c/busses/built-in.a
  AR      drivers/i2c/muxes/built-in.a
  CC      drivers/i2c/i2c-boardinfo.o
  CC      kernel/padata.o
  CC      drivers/rtc/rtc-cmos.o
  CC      kernel/jump_label.o
  AR      lib/lib.a
  GEN     lib/crc32table.h
  CC      lib/crc32.o
  CC      drivers/mtd/ubi/block.o
  CC [M]  drivers/i2c/i2c-core-base.o
  CC      fs/fs_types.o
  CC      net/ipv4/gre_offload.o
  AR      lib/built-in.a
  CC      drivers/mtd/spi-nor/xmc.o
  CC      drivers/mtd/spi-nor/xtx.o
  CC [M]  drivers/rtc/rtc-pcf8563.o
  CC      net/ipv6/ip6_checksum.o
  CC [M]  drivers/usb/host/xhci-dbg.o
  CC      drivers/mtd/mtd_blkdevs.o
  CC      drivers/net/loopback.o
  CC [M]  drivers/net/phy/air_en8811h.o
  CC      fs/fs_context.o
  CC      drivers/mtd/spi-nor/debugfs.o
  CC      kernel/context_tracking.o
  AR      drivers/mtd/ubi/built-in.a
  CC      net/ipv6/ip6_icmp.o
  AR      drivers/i3c/built-in.a
  CC      net/ipv6/output_core.o
  CC [M]  net/netfilter/nft_numgen.o
  CC [M]  drivers/i2c/i2c-core-smbus.o
  CC [M]  drivers/usb/host/xhci-trace.o
  AR      drivers/rtc/built-in.a
  CC      net/ipv4/metrics.o
  CC      kernel/iomem.o
  CC      fs/fs_parser.o
  CC [M]  drivers/usb/host/xhci-debugfs.o
  CC [M]  drivers/usb/core/hcd.o
  CC      drivers/mtd/mtdblock.o
  CC [M]  drivers/usb/host/xhci-pci.o
  AR      drivers/mtd/spi-nor/built-in.a
  CC [M]  drivers/i2c/i2c-core-of.o
  CC      net/ipv4/netlink.o
  AR      drivers/net/phy/built-in.a
  AR      drivers/net/built-in.a
  CC [M]  net/netfilter/nft_ct.o
  CC      net/ipv6/protocol.o
  CC [M]  drivers/usb/core/urb.o
  CC      net/ipv6/ip6_offload.o
  CC      fs/fsopen.o
  CC [M]  drivers/usb/host/xhci-plat.o
  AR      kernel/built-in.a
  CC      net/ipv6/tcpv6_offload.o
  AR      drivers/mtd/built-in.a
  CC [M]  drivers/usb/core/message.o
  CC      net/ipv4/nexthop.o
  CC [M]  drivers/usb/core/driver.o
  CC [M]  net/netfilter/nft_flow_offload.o
  CC [M]  drivers/i2c/i2c-dev.o
  CC      net/ipv6/exthdrs_offload.o
  CC      fs/init.o
  AR      drivers/media/i2c/built-in.a
  AR      drivers/media/tuners/built-in.a
  AR      drivers/media/rc/keymaps/built-in.a
  AR      drivers/media/rc/built-in.a
  AR      drivers/media/common/b2c2/built-in.a
  CC      net/ipv6/inet6_hashtables.o
  AR      drivers/media/common/saa7146/built-in.a
  AR      drivers/media/common/siano/built-in.a
  CC [M]  drivers/usb/core/config.o
  AR      drivers/media/common/v4l2-tpg/built-in.a
  AR      drivers/media/common/videobuf2/built-in.a
  AR      drivers/media/common/built-in.a
  AR      drivers/media/platform/allegro-dvt/built-in.a
  AR      drivers/media/platform/amlogic/meson-ge2d/built-in.a
  AR      drivers/media/platform/amlogic/built-in.a
  AR      drivers/media/platform/amphion/built-in.a
  AR      drivers/media/platform/aspeed/built-in.a
  AR      drivers/media/platform/atmel/built-in.a
  AR      drivers/media/platform/broadcom/built-in.a
  AR      drivers/media/platform/cadence/built-in.a
  AR      drivers/media/platform/chips-media/coda/built-in.a
  AR      drivers/media/platform/chips-media/wave5/built-in.a
  AR      drivers/media/platform/chips-media/built-in.a
  LD [M]  drivers/usb/host/xhci-hcd.o
  AR      drivers/media/platform/imagination/built-in.a
  LD [M]  drivers/usb/host/xhci-plat-hcd.o
  AR      drivers/usb/host/built-in.a
  AR      drivers/media/platform/intel/built-in.a
  AR      drivers/media/platform/marvell/built-in.a
  CC      fs/kernel_read_file.o
  AR      drivers/media/platform/mediatek/jpeg/built-in.a
  AR      drivers/media/platform/mediatek/mdp/built-in.a
  AR      drivers/ptp/built-in.a
  CC      net/ipv4/udp_tunnel_stub.o
  CC [M]  net/netfilter/nft_limit.o
  AR      drivers/media/platform/mediatek/vcodec/common/built-in.a
  AR      drivers/media/platform/mediatek/vcodec/encoder/built-in.a
  AR      drivers/media/platform/mediatek/vcodec/decoder/built-in.a
  AR      drivers/media/platform/mediatek/vcodec/built-in.a
  AR      drivers/media/platform/mediatek/vpu/built-in.a
  AR      drivers/media/platform/mediatek/mdp3/built-in.a
  AR      drivers/media/platform/mediatek/built-in.a
  AR      drivers/media/platform/microchip/built-in.a
  AR      drivers/media/platform/nuvoton/built-in.a
  AR      drivers/media/platform/nvidia/tegra-vde/built-in.a
  AR      drivers/media/platform/nvidia/built-in.a
  AR      drivers/media/platform/nxp/dw100/built-in.a
  AR      drivers/media/platform/nxp/imx-jpeg/built-in.a
  AR      drivers/media/platform/nxp/imx8-isi/built-in.a
  AR      drivers/media/platform/nxp/built-in.a
  AR      drivers/media/platform/qcom/camss/built-in.a
  AR      drivers/media/platform/qcom/venus/built-in.a
  AR      drivers/media/platform/qcom/built-in.a
  AR      drivers/media/platform/raspberrypi/pisp_be/built-in.a
  AR      drivers/media/platform/raspberrypi/built-in.a
  AR      drivers/media/platform/renesas/rcar-vin/built-in.a
  AR      drivers/media/platform/renesas/rzg2l-cru/built-in.a
  AR      drivers/media/platform/renesas/vsp1/built-in.a
  AR      drivers/media/platform/renesas/built-in.a
  AR      drivers/media/platform/rockchip/rga/built-in.a
  AR      drivers/media/platform/rockchip/rkisp1/built-in.a
  AR      drivers/media/platform/rockchip/built-in.a
  AR      drivers/usb/built-in.a
  AR      drivers/media/platform/samsung/exynos-gsc/built-in.a
  CC      fs/mnt_idmapping.o
  AR      drivers/media/platform/samsung/exynos4-is/built-in.a
  AR      drivers/media/platform/samsung/s3c-camif/built-in.a
  LD [M]  drivers/i2c/i2c-core.o
  AR      drivers/media/platform/samsung/s5p-g2d/built-in.a
  AR      drivers/media/platform/samsung/s5p-jpeg/built-in.a
  CC      drivers/power/reset/syscon-reboot.o
  AR      drivers/media/platform/samsung/s5p-mfc/built-in.a
  AR      drivers/media/platform/samsung/built-in.a
  AR      drivers/media/platform/st/sti/bdisp/built-in.a
  AR      drivers/media/platform/st/sti/c8sectpfe/built-in.a
  CC      fs/remap_range.o
  AR      drivers/media/platform/st/sti/delta/built-in.a
  AR      drivers/media/platform/st/sti/hva/built-in.a
  AR      drivers/media/platform/st/stm32/built-in.a
  AR      drivers/media/platform/st/built-in.a
  AR      drivers/media/platform/sunxi/sun4i-csi/built-in.a
  CC      net/ipv4/sysctl_net_ipv4.o
  AR      drivers/media/platform/sunxi/sun6i-csi/built-in.a
  AR      drivers/media/platform/sunxi/sun6i-mipi-csi2/built-in.a
  AR      drivers/media/platform/sunxi/sun8i-a83t-mipi-csi2/built-in.a
  AR      drivers/media/pci/ttpci/built-in.a
  AR      drivers/media/platform/sunxi/sun8i-di/built-in.a
  AR      drivers/media/pci/b2c2/built-in.a
  AR      drivers/media/platform/sunxi/sun8i-rotate/built-in.a
  AR      drivers/media/platform/sunxi/built-in.a
  AR      drivers/media/pci/pluto2/built-in.a
  AR      drivers/media/pci/dm1105/built-in.a
  AR      drivers/media/pci/pt1/built-in.a
  AR      drivers/media/platform/ti/am437x/built-in.a
  AR      drivers/media/pci/pt3/built-in.a
  AR      drivers/media/platform/ti/cal/built-in.a
  AR      drivers/media/pci/mantis/built-in.a
  AR      drivers/media/platform/ti/vpe/built-in.a
  AR      drivers/media/pci/ngene/built-in.a
  AR      drivers/media/platform/ti/davinci/built-in.a
  AR      drivers/media/platform/ti/j721e-csi2rx/built-in.a
  AR      drivers/media/pci/ddbridge/built-in.a
  CC      drivers/power/supply/power_supply_core.o
  AR      drivers/media/platform/ti/omap/built-in.a
  AR      drivers/media/pci/saa7146/built-in.a
  AR      drivers/media/platform/ti/omap3isp/built-in.a
  AR      drivers/media/platform/ti/built-in.a
  AR      drivers/media/pci/smipcie/built-in.a
  AR      drivers/media/pci/netup_unidvb/built-in.a
  AR      drivers/media/pci/intel/ipu3/built-in.a
  AR      drivers/media/platform/verisilicon/built-in.a
  AR      drivers/i2c/built-in.a
  AR      drivers/media/pci/intel/ivsc/built-in.a
  AR      drivers/media/platform/via/built-in.a
  AR      drivers/media/pci/intel/built-in.a
  AR      drivers/media/platform/xilinx/built-in.a
  AR      drivers/thermal/broadcom/built-in.a
  AR      drivers/media/pci/built-in.a
  AR      drivers/media/platform/built-in.a
  AR      drivers/thermal/renesas/built-in.a
  CC      fs/pidfs.o
  CC      fs/proc_namespace.o
  AR      drivers/thermal/samsung/built-in.a
  CC      drivers/power/supply/power_supply_sysfs.o
  AR      drivers/thermal/intel/built-in.a
  CC      net/ipv6/mcast_snoop.o
  AR      drivers/thermal/st/built-in.a
  AR      drivers/thermal/qcom/built-in.a
  AR      drivers/media/usb/b2c2/built-in.a
  AR      drivers/thermal/tegra/built-in.a
  AR      drivers/media/usb/dvb-usb/built-in.a
  AR      drivers/thermal/mediatek/built-in.a
  CC      drivers/thermal/thermal_core.o
  AR      drivers/media/usb/dvb-usb-v2/built-in.a
  AR      drivers/media/usb/s2255/built-in.a
  AR      drivers/media/usb/siano/built-in.a
  AR      drivers/media/usb/ttusb-budget/built-in.a
  AR      drivers/media/usb/ttusb-dec/built-in.a
  AR      drivers/media/usb/built-in.a
  AR      drivers/media/mmc/siano/built-in.a
  AR      drivers/media/mmc/built-in.a
  AR      drivers/media/firewire/built-in.a
  AR      drivers/media/spi/built-in.a
  AR      drivers/media/test-drivers/built-in.a
  AR      drivers/media/built-in.a
  CC [M]  drivers/usb/core/file.o
  CC      net/ipv4/proc.o
  AR      drivers/power/reset/built-in.a
  CC [M]  drivers/usb/core/buffer.o
  CC      net/ipv4/fib_rules.o
  CC      drivers/power/supply/power_supply_leds.o
  CC      drivers/thermal/thermal_sysfs.o
  CC [M]  net/netfilter/nft_nat.o
  CC      fs/eventpoll.o
  CC      drivers/watchdog/watchdog_core.o
  AR      drivers/isdn/hardware/built-in.a
  AR      drivers/isdn/built-in.a
  CC      net/ipv4/ipmr.o
  CC      drivers/thermal/thermal_trip.o
  CC [M]  drivers/usb/core/sysfs.o
  CC      fs/anon_inodes.o
  CC [M]  net/netfilter/nft_quota.o
  AR      drivers/power/supply/built-in.a
  AR      drivers/power/built-in.a
  CC      drivers/watchdog/watchdog_dev.o
  CC      drivers/thermal/thermal_helpers.o
  AR      net/ipv6/built-in.a
  AR      drivers/mmc/built-in.a
  CC [M]  drivers/usb/core/endpoint.o
  CC [M]  net/netfilter/nft_reject.o
  CC      drivers/thermal/thermal_of.o
  CC      net/ipv4/ipmr_base.o
  CC      fs/signalfd.o
  CC      drivers/thermal/gov_step_wise.o
  CC [M]  drivers/usb/core/devio.o
  AR      drivers/ufs/built-in.a
  CC [M]  net/netfilter/nft_reject_inet.o
  CC      drivers/watchdog/bcm7038_wdt.o
  CC [M]  net/netfilter/nft_log.o
  CC      net/ipv4/syncookies.o
  AR      drivers/firmware/arm_ffa/built-in.a
  CC [M]  net/netfilter/nft_masq.o
  AR      drivers/firmware/arm_scmi/built-in.a
  AR      drivers/firmware/broadcom/built-in.a
  AR      drivers/firmware/cirrus/built-in.a
  AR      drivers/firmware/meson/built-in.a
  CC [M]  drivers/usb/core/notify.o
  CC      net/ipv4/netfilter.o
  AR      drivers/firmware/microchip/built-in.a
  AR      drivers/firmware/efi/built-in.a
  AR      drivers/firmware/imx/built-in.a
  AR      drivers/firmware/psci/built-in.a
  AR      drivers/firmware/qcom/built-in.a
  AR      drivers/firmware/smccc/built-in.a
  AR      drivers/firmware/tegra/built-in.a
  AR      drivers/firmware/xilinx/built-in.a
  AR      drivers/firmware/built-in.a
  CC [M]  drivers/usb/core/generic.o
  AR      drivers/thermal/built-in.a
  CC      fs/timerfd.o
  CC      net/ipv4/tcp_cubic.o
  CC [M]  net/netfilter/nft_redir.o
  AR      drivers/watchdog/built-in.a
  CC [M]  drivers/usb/core/quirks.o
  CC      fs/eventfd.o
  CC      net/ipv4/tcp_bpf.o
  CC      fs/aio.o
  CC [M]  net/netfilter/nft_hash.o
  AR      drivers/crypto/stm32/built-in.a
  AR      drivers/crypto/xilinx/built-in.a
  AR      drivers/clocksource/built-in.a
  AR      drivers/crypto/hisilicon/built-in.a
  CC [M]  drivers/usb/core/devices.o
  AR      drivers/crypto/intel/keembay/built-in.a
  AR      drivers/crypto/intel/ixp4xx/built-in.a
  AR      drivers/crypto/intel/built-in.a
  AR      drivers/crypto/starfive/built-in.a
  AR      drivers/crypto/built-in.a
  CC      fs/locks.o
  CC [M]  drivers/usb/core/phy.o
  CC [M]  net/netfilter/nft_fib.o
  CC      drivers/of/base.o
  CC [M]  drivers/usb/core/port.o
  CC      fs/binfmt_script.o
  CC      drivers/of/cpu.o
  AR      drivers/staging/media/built-in.a
  AR      drivers/staging/built-in.a
  CC [M]  drivers/usb/core/of.o
  CC      fs/binfmt_elf.o
  CC      drivers/of/device.o
  CC      net/ipv4/udp_bpf.o
  CC      net/ipv4/bpf_tcp_ca.o
  AR      drivers/platform/mips/built-in.a
  AR      drivers/platform/built-in.a
  CC [M]  net/netfilter/nft_fib_inet.o
  CC      fs/backing-file.o
  CC [M]  net/netfilter/nft_chain_nat.o
  CC      drivers/of/module.o
  CC      drivers/of/platform.o
  AR      drivers/hwtracing/intel_th/built-in.a
  CC      fs/posix_acl.o
  CC [M]  drivers/usb/core/hcd-pci.o
  CC      drivers/of/property.o
  CC [M]  net/netfilter/nf_flow_table_core.o
  AR      drivers/android/built-in.a
  CC      drivers/of/kobj.o
  CC      fs/coredump.o
  CC [M]  net/netfilter/nf_flow_table_ip.o
  AR      drivers/nvmem/layouts/built-in.a
  CC      drivers/nvmem/core.o
  CC      drivers/of/fdt.o
  CC [M]  drivers/hwmon/hwmon.o
  CC      fs/drop_caches.o
  LD [M]  drivers/usb/core/usbcore.o
  CC      drivers/nvmem/layouts.o
  CC [M]  net/netfilter/nf_flow_table_offload.o
  CC      fs/sysctls.o
  DTC     drivers/of/empty_root.dtb
  CC      fs/fhandle.o
  AR      net/ipv4/built-in.a
  CC [M]  net/netfilter/nf_flow_table_xdp.o
  CC      drivers/of/fdt_address.o
  CC [M]  net/netfilter/nf_flow_table_inet.o
  CC      drivers/of/address.o
  CC      drivers/of/irq.o
  CC      drivers/of/of_reserved_mem.o
  WRAP    drivers/of/empty_root.dtb.S
  AS      drivers/of/empty_root.dtb.o
  LD [M]  net/netfilter/nf_conntrack.o
  LD [M]  net/netfilter/nf_nat.o
  LD [M]  net/netfilter/nf_tables.o
  AR      net/netfilter/built-in.a
  AR      drivers/nvmem/built-in.a
  AR      fs/built-in.a
  AR      drivers/of/built-in.a
  AR      drivers/built-in.a
  LD [M]  net/netfilter/nf_flow_table.o
  AR      net/built-in.a
  AR      built-in.a
  AR      vmlinux.a
  LD      vmlinux.o
  OBJCOPY modules.builtin.modinfo
  GEN     modules.builtin
  MODPOST Module.symvers
  CC      .vmlinux.export.o
  CC [M]  fs/nls/nls_base.mod.o
  CC [M]  .module-common.o
  CC [M]  crypto/geniv.mod.o
  CC [M]  crypto/seqiv.mod.o
  CC [M]  crypto/cmac.mod.o
  CC [M]  crypto/hmac.mod.o
  CC [M]  crypto/md5.mod.o
  CC [M]  crypto/sha1_generic.mod.o
  CC [M]  crypto/sha256_generic.mod.o
  CC [M]  crypto/sha512_generic.mod.o
  CC [M]  crypto/sha3_generic.mod.o
  CC [M]  crypto/des_generic.mod.o
  CC [M]  crypto/crc32c_generic.mod.o
  CC [M]  crypto/authenc.mod.o
  CC [M]  crypto/authencesn.mod.o
  CC [M]  crypto/rng.mod.o
  CC [M]  crypto/drbg.mod.o
  CC [M]  crypto/jitterentropy_rng.mod.o
  CC [M]  lib/crypto/libdes.mod.o
  CC [M]  lib/crc-ccitt.mod.o
  CC [M]  lib/libcrc32c.mod.o
  CC [M]  drivers/leds/leds-gpio.mod.o
  CC [M]  drivers/net/phy/air_en8811h.mod.o
  CC [M]  drivers/net/ppp/ppp_generic.mod.o
  CC [M]  drivers/net/ppp/ppp_async.mod.o
  CC [M]  drivers/net/ppp/pppox.mod.o
  UPD     include/generated/utsversion.h
  CC      init/version-timestamp.o
  CC [M]  drivers/net/ppp/pppoe.mod.o
  CC [M]  drivers/net/slip/slhc.mod.o
  CC [M]  drivers/usb/host/xhci-hcd.mod.o
  CC [M]  drivers/usb/host/xhci-pci.mod.o
  KSYMS   .tmp_vmlinux0.kallsyms.S
  AS      .tmp_vmlinux0.kallsyms.o
  LD      .tmp_vmlinux1
  CC [M]  drivers/usb/host/xhci-plat-hcd.mod.o
  CC [M]  drivers/usb/common/usb-common.mod.o
  CC [M]  drivers/usb/core/usbcore.mod.o
  CC [M]  drivers/rtc/rtc-pcf8563.mod.o
  CC [M]  drivers/i2c/i2c-core.mod.o
  CC [M]  drivers/i2c/i2c-dev.mod.o
  CC [M]  drivers/hwmon/hwmon.mod.o
  CC [M]  net/netfilter/nfnetlink.mod.o
  CC [M]  net/netfilter/nf_conntrack.mod.o
  CC [M]  net/netfilter/nf_log_syslog.mod.o
  CC [M]  net/netfilter/nf_nat.mod.o
  CC [M]  net/netfilter/nf_tables.mod.o
  CC [M]  net/netfilter/nft_numgen.mod.o
  CC [M]  net/netfilter/nft_ct.mod.o
  CC [M]  net/netfilter/nft_flow_offload.mod.o
  CC [M]  net/netfilter/nft_limit.mod.o
  CC [M]  net/netfilter/nft_nat.mod.o
  CC [M]  net/netfilter/nft_quota.mod.o
  CC [M]  net/netfilter/nft_reject.mod.o
  CC [M]  net/netfilter/nft_reject_inet.mod.o
  CC [M]  net/netfilter/nft_log.mod.o
  CC [M]  net/netfilter/nft_masq.mod.o
  CC [M]  net/netfilter/nft_redir.mod.o
  CC [M]  net/netfilter/nft_hash.mod.o
  CC [M]  net/netfilter/nft_fib.mod.o
  CC [M]  net/netfilter/nft_fib_inet.mod.o
  CC [M]  net/netfilter/nft_chain_nat.mod.o
  CC [M]  net/netfilter/nf_flow_table.mod.o
  CC [M]  net/netfilter/nf_flow_table_inet.mod.o
  CC [M]  net/ipv4/netfilter/nf_defrag_ipv4.mod.o
  CC [M]  net/ipv4/netfilter/nf_reject_ipv4.mod.o
  CC [M]  net/ipv4/netfilter/nft_reject_ipv4.mod.o
  CC [M]  net/ipv4/netfilter/nft_fib_ipv4.mod.o
  CC [M]  net/ipv6/netfilter/nf_defrag_ipv6.mod.o
  CC [M]  net/ipv6/netfilter/nf_reject_ipv6.mod.o
  CC [M]  net/ipv6/netfilter/nft_reject_ipv6.mod.o
  NM      .tmp_vmlinux1.syms
  CC [M]  net/ipv6/netfilter/nft_fib_ipv6.mod.o
  LD [M]  fs/nls/nls_base.ko
  LD [M]  crypto/geniv.ko
  LD [M]  crypto/seqiv.ko
  LD [M]  crypto/cmac.ko
  LD [M]  crypto/hmac.ko
  LD [M]  crypto/md5.ko
  LD [M]  crypto/sha1_generic.ko
  LD [M]  crypto/sha256_generic.ko
  LD [M]  crypto/sha512_generic.ko
  LD [M]  crypto/sha3_generic.ko
  LD [M]  crypto/des_generic.ko
  LD [M]  crypto/crc32c_generic.ko
  LD [M]  crypto/authenc.ko
  LD [M]  crypto/rng.ko
  LD [M]  crypto/authencesn.ko
  LD [M]  crypto/drbg.ko
  LD [M]  lib/crypto/libdes.ko
  LD [M]  crypto/jitterentropy_rng.ko
  LD [M]  lib/crc-ccitt.ko
  LD [M]  lib/libcrc32c.ko
  LD [M]  drivers/leds/leds-gpio.ko
  LD [M]  drivers/net/phy/air_en8811h.ko
  LD [M]  drivers/net/ppp/ppp_generic.ko
  LD [M]  drivers/net/ppp/ppp_async.ko
  LD [M]  drivers/net/ppp/pppox.ko
  LD [M]  drivers/net/ppp/pppoe.ko
  LD [M]  drivers/net/slip/slhc.ko
  LD [M]  drivers/usb/host/xhci-hcd.ko
  LD [M]  drivers/usb/host/xhci-pci.ko
  LD [M]  drivers/usb/host/xhci-plat-hcd.ko
  LD [M]  drivers/usb/common/usb-common.ko
  LD [M]  drivers/usb/core/usbcore.ko
  LD [M]  drivers/rtc/rtc-pcf8563.ko
  LD [M]  drivers/i2c/i2c-core.ko
  LD [M]  drivers/i2c/i2c-dev.ko
  LD [M]  drivers/hwmon/hwmon.ko
  LD [M]  net/netfilter/nfnetlink.ko
  LD [M]  net/netfilter/nf_conntrack.ko
  LD [M]  net/netfilter/nf_log_syslog.ko
  LD [M]  net/netfilter/nf_nat.ko
  LD [M]  net/netfilter/nf_tables.ko
  LD [M]  net/netfilter/nft_numgen.ko
  LD [M]  net/netfilter/nft_ct.ko
  LD [M]  net/netfilter/nft_flow_offload.ko
  LD [M]  net/netfilter/nft_limit.ko
  LD [M]  net/netfilter/nft_nat.ko
  LD [M]  net/netfilter/nft_quota.ko
  LD [M]  net/netfilter/nft_reject.ko
  LD [M]  net/netfilter/nft_reject_inet.ko
  LD [M]  net/netfilter/nft_log.ko
  LD [M]  net/netfilter/nft_masq.ko
  LD [M]  net/netfilter/nft_redir.ko
  LD [M]  net/netfilter/nft_hash.ko
  LD [M]  net/netfilter/nft_fib.ko
  KSYMS   .tmp_vmlinux1.kallsyms.S
  AS      .tmp_vmlinux1.kallsyms.o
  LD [M]  net/netfilter/nft_fib_inet.ko
  LD [M]  net/netfilter/nf_flow_table_inet.ko
  LD [M]  net/netfilter/nft_chain_nat.ko
  LD [M]  net/netfilter/nf_flow_table.ko
  LD [M]  net/ipv4/netfilter/nf_defrag_ipv4.ko
  LD [M]  net/ipv6/netfilter/nf_defrag_ipv6.ko
  LD [M]  net/ipv4/netfilter/nf_reject_ipv4.ko
  LD [M]  net/ipv4/netfilter/nft_fib_ipv4.ko
  LD [M]  net/ipv4/netfilter/nft_reject_ipv4.ko
  LD [M]  net/ipv6/netfilter/nft_reject_ipv6.ko
  LD [M]  net/ipv6/netfilter/nft_fib_ipv6.ko
  LD [M]  net/ipv6/netfilter/nf_reject_ipv6.ko
  LD      .tmp_vmlinux2
make[5]: Nothing to be done for 'modules'.
  NM      .tmp_vmlinux2.syms
  KSYMS   .tmp_vmlinux2.kallsyms.S
  AS      .tmp_vmlinux2.kallsyms.o
  LD      vmlinux
  NM      System.map
  SORTTAB vmlinux
make[4]: Leaving directory '/home/mgta29/src/openwrt/build_dir/target-mips_mips32_musl/linux-bmips_bcm63268/linux-6.12.87'
# If .config did not change, use the previous timestamp to avoid package rebuilds
cmp -s /home/mgta29/src/openwrt/build_dir/target-mips_mips32_musl/linux-bmips_bcm63268/linux-6.12.87/.config /home/mgta29/src/openwrt/build_dir/target-mips_mips32_musl/linux-bmips_bcm63268/linux-6.12.87/.config.modules.save && mv /home/mgta29/src/openwrt/build_dir/target-mips_mips32_musl/linux-bmips_bcm63268/linux-6.12.87/.config.modules.save /home/mgta29/src/openwrt/build_dir/target-mips_mips32_musl/linux-bmips_bcm63268/linux-6.12.87/.config; cp -fpR /home/mgta29/src/openwrt/build_dir/target-mips_mips32_musl/linux-bmips_bcm63268/linux-6.12.87/.config /home/mgta29/src/openwrt/build_dir/target-mips_mips32_musl/linux-bmips_bcm63268/linux-6.12.87/.config.modules.save
touch /home/mgta29/src/openwrt/build_dir/target-mips_mips32_musl/linux-bmips_bcm63268/linux-6.12.87/.modules
make -C image compile TARGET_BUILD=
make[4]: Entering directory '/home/mgta29/src/openwrt/target/linux/bmips/image'
rm -rf /home/mgta29/src/openwrt/build_dir/target-mips_mips32_musl/linux-bmips_bcm63268/relocate
cp -fpR ../../generic/image/relocate /home/mgta29/src/openwrt/build_dir/target-mips_mips32_musl/linux-bmips_bcm63268
export MAKEFLAGS= ;make -w -C /home/mgta29/src/openwrt/build_dir/target-mips_mips32_musl/linux-bmips_bcm63268/relocate CACHELINE_SIZE=16 CROSS_COMPILE=mips-openwrt-linux-musl- KERNEL_ADDR=0x80010000		 LZMA_TEXT_START=0x81000000		
make[5]: Entering directory '/home/mgta29/src/openwrt/build_dir/target-mips_mips32_musl/linux-bmips_bcm63268/relocate'
mips-openwrt-linux-musl-gcc -D__KERNEL__ -Wall -Wstrict-prototypes -Wno-trigraphs -Os -fno-strict-aliasing -fno-common -fomit-frame-pointer -G 0 -mno-abicalls -fno-pic -ffunction-sections -pipe -mlong-calls -fno-common -ffreestanding -fhonour-copts -mabi=32 -march=mips32r2 -Wa,-32 -Wa,-march=mips32r2 -Wa,-mips32r2 -Wa,--trap -DCONFIG_CACHELINE_SIZE=16 -DKERNEL_ADDR=0x80010000 -D__ASSEMBLY__ -c -o head.o head.S
mips-openwrt-linux-musl-ld -static --gc-sections -no-warn-mismatch -e startup -T loader.lds -Ttext 0x81000000 -o loader head.o
mips-openwrt-linux-musl-objcopy -O binary -R .reginfo -R .note -R .comment -R .mdebug -R .MIPS.abiflags -S loader loader.bin
make[5]: Leaving directory '/home/mgta29/src/openwrt/build_dir/target-mips_mips32_musl/linux-bmips_bcm63268/relocate'
make[4]: Leaving directory '/home/mgta29/src/openwrt/target/linux/bmips/image'
make[3]: Leaving directory '/home/mgta29/src/openwrt/target/linux/bmips'
make[2]: Leaving directory '/home/mgta29/src/openwrt/target/linux'
time: target/linux/compile#1523.54#167.44#122.58
make[1]: Leaving directory '/home/mgta29/src/openwrt'
