=== meta ===
timestamp_local=2026-06-20 14:28:06 CEST
cwd=/home/mgta29/src/openwrt
command=make -j16 target/linux/install V=s
=== output ===
WARNING: Makefile 'package/feeds/video/sdl3/Makefile' has a build dependency on 'libwayland', which does not exist
make[2]: Entering directory '/home/mgta29/src/openwrt/scripts/config'
make[2]: 'conf' is up to date.
make[2]: Leaving directory '/home/mgta29/src/openwrt/scripts/config'
time: target/linux/prereq#0.07#0.03#0.15
make[1]: Entering directory '/home/mgta29/src/openwrt'
make[2]: Entering directory '/home/mgta29/src/openwrt/target/linux'
make[3]: Entering directory '/home/mgta29/src/openwrt/target/linux/bmips'
rm -f /home/mgta29/src/openwrt/build_dir/target-mips_mips32_musl/linux-bmips_bcm63268/linux-6.12.93/localversion
/home/mgta29/src/openwrt/scripts/kconfig.pl  + + /home/mgta29/src/openwrt/target/linux/generic/config-6.12 /home/mgta29/src/openwrt/target/linux/bmips/config-6.12 /home/mgta29/src/openwrt/target/linux/bmips/bcm63268/config-6.12 > /home/mgta29/src/openwrt/build_dir/target-mips_mips32_musl/linux-bmips_bcm63268/linux-6.12.93/.config.target
awk '/^(#[[:space:]]+)?CONFIG_KERNEL/{sub("CONFIG_KERNEL_","CONFIG_");print}' /home/mgta29/src/openwrt/.config >> /home/mgta29/src/openwrt/build_dir/target-mips_mips32_musl/linux-bmips_bcm63268/linux-6.12.93/.config.target
echo "# CONFIG_KALLSYMS_EXTRA_PASS is not set" >> /home/mgta29/src/openwrt/build_dir/target-mips_mips32_musl/linux-bmips_bcm63268/linux-6.12.93/.config.target
echo "# CONFIG_KALLSYMS_ALL is not set" >> /home/mgta29/src/openwrt/build_dir/target-mips_mips32_musl/linux-bmips_bcm63268/linux-6.12.93/.config.target
echo "CONFIG_KALLSYMS_UNCOMPRESSED=y" >> /home/mgta29/src/openwrt/build_dir/target-mips_mips32_musl/linux-bmips_bcm63268/linux-6.12.93/.config.target
/home/mgta29/src/openwrt/scripts/package-metadata.pl kconfig /home/mgta29/src/openwrt/tmp/.packageinfo /home/mgta29/src/openwrt/.config 6.12 > /home/mgta29/src/openwrt/build_dir/target-mips_mips32_musl/linux-bmips_bcm63268/linux-6.12.93/.config.override
/home/mgta29/src/openwrt/scripts/kconfig.pl 'm+' '+' /home/mgta29/src/openwrt/build_dir/target-mips_mips32_musl/linux-bmips_bcm63268/linux-6.12.93/.config.target /dev/null /home/mgta29/src/openwrt/build_dir/target-mips_mips32_musl/linux-bmips_bcm63268/linux-6.12.93/.config.override > /home/mgta29/src/openwrt/build_dir/target-mips_mips32_musl/linux-bmips_bcm63268/linux-6.12.93/.config.set
mv /home/mgta29/src/openwrt/build_dir/target-mips_mips32_musl/linux-bmips_bcm63268/linux-6.12.93/.config.set /home/mgta29/src/openwrt/build_dir/target-mips_mips32_musl/linux-bmips_bcm63268/linux-6.12.93/.config.old
grep -v INITRAMFS /home/mgta29/src/openwrt/build_dir/target-mips_mips32_musl/linux-bmips_bcm63268/linux-6.12.93/.config.old > /home/mgta29/src/openwrt/build_dir/target-mips_mips32_musl/linux-bmips_bcm63268/linux-6.12.93/.config.set
echo 'CONFIG_INITRAMFS_SOURCE=""' >> /home/mgta29/src/openwrt/build_dir/target-mips_mips32_musl/linux-bmips_bcm63268/linux-6.12.93/.config.set
echo '# CONFIG_INITRAMFS_FORCE is not set' >> /home/mgta29/src/openwrt/build_dir/target-mips_mips32_musl/linux-bmips_bcm63268/linux-6.12.93/.config.set
echo "# CONFIG_INITRAMFS_PRESERVE_MTIME is not set" >> /home/mgta29/src/openwrt/build_dir/target-mips_mips32_musl/linux-bmips_bcm63268/linux-6.12.93/.config.set
rm -rf /home/mgta29/src/openwrt/build_dir/target-mips_mips32_musl/linux-bmips_bcm63268/modules
cmp -s /home/mgta29/src/openwrt/build_dir/target-mips_mips32_musl/linux-bmips_bcm63268/linux-6.12.93/.config.set /home/mgta29/src/openwrt/build_dir/target-mips_mips32_musl/linux-bmips_bcm63268/linux-6.12.93/.config.prev || { cp /home/mgta29/src/openwrt/build_dir/target-mips_mips32_musl/linux-bmips_bcm63268/linux-6.12.93/.config.set /home/mgta29/src/openwrt/build_dir/target-mips_mips32_musl/linux-bmips_bcm63268/linux-6.12.93/.config; cp /home/mgta29/src/openwrt/build_dir/target-mips_mips32_musl/linux-bmips_bcm63268/linux-6.12.93/.config.set /home/mgta29/src/openwrt/build_dir/target-mips_mips32_musl/linux-bmips_bcm63268/linux-6.12.93/.config.prev; }
export MAKEFLAGS= ; [ -d /home/mgta29/src/openwrt/build_dir/target-mips_mips32_musl/linux-bmips_bcm63268/linux-6.12.93/user_headers ] || make -C /home/mgta29/src/openwrt/build_dir/target-mips_mips32_musl/linux-bmips_bcm63268/linux-6.12.93 KCFLAGS="-fmacro-prefix-map=/home/mgta29/src/openwrt/build_dir/target-mips_mips32_musl=target-mips_mips32_musl -fno-caller-saves " HOSTCFLAGS="-O2 -I/home/mgta29/src/openwrt/staging_dir/host/include -Wall -Wmissing-prototypes -Wstrict-prototypes" CROSS_COMPILE="mips-openwrt-linux-musl-" ARCH="mips" KBUILD_HAVE_NLS=no KBUILD_BUILD_USER="" KBUILD_BUILD_HOST="" KBUILD_BUILD_TIMESTAMP="Tue Jun 16 18:36:39 2026" KBUILD_BUILD_VERSION="0" KBUILD_HOSTLDFLAGS="-L/home/mgta29/src/openwrt/staging_dir/host/lib" CONFIG_SHELL="bash" V=''  cmd_syscalls=  CC="mips-openwrt-linux-musl-gcc" KERNELRELEASE=6.12.93  INSTALL_HDR_PATH=/home/mgta29/src/openwrt/build_dir/target-mips_mips32_musl/linux-bmips_bcm63268/linux-6.12.93/user_headers headers_install
make[4]: Entering directory '/home/mgta29/src/openwrt/build_dir/target-mips_mips32_musl/linux-bmips_bcm63268/linux-6.12.93'
  HOSTCC  scripts/basic/fixdep
  HOSTCC  scripts/unifdef
  WRAP    arch/mips/include/generated/uapi/asm/kvm_para.h
  WRAP    arch/mips/include/generated/uapi/asm/bpf_perf_event.h
  WRAP    arch/mips/include/generated/uapi/asm/ipcbuf.h
  SYSHDR  arch/mips/include/generated/uapi/asm/unistd_n32.h
  SYSHDR  arch/mips/include/generated/uapi/asm/unistd_n64.h
  SYSHDR  arch/mips/include/generated/uapi/asm/unistd_o32.h
  SYSTBL  arch/mips/include/generated/asm/syscall_table_n32.h
  SYSTBL  arch/mips/include/generated/asm/syscall_table_n64.h
  SYSTBL  arch/mips/include/generated/asm/syscall_table_o32.h
  SYSNR   arch/mips/include/generated/asm/unistd_nr_n32.h
  SYSNR   arch/mips/include/generated/asm/unistd_nr_n64.h
  SYSNR   arch/mips/include/generated/asm/unistd_nr_o32.h
  HOSTCC  arch/mips/tools/elf-entry
  HOSTCC  arch/mips/boot/tools/relocs_32.o
  HOSTCC  arch/mips/boot/tools/relocs_64.o
  HOSTCC  arch/mips/boot/tools/relocs_main.o
  HOSTLD  arch/mips/boot/tools/relocs
  UPD     include/generated/uapi/linux/version.h
  HDRINST usr/include/asm-generic/kvm_para.h
  HDRINST usr/include/asm-generic/setup.h
  HDRINST usr/include/asm-generic/signal-defs.h
  HDRINST usr/include/asm-generic/types.h
  HDRINST usr/include/asm-generic/mman-common.h
  HDRINST usr/include/asm-generic/swab.h
  HDRINST usr/include/asm-generic/unistd.h
  HDRINST usr/include/asm-generic/ioctls.h
  HDRINST usr/include/asm-generic/posix_types.h
  HDRINST usr/include/asm-generic/siginfo.h
  HDRINST usr/include/asm-generic/poll.h
  HDRINST usr/include/asm-generic/statfs.h
  HDRINST usr/include/asm-generic/ipcbuf.h
  HDRINST usr/include/asm-generic/resource.h
  HDRINST usr/include/asm-generic/socket.h
  HDRINST usr/include/asm-generic/fcntl.h
  HDRINST usr/include/asm-generic/ioctl.h
  HDRINST usr/include/asm-generic/int-ll64.h
  HDRINST usr/include/asm-generic/sockios.h
  HDRINST usr/include/asm-generic/sembuf.h
  HDRINST usr/include/asm-generic/termbits.h
  HDRINST usr/include/asm-generic/shmbuf.h
  HDRINST usr/include/asm-generic/errno-base.h
  HDRINST usr/include/asm-generic/msgbuf.h
  HDRINST usr/include/asm-generic/auxvec.h
  HDRINST usr/include/asm-generic/termios.h
  HDRINST usr/include/asm-generic/param.h
  HDRINST usr/include/asm-generic/ucontext.h
  HDRINST usr/include/asm-generic/mman.h
  HDRINST usr/include/asm-generic/signal.h
  HDRINST usr/include/asm-generic/int-l64.h
  HDRINST usr/include/asm-generic/termbits-common.h
  HDRINST usr/include/asm-generic/errno.h
  HDRINST usr/include/asm-generic/bpf_perf_event.h
  HDRINST usr/include/asm-generic/bitsperlong.h
  HDRINST usr/include/asm-generic/hugetlb_encode.h
  HDRINST usr/include/asm-generic/stat.h
  HDRINST usr/include/drm/msm_drm.h
  HDRINST usr/include/drm/pvr_drm.h
  HDRINST usr/include/drm/vgem_drm.h
  HDRINST usr/include/drm/drm_sarea.h
  HDRINST usr/include/drm/i915_drm.h
  HDRINST usr/include/drm/omap_drm.h
  HDRINST usr/include/drm/drm_mode.h
  HDRINST usr/include/drm/drm.h
  HDRINST usr/include/drm/exynos_drm.h
  HDRINST usr/include/drm/drm_fourcc.h
  HDRINST usr/include/drm/lima_drm.h
  HDRINST usr/include/drm/tegra_drm.h
  HDRINST usr/include/drm/vmwgfx_drm.h
  HDRINST usr/include/drm/panthor_drm.h
  HDRINST usr/include/drm/nouveau_drm.h
  HDRINST usr/include/drm/amdgpu_drm.h
  HDRINST usr/include/drm/habanalabs_accel.h
  HDRINST usr/include/drm/qaic_accel.h
  HDRINST usr/include/drm/virtgpu_drm.h
  HDRINST usr/include/drm/panfrost_drm.h
  HDRINST usr/include/drm/vc4_drm.h
  HDRINST usr/include/drm/ivpu_accel.h
  HDRINST usr/include/drm/v3d_drm.h
  HDRINST usr/include/drm/etnaviv_drm.h
  HDRINST usr/include/drm/armada_drm.h
  HDRINST usr/include/drm/radeon_drm.h
  HDRINST usr/include/drm/xe_drm.h
  HDRINST usr/include/drm/qxl_drm.h
  HDRINST usr/include/linux/kexec.h
  HDRINST usr/include/linux/keyboard.h
  HDRINST usr/include/linux/vboxguest.h
  HDRINST usr/include/linux/posix_acl_xattr.h
  HDRINST usr/include/linux/ioam6.h
  HDRINST usr/include/linux/netfilter_bridge/ebt_mark_t.h
  HDRINST usr/include/linux/netfilter_bridge/ebt_802_3.h
  HDRINST usr/include/linux/netfilter_bridge/ebt_ip6.h
  HDRINST usr/include/linux/netfilter_bridge/ebt_pkttype.h
  HDRINST usr/include/linux/netfilter_bridge/ebt_nflog.h
  HDRINST usr/include/linux/netfilter_bridge/ebt_arp.h
  HDRINST usr/include/linux/netfilter_bridge/ebt_mark_m.h
  HDRINST usr/include/linux/netfilter_bridge/ebt_nat.h
  HDRINST usr/include/linux/netfilter_bridge/ebt_ip.h
  HDRINST usr/include/linux/netfilter_bridge/ebtables.h
  HDRINST usr/include/linux/netfilter_bridge/ebt_vlan.h
  HDRINST usr/include/linux/netfilter_bridge/ebt_redirect.h
  HDRINST usr/include/linux/netfilter_bridge/ebt_stp.h
  HDRINST usr/include/linux/netfilter_bridge/ebt_log.h
  HDRINST usr/include/linux/netfilter_bridge/ebt_limit.h
  HDRINST usr/include/linux/netfilter_bridge/ebt_among.h
  HDRINST usr/include/linux/netfilter_bridge/ebt_arpreply.h
  HDRINST usr/include/linux/if_phonet.h
  HDRINST usr/include/linux/virtio_input.h
  HDRINST usr/include/linux/rxrpc.h
  HDRINST usr/include/linux/vfio_ccw.h
  HDRINST usr/include/linux/futex.h
  HDRINST usr/include/linux/tipc_sockets_diag.h
  HDRINST usr/include/linux/utime.h
  HDRINST usr/include/linux/nubus.h
  HDRINST usr/include/linux/atmbr2684.h
  HDRINST usr/include/linux/thermal.h
  HDRINST usr/include/linux/if_vlan.h
  HDRINST usr/include/linux/lp.h
  HDRINST usr/include/linux/ntsync.h
  HDRINST usr/include/linux/netfilter_arp/arpt_mangle.h
  HDRINST usr/include/linux/netfilter_arp/arp_tables.h
  HDRINST usr/include/linux/serial_reg.h
  HDRINST usr/include/linux/msdos_fs.h
  HDRINST usr/include/linux/reboot.h
  HDRINST usr/include/linux/blkpg.h
  HDRINST usr/include/linux/llc.h
  HDRINST usr/include/linux/cuda.h
  HDRINST usr/include/linux/omapfb.h
  HDRINST usr/include/linux/module.h
  HDRINST usr/include/linux/serial_core.h
  HDRINST usr/include/linux/io_uring.h
  HDRINST usr/include/linux/patchkey.h
  HDRINST usr/include/linux/personality.h
  HDRINST usr/include/linux/npcm-video.h
  HDRINST usr/include/linux/kvm_para.h
  HDRINST usr/include/linux/map_to_7segment.h
  HDRINST usr/include/linux/map_to_14segment.h
  HDRINST usr/include/linux/virtio_rng.h
  HDRINST usr/include/linux/mrp_bridge.h
  HDRINST usr/include/linux/netfilter.h
  HDRINST usr/include/linux/cachefiles.h
  HDRINST usr/include/linux/userfaultfd.h
  HDRINST usr/include/linux/nfs2.h
  HDRINST usr/include/linux/netfilter_ipv4/ipt_REJECT.h
  HDRINST usr/include/linux/netfilter_ipv4/ipt_LOG.h
  HDRINST usr/include/linux/netfilter_ipv4/ipt_ttl.h
  HDRINST usr/include/linux/netfilter_ipv4/ipt_ah.h
  HDRINST usr/include/linux/netfilter_ipv4/ipt_TTL.h
  HDRINST usr/include/linux/netfilter_ipv4/ipt_CLUSTERIP.h
  HDRINST usr/include/linux/netfilter_ipv4/ipt_ECN.h
  HDRINST usr/include/linux/netfilter_ipv4/ipt_ecn.h
  HDRINST usr/include/linux/netfilter_ipv4/ip_tables.h
  HDRINST usr/include/linux/nfs_fs.h
  HDRINST usr/include/linux/usb/g_printer.h
  HDRINST usr/include/linux/usb/ch11.h
  HDRINST usr/include/linux/usb/g_uvc.h
  HDRINST usr/include/linux/usb/audio.h
  HDRINST usr/include/linux/usb/tmc.h
  HDRINST usr/include/linux/usb/cdc-wdm.h
  HDRINST usr/include/linux/usb/midi.h
  HDRINST usr/include/linux/usb/video.h
  HDRINST usr/include/linux/usb/g_hid.h
  HDRINST usr/include/linux/usb/functionfs.h
  HDRINST usr/include/linux/usb/ch9.h
  HDRINST usr/include/linux/usb/cdc.h
  HDRINST usr/include/linux/usb/gadgetfs.h
  HDRINST usr/include/linux/usb/raw_gadget.h
  HDRINST usr/include/linux/usb/charger.h
  HDRINST usr/include/linux/tps6594_pfsm.h
  HDRINST usr/include/linux/if_ppp.h
  HDRINST usr/include/linux/tls.h
  HDRINST usr/include/linux/virtio_balloon.h
  HDRINST usr/include/linux/uuid.h
  HDRINST usr/include/linux/misc/bcm_vk.h
  HDRINST usr/include/linux/signalfd.h
  HDRINST usr/include/linux/const.h
  HDRINST usr/include/linux/rio_cm_cdev.h
  HDRINST usr/include/linux/openvswitch.h
  HDRINST usr/include/linux/dlm_device.h
  HDRINST usr/include/linux/utsname.h
  HDRINST usr/include/linux/if_tun.h
  HDRINST usr/include/linux/uleds.h
  HDRINST usr/include/linux/shm.h
  HDRINST usr/include/linux/nfs3.h
  HDRINST usr/include/linux/aspeed-video.h
  HDRINST usr/include/linux/fitblk.h
  HDRINST usr/include/linux/pktcdvd.h
  HDRINST usr/include/linux/cxl_mem.h
  HDRINST usr/include/linux/caif/if_caif.h
  HDRINST usr/include/linux/caif/caif_socket.h
  HDRINST usr/include/linux/pidfd.h
  HDRINST usr/include/linux/dccp.h
  HDRINST usr/include/linux/media-bus-format.h
  HDRINST usr/include/linux/if_bonding.h
  HDRINST usr/include/linux/mptcp_pm.h
  HDRINST usr/include/linux/wireless.h
  HDRINST usr/include/linux/hdlcdrv.h
  HDRINST usr/include/linux/atalk.h
  HDRINST usr/include/linux/ccs.h
  HDRINST usr/include/linux/dlm.h
  HDRINST usr/include/linux/v4l2-controls.h
  HDRINST usr/include/linux/coresight-stm.h
  HDRINST usr/include/linux/kvm.h
  HDRINST usr/include/linux/arm_sdei.h
  HDRINST usr/include/linux/virtio_iommu.h
  HDRINST usr/include/linux/seccomp.h
  HDRINST usr/include/linux/iio/types.h
  HDRINST usr/include/linux/iio/events.h
  HDRINST usr/include/linux/iio/buffer.h
  HDRINST usr/include/linux/major.h
  HDRINST usr/include/linux/seg6_local.h
  HDRINST usr/include/linux/genetlink.h
  HDRINST usr/include/linux/raid/md_p.h
  HDRINST usr/include/linux/raid/md_u.h
  HDRINST usr/include/linux/iommufd.h
  HDRINST usr/include/linux/psci.h
  HDRINST usr/include/linux/virtio_blk.h
  HDRINST usr/include/linux/in.h
  HDRINST usr/include/linux/psample.h
  HDRINST usr/include/linux/pfkeyv2.h
  HDRINST usr/include/linux/dns_resolver.h
  HDRINST usr/include/linux/veth.h
  HDRINST usr/include/linux/surface_aggregator/cdev.h
  HDRINST usr/include/linux/surface_aggregator/dtx.h
  HDRINST usr/include/linux/nvram.h
  HDRINST usr/include/linux/vdpa.h
  HDRINST usr/include/linux/sock_diag.h
  HDRINST usr/include/linux/aspeed-p2a-ctrl.h
  HDRINST usr/include/linux/route.h
  HDRINST usr/include/linux/mount.h
  HDRINST usr/include/linux/if_fc.h
  HDRINST usr/include/linux/virtio_fs.h
  HDRINST usr/include/linux/psp-dbc.h
  HDRINST usr/include/linux/selinux_netlink.h
  HDRINST usr/include/linux/lwtunnel.h
  HDRINST usr/include/linux/landlock.h
  HDRINST usr/include/linux/am437x-vpfe.h
  HDRINST usr/include/linux/types.h
  HDRINST usr/include/linux/ioprio.h
  HDRINST usr/include/linux/if_packet.h
  HDRINST usr/include/linux/fadvise.h
  HDRINST usr/include/linux/dvb/frontend.h
  HDRINST usr/include/linux/dvb/version.h
  HDRINST usr/include/linux/dvb/audio.h
  HDRINST usr/include/linux/dvb/dmx.h
  HDRINST usr/include/linux/dvb/video.h
  HDRINST usr/include/linux/dvb/osd.h
  HDRINST usr/include/linux/dvb/ca.h
  HDRINST usr/include/linux/dvb/net.h
  HDRINST usr/include/linux/swab.h
  HDRINST usr/include/linux/unistd.h
  HDRINST usr/include/linux/v4l2-dv-timings.h
  HDRINST usr/include/linux/mempolicy.h
  HDRINST usr/include/linux/amt.h
  HDRINST usr/include/linux/fsmap.h
  HDRINST usr/include/linux/auto_fs4.h
  HDRINST usr/include/linux/elf-fdpic.h
  HDRINST usr/include/linux/iso_fs.h
  HDRINST usr/include/linux/capi.h
  HDRINST usr/include/linux/btrfs_tree.h
  HDRINST usr/include/linux/aio_abi.h
  HDRINST usr/include/linux/handshake.h
  HDRINST usr/include/linux/ipv6.h
  HDRINST usr/include/linux/netrom.h
  HDRINST usr/include/linux/thp7312.h
  HDRINST usr/include/linux/falloc.h
  HDRINST usr/include/linux/random.h
  HDRINST usr/include/linux/limits.h
  HDRINST usr/include/linux/radeonfb.h
  HDRINST usr/include/linux/cgroupstats.h
  HDRINST usr/include/linux/if_x25.h
  HDRINST usr/include/linux/errqueue.h
  HDRINST usr/include/linux/atmsvc.h
  HDRINST usr/include/linux/igmp.h
  HDRINST usr/include/linux/ext4.h
  HDRINST usr/include/linux/rio_mport_cdev.h
  HDRINST usr/include/linux/memfd.h
  HDRINST usr/include/linux/rfkill.h
  HDRINST usr/include/linux/sctp.h
  HDRINST usr/include/linux/dma-buf.h
  HDRINST usr/include/linux/fuse.h
  HDRINST usr/include/linux/posix_types.h
  HDRINST usr/include/linux/virtio_types.h
  HDRINST usr/include/linux/libc-compat.h
  HDRINST usr/include/linux/fou.h
  HDRINST usr/include/linux/serial.h
  HDRINST usr/include/linux/if_pppox.h
  HDRINST usr/include/linux/kdev_t.h
  HDRINST usr/include/linux/if_ltalk.h
  HDRINST usr/include/linux/blkzoned.h
  HDRINST usr/include/linux/icmp.h
  HDRINST usr/include/linux/ila.h
  HDRINST usr/include/linux/blktrace_api.h
  HDRINST usr/include/linux/ioam6_iptunnel.h
  HDRINST usr/include/linux/reiserfs_fs.h
  HDRINST usr/include/linux/fanotify.h
  HDRINST usr/include/linux/hw_breakpoint.h
  HDRINST usr/include/linux/bsg.h
  HDRINST usr/include/linux/vfio_zdev.h
  HDRINST usr/include/linux/times.h
  HDRINST usr/include/linux/input.h
  HDRINST usr/include/linux/vduse.h
  HDRINST usr/include/linux/ptrace.h
  HDRINST usr/include/linux/batadv_packet.h
  HDRINST usr/include/linux/openat2.h
  HDRINST usr/include/linux/un.h
  HDRINST usr/include/linux/tty_flags.h
  HDRINST usr/include/linux/kcm.h
  HDRINST usr/include/linux/coda.h
  HDRINST usr/include/linux/cfm_bridge.h
  HDRINST usr/include/linux/kernelcapi.h
  HDRINST usr/include/linux/ptp_clock.h
  HDRINST usr/include/linux/virtio_bt.h
  HDRINST usr/include/linux/wait.h
  HDRINST usr/include/linux/fdreg.h
  HDRINST usr/include/linux/blkdev.h
  HDRINST usr/include/linux/poll.h
  HDRINST usr/include/linux/virtio_i2c.h
  HDRINST usr/include/linux/mdio.h
  HDRINST usr/include/linux/usbip.h
  HDRINST usr/include/linux/vm_sockets.h
  HDRINST usr/include/linux/netlink_diag.h
  HDRINST usr/include/linux/nexthop.h
  HDRINST usr/include/linux/mpls_iptunnel.h
  HDRINST usr/include/linux/i2o-dev.h
  HDRINST usr/include/linux/nsm.h
  HDRINST usr/include/linux/sonet.h
  HDRINST usr/include/linux/atmarp.h
  HDRINST usr/include/linux/keyctl.h
  HDRINST usr/include/linux/pci_regs.h
  HDRINST usr/include/linux/bpf_common.h
  HDRINST usr/include/linux/ublk_cmd.h
  HDRINST usr/include/linux/phantom.h
  HDRINST usr/include/linux/virtio_net.h
  HDRINST usr/include/linux/quota.h
  HDRINST usr/include/linux/loadpin.h
  HDRINST usr/include/linux/ndctl.h
  HDRINST usr/include/linux/v4l2-common.h
  HDRINST usr/include/linux/kd.h
  HDRINST usr/include/linux/lsm.h
  HDRINST usr/include/linux/sched/types.h
  HDRINST usr/include/linux/net_dropmon.h
  HDRINST usr/include/linux/pci.h
  HDRINST usr/include/linux/remoteproc_cdev.h
  HDRINST usr/include/linux/mptcp.h
  HDRINST usr/include/linux/connector.h
  HDRINST usr/include/linux/ipc.h
  HDRINST usr/include/linux/ppdev.h
  HDRINST usr/include/linux/virtio_mem.h
  HDRINST usr/include/linux/mqueue.h
  HDRINST usr/include/linux/nfs.h
  HDRINST usr/include/linux/if_team.h
  HDRINST usr/include/linux/ivtvfb.h
  HDRINST usr/include/linux/dlm_plock.h
  HDRINST usr/include/linux/kcov.h
  HDRINST usr/include/linux/user_events.h
  HDRINST usr/include/linux/if_addr.h
  HDRINST usr/include/linux/udf_fs_i.h
  HDRINST usr/include/linux/romfs_fs.h
  HDRINST usr/include/linux/capability.h
  HDRINST usr/include/linux/omap3isp.h
  HDRINST usr/include/linux/if_arcnet.h
  HDRINST usr/include/linux/elf-em.h
  HDRINST usr/include/linux/posix_acl.h
  HDRINST usr/include/linux/ppp-ioctl.h
  HDRINST usr/include/linux/xfrm.h
  HDRINST usr/include/linux/ppp-comp.h
  HDRINST usr/include/linux/tipc_netlink.h
  HDRINST usr/include/linux/fiemap.h
  HDRINST usr/include/linux/loop.h
  HDRINST usr/include/linux/dm-log-userspace.h
  HDRINST usr/include/linux/if_alg.h
  HDRINST usr/include/linux/vt.h
  HDRINST usr/include/linux/nitro_enclaves.h
  HDRINST usr/include/linux/virtio_scsi.h
  HDRINST usr/include/linux/virtio_pci.h
  HDRINST usr/include/linux/if_addrlabel.h
  HDRINST usr/include/linux/virtio_ids.h
  HDRINST usr/include/linux/counter.h
  HDRINST usr/include/linux/resource.h
  HDRINST usr/include/linux/socket.h
  HDRINST usr/include/linux/atm.h
  HDRINST usr/include/linux/fcntl.h
  HDRINST usr/include/linux/minix_fs.h
  HDRINST usr/include/linux/ioctl.h
  HDRINST usr/include/linux/bcm933xx_hcs.h
  HDRINST usr/include/linux/netfilter_ipv6.h
  HDRINST usr/include/linux/isdn/capicmd.h
  HDRINST usr/include/linux/userio.h
  HDRINST usr/include/linux/dlmconstants.h
  HDRINST usr/include/linux/dcbnl.h
  HDRINST usr/include/linux/vbox_err.h
  HDRINST usr/include/linux/fb.h
  HDRINST usr/include/linux/virtio_scmi.h
  HDRINST usr/include/linux/netfilter_bridge.h
  HDRINST usr/include/linux/kfd_sysfs.h
  HDRINST usr/include/linux/stm.h
  HDRINST usr/include/linux/seg6_iptunnel.h
  HDRINST usr/include/linux/media.h
  HDRINST usr/include/linux/hdreg.h
  HDRINST usr/include/linux/max2175.h
  HDRINST usr/include/linux/gsmmux.h
  HDRINST usr/include/linux/i8k.h
  HDRINST usr/include/linux/atm_he.h
  HDRINST usr/include/linux/ip6_tunnel.h
  HDRINST usr/include/linux/uhid.h
  HDRINST usr/include/linux/membarrier.h
  HDRINST usr/include/linux/sound.h
  HDRINST usr/include/linux/erspan.h
  HDRINST usr/include/linux/ethtool_netlink_generated.h
  HDRINST usr/include/linux/mtio.h
  HDRINST usr/include/linux/cec.h
  HDRINST usr/include/linux/nsfs.h
  HDRINST usr/include/linux/atmsap.h
  HDRINST usr/include/linux/xattr.h
  HDRINST usr/include/linux/atm_nicstar.h
  HDRINST usr/include/linux/if_fddi.h
  HDRINST usr/include/linux/smc.h
  HDRINST usr/include/linux/adfs_fs.h
  HDRINST usr/include/linux/in_route.h
  HDRINST usr/include/linux/inet_diag.h
  HDRINST usr/include/linux/seg6_genl.h
  HDRINST usr/include/linux/if_ether.h
  HDRINST usr/include/linux/snmp.h
  HDRINST usr/include/linux/ip.h
  HDRINST usr/include/linux/suspend_ioctls.h
  HDRINST usr/include/linux/if_pppol2tp.h
  HDRINST usr/include/linux/rtnetlink.h
  HDRINST usr/include/linux/bpf.h
  HDRINST usr/include/linux/can/error.h
  HDRINST usr/include/linux/can/gw.h
  HDRINST usr/include/linux/can/j1939.h
  HDRINST usr/include/linux/can/raw.h
  HDRINST usr/include/linux/can/bcm.h
  HDRINST usr/include/linux/can/netlink.h
  HDRINST usr/include/linux/can/vxcan.h
  HDRINST usr/include/linux/can/isotp.h
  HDRINST usr/include/linux/tty.h
  HDRINST usr/include/linux/ipmi_ssif_bmc.h
  HDRINST usr/include/linux/input-event-codes.h
  HDRINST usr/include/linux/sockios.h
  HDRINST usr/include/linux/um_timetravel.h
  HDRINST usr/include/linux/virtio_gpu.h
  HDRINST usr/include/linux/fs.h
  HDRINST usr/include/linux/nfsacl.h
  HDRINST usr/include/linux/screen_info.h
  HDRINST usr/include/linux/fsverity.h
  HDRINST usr/include/linux/rpl_iptunnel.h
  HDRINST usr/include/linux/if_tunnel.h
  HDRINST usr/include/linux/tiocl.h
  HDRINST usr/include/linux/soundcard.h
  HDRINST usr/include/linux/agpgart.h
  HDRINST usr/include/linux/sem.h
  HDRINST usr/include/linux/rtc.h
  HDRINST usr/include/linux/fd.h
  HDRINST usr/include/linux/baycom.h
  HDRINST usr/include/linux/zorro_ids.h
  HDRINST usr/include/linux/fsi.h
  HDRINST usr/include/linux/affs_hardblocks.h
  HDRINST usr/include/linux/virtio_vsock.h
  HDRINST usr/include/linux/cifs/cifs_mount.h
  HDRINST usr/include/linux/cifs/cifs_netlink.h
  HDRINST usr/include/linux/batman_adv.h
  HDRINST usr/include/linux/tcp_metrics.h
  HDRINST usr/include/linux/virtio_gpio.h
  HDRINST usr/include/linux/virtio_console.h
  HDRINST usr/include/linux/cramfs_fs.h
  HDRINST usr/include/linux/prctl.h
  HDRINST usr/include/linux/tipc_config.h
  HDRINST usr/include/linux/rseq.h
  HDRINST usr/include/linux/vhost.h
  HDRINST usr/include/linux/serio.h
  HDRINST usr/include/linux/pps.h
  HDRINST usr/include/linux/if_macsec.h
  HDRINST usr/include/linux/fib_rules.h
  HDRINST usr/include/linux/atmlec.h
  HDRINST usr/include/linux/f2fs.h
  HDRINST usr/include/linux/efs_fs_sb.h
  HDRINST usr/include/linux/nfs4.h
  HDRINST usr/include/linux/vtpm_proxy.h
  HDRINST usr/include/linux/ppp_defs.h
  HDRINST usr/include/linux/auto_fs.h
  HDRINST usr/include/linux/ncsi.h
  HDRINST usr/include/linux/videodev2.h
  HDRINST usr/include/linux/virtio_pcidev.h
  HDRINST usr/include/linux/atm_idt77105.h
  HDRINST usr/include/linux/acrn.h
  HDRINST usr/include/linux/if_infiniband.h
  HDRINST usr/include/linux/net_tstamp.h
  HDRINST usr/include/linux/media/raspberrypi/pisp_common.h
  HDRINST usr/include/linux/media/raspberrypi/pisp_be_config.h
  HDRINST usr/include/linux/ivtv.h
  HDRINST usr/include/linux/vfio.h
  HDRINST usr/include/linux/trace_mmap.h
  HDRINST usr/include/linux/dqblk_xfs.h
  HDRINST usr/include/linux/genwqe/genwqe_card.h
  HDRINST usr/include/linux/mroute.h
  HDRINST usr/include/linux/dm-ioctl.h
  HDRINST usr/include/linux/if_eql.h
  HDRINST usr/include/linux/scif_ioctl.h
  HDRINST usr/include/linux/sysctl.h
  HDRINST usr/include/linux/nl80211-vnd-intel.h
  HDRINST usr/include/linux/hiddev.h
  HDRINST usr/include/linux/pkt_sched.h
  HDRINST usr/include/linux/pcitest.h
  HDRINST usr/include/linux/timex.h
  HDRINST usr/include/linux/bpqether.h
  HDRINST usr/include/linux/sonypi.h
  HDRINST usr/include/linux/dpll.h
  HDRINST usr/include/linux/aspeed-lpc-ctrl.h
  HDRINST usr/include/linux/tdx-guest.h
  HDRINST usr/include/linux/hdlc/ioctl.h
  HDRINST usr/include/linux/kernel-page-flags.h
  HDRINST usr/include/linux/vesa.h
  HDRINST usr/include/linux/ipmi.h
  HDRINST usr/include/linux/time.h
  HDRINST usr/include/linux/android/binder.h
  HDRINST usr/include/linux/android/binderfs.h
  HDRINST usr/include/linux/switch.h
  HDRINST usr/include/linux/udp.h
  HDRINST usr/include/linux/close_range.h
  HDRINST usr/include/linux/spi/spidev.h
  HDRINST usr/include/linux/spi/spi.h
  HDRINST usr/include/linux/pfrut.h
  HDRINST usr/include/linux/taskstats.h
  HDRINST usr/include/linux/watch_queue.h
  HDRINST usr/include/linux/atmapi.h
  HDRINST usr/include/linux/nfc.h
  HDRINST usr/include/linux/netdev.h
  HDRINST usr/include/linux/mmc/ioctl.h
  HDRINST usr/include/linux/rpmsg.h
  HDRINST usr/include/linux/if_hippi.h
  HDRINST usr/include/linux/usbdevice_fs.h
  HDRINST usr/include/linux/cec-funcs.h
  HDRINST usr/include/linux/atmppp.h
  HDRINST usr/include/linux/virtio_ring.h
  HDRINST usr/include/linux/neighbour.h
  HDRINST usr/include/linux/ipv6_route.h
  HDRINST usr/include/linux/ethtool_netlink.h
  HDRINST usr/include/linux/ioam6_genl.h
  HDRINST usr/include/linux/vhost_types.h
  HDRINST usr/include/linux/elf.h
  HDRINST usr/include/linux/kcmp.h
  HDRINST usr/include/linux/timerfd.h
  HDRINST usr/include/linux/x25.h
  HDRINST usr/include/linux/net_namespace.h
  HDRINST usr/include/linux/gtp.h
  HDRINST usr/include/linux/gpio.h
  HDRINST usr/include/linux/hid.h
  HDRINST usr/include/linux/synclink.h
  HDRINST usr/include/linux/rpmsg_types.h
  HDRINST usr/include/linux/packet_diag.h
  HDRINST usr/include/linux/ax25.h
  HDRINST usr/include/linux/unix_diag.h
  HDRINST usr/include/linux/mei.h
  HDRINST usr/include/linux/matroxfb.h
  HDRINST usr/include/linux/virtio_pmem.h
  HDRINST usr/include/linux/cciss_defs.h
  HDRINST usr/include/linux/rds.h
  HDRINST usr/include/linux/wwan.h
  HDRINST usr/include/linux/hsr_netlink.h
  HDRINST usr/include/linux/jffs2.h
  HDRINST usr/include/linux/qemu_fw_cfg.h
  HDRINST usr/include/linux/sed-opal.h
  HDRINST usr/include/linux/if_link.h
  HDRINST usr/include/linux/vm_sockets_diag.h
  HDRINST usr/include/linux/l2tp.h
  HDRINST usr/include/linux/if_bridge.h
  HDRINST usr/include/linux/atmclip.h
  HDRINST usr/include/linux/hpet.h
  HDRINST usr/include/linux/rpl.h
  HDRINST usr/include/linux/mctp.h
  HDRINST usr/include/linux/fsl_mc.h
  HDRINST usr/include/linux/inotify.h
  HDRINST usr/include/linux/phonet.h
  HDRINST usr/include/linux/cryptouser.h
  HDRINST usr/include/linux/sunrpc/debug.h
  HDRINST usr/include/linux/cycx_cfm.h
  HDRINST usr/include/linux/mei_uuid.h
  HDRINST usr/include/linux/virtio_snd.h
  HDRINST usr/include/linux/atm_tcp.h
  HDRINST usr/include/linux/string.h
  HDRINST usr/include/linux/btf.h
  HDRINST usr/include/linux/netfilter_ipv4.h
  HDRINST usr/include/linux/if_cablemodem.h
  HDRINST usr/include/linux/if_arp.h
  HDRINST usr/include/linux/tc_ematch/tc_em_nbyte.h
  HDRINST usr/include/linux/tc_ematch/tc_em_ipt.h
  HDRINST usr/include/linux/tc_ematch/tc_em_cmp.h
  HDRINST usr/include/linux/tc_ematch/tc_em_meta.h
  HDRINST usr/include/linux/tc_ematch/tc_em_text.h
  HDRINST usr/include/linux/uinput.h
  HDRINST usr/include/linux/tcp.h
  HDRINST usr/include/linux/zorro.h
  HDRINST usr/include/linux/gfs2_ondisk.h
  HDRINST usr/include/linux/isst_if.h
  HDRINST usr/include/linux/nfs_mount.h
  HDRINST usr/include/linux/tipc.h
  HDRINST usr/include/linux/wmi.h
  HDRINST usr/include/linux/comedi.h
  HDRINST usr/include/linux/msg.h
  HDRINST usr/include/linux/cciss_ioctl.h
  HDRINST usr/include/linux/oom.h
  HDRINST usr/include/linux/if_xdp.h
  HDRINST usr/include/linux/auxvec.h
  HDRINST usr/include/linux/virtio_mmio.h
  HDRINST usr/include/linux/pg.h
  HDRINST usr/include/linux/pkt_cls.h
  HDRINST usr/include/linux/adb.h
  HDRINST usr/include/linux/ip_vs.h
  HDRINST usr/include/linux/nfsd/export.h
  HDRINST usr/include/linux/nfsd/stats.h
  HDRINST usr/include/linux/nfsd/cld.h
  HDRINST usr/include/linux/nfsd/debug.h
  HDRINST usr/include/linux/netfilter/xt_bpf.h
  HDRINST usr/include/linux/netfilter/xt_SECMARK.h
  HDRINST usr/include/linux/netfilter/nf_conntrack_tuple_common.h
  HDRINST usr/include/linux/netfilter/xt_MARK.h
  HDRINST usr/include/linux/netfilter/xt_HMARK.h
  HDRINST usr/include/linux/netfilter/xt_LED.h
  HDRINST usr/include/linux/netfilter/xt_FLOWOFFLOAD.h
  HDRINST usr/include/linux/netfilter/nf_tables.h
  HDRINST usr/include/linux/netfilter/nf_conntrack_tcp.h
  HDRINST usr/include/linux/netfilter/xt_statistic.h
  HDRINST usr/include/linux/netfilter/xt_mark.h
  HDRINST usr/include/linux/netfilter/xt_state.h
  HDRINST usr/include/linux/netfilter/xt_osf.h
  HDRINST usr/include/linux/netfilter/xt_cgroup.h
  HDRINST usr/include/linux/netfilter/xt_TEE.h
  HDRINST usr/include/linux/netfilter/xt_multiport.h
  HDRINST usr/include/linux/netfilter/xt_conntrack.h
  HDRINST usr/include/linux/netfilter/xt_sctp.h
  HDRINST usr/include/linux/netfilter/xt_DSCP.h
  HDRINST usr/include/linux/netfilter/xt_CHECKSUM.h
  HDRINST usr/include/linux/netfilter/xt_ecn.h
  HDRINST usr/include/linux/netfilter/nfnetlink_log.h
  HDRINST usr/include/linux/netfilter/nf_tables_compat.h
  HDRINST usr/include/linux/netfilter/ipset/ip_set_hash.h
  HDRINST usr/include/linux/netfilter/ipset/ip_set_bitmap.h
  HDRINST usr/include/linux/netfilter/ipset/ip_set.h
  HDRINST usr/include/linux/netfilter/ipset/ip_set_list.h
  HDRINST usr/include/linux/netfilter/xt_tcpmss.h
  HDRINST usr/include/linux/netfilter/xt_pkttype.h
  HDRINST usr/include/linux/netfilter/xt_TCPOPTSTRIP.h
  HDRINST usr/include/linux/netfilter/xt_rateest.h
  HDRINST usr/include/linux/netfilter/xt_devgroup.h
  HDRINST usr/include/linux/netfilter/nf_synproxy.h
  HDRINST usr/include/linux/netfilter/xt_realm.h
  HDRINST usr/include/linux/netfilter/xt_ipcomp.h
  HDRINST usr/include/linux/netfilter/nfnetlink_osf.h
  HDRINST usr/include/linux/netfilter/nf_conntrack_common.h
  HDRINST usr/include/linux/netfilter/x_tables.h
  HDRINST usr/include/linux/netfilter/xt_dccp.h
  HDRINST usr/include/linux/netfilter/xt_rpfilter.h
  HDRINST usr/include/linux/netfilter/xt_time.h
  HDRINST usr/include/linux/netfilter/xt_connmark.h
  HDRINST usr/include/linux/netfilter/xt_string.h
  HDRINST usr/include/linux/netfilter/nfnetlink_hook.h
  HDRINST usr/include/linux/netfilter/xt_length.h
  HDRINST usr/include/linux/netfilter/xt_comment.h
  HDRINST usr/include/linux/netfilter/xt_CONNMARK.h
  HDRINST usr/include/linux/netfilter/nfnetlink_cttimeout.h
  HDRINST usr/include/linux/netfilter/xt_esp.h
  HDRINST usr/include/linux/netfilter/xt_TCPMSS.h
  HDRINST usr/include/linux/netfilter/xt_NFLOG.h
  HDRINST usr/include/linux/netfilter/xt_CLASSIFY.h
  HDRINST usr/include/linux/netfilter/xt_connlabel.h
  HDRINST usr/include/linux/netfilter/xt_LOG.h
  HDRINST usr/include/linux/netfilter/xt_quota.h
  HDRINST usr/include/linux/netfilter/xt_l2tp.h
  HDRINST usr/include/linux/netfilter/nfnetlink_compat.h
  HDRINST usr/include/linux/netfilter/xt_mac.h
  HDRINST usr/include/linux/netfilter/xt_SYNPROXY.h
  HDRINST usr/include/linux/netfilter/xt_hashlimit.h
  HDRINST usr/include/linux/netfilter/nf_log.h
  HDRINST usr/include/linux/netfilter/xt_policy.h
  HDRINST usr/include/linux/netfilter/xt_IDLETIMER.h
  HDRINST usr/include/linux/netfilter/xt_connlimit.h
  HDRINST usr/include/linux/netfilter/xt_socket.h
  HDRINST usr/include/linux/netfilter/xt_recent.h
  HDRINST usr/include/linux/netfilter/xt_physdev.h
  HDRINST usr/include/linux/netfilter/nf_conntrack_ftp.h
  HDRINST usr/include/linux/netfilter/nf_conntrack_sctp.h
  HDRINST usr/include/linux/netfilter/xt_helper.h
  HDRINST usr/include/linux/netfilter/xt_ipvs.h
  HDRINST usr/include/linux/netfilter/nfnetlink_conntrack.h
  HDRINST usr/include/linux/netfilter/nfnetlink_queue.h
  HDRINST usr/include/linux/netfilter/xt_owner.h
  HDRINST usr/include/linux/netfilter/nfnetlink_acct.h
  HDRINST usr/include/linux/netfilter/xt_connbytes.h
  HDRINST usr/include/linux/netfilter/xt_u32.h
  HDRINST usr/include/linux/netfilter/xt_AUDIT.h
  HDRINST usr/include/linux/netfilter/xt_addrtype.h
  HDRINST usr/include/linux/netfilter/xt_RATEEST.h
  HDRINST usr/include/linux/netfilter/xt_tcpudp.h
  HDRINST usr/include/linux/netfilter/xt_cluster.h
  HDRINST usr/include/linux/netfilter/xt_CT.h
  HDRINST usr/include/linux/netfilter/xt_nfacct.h
  HDRINST usr/include/linux/netfilter/xt_limit.h
  HDRINST usr/include/linux/netfilter/nfnetlink_cthelper.h
  HDRINST usr/include/linux/netfilter/nf_nat.h
  HDRINST usr/include/linux/netfilter/xt_CONNSECMARK.h
  HDRINST usr/include/linux/netfilter/xt_dscp.h
  HDRINST usr/include/linux/netfilter/xt_TPROXY.h
  HDRINST usr/include/linux/netfilter/xt_set.h
  HDRINST usr/include/linux/netfilter/xt_cpu.h
  HDRINST usr/include/linux/netfilter/nfnetlink.h
  HDRINST usr/include/linux/netfilter/xt_iprange.h
  HDRINST usr/include/linux/netfilter/xt_NFQUEUE.h
  HDRINST usr/include/linux/ife.h
  HDRINST usr/include/linux/time_types.h
  HDRINST usr/include/linux/nbd.h
  HDRINST usr/include/linux/securebits.h
  HDRINST usr/include/linux/ultrasound.h
  HDRINST usr/include/linux/hyperv.h
  HDRINST usr/include/linux/arcfb.h
  HDRINST usr/include/linux/nilfs2_ondisk.h
  HDRINST usr/include/linux/magic.h
  HDRINST usr/include/linux/gen_stats.h
  HDRINST usr/include/linux/virtio_config.h
  HDRINST usr/include/linux/termios.h
  HDRINST usr/include/linux/atmioc.h
  HDRINST usr/include/linux/coff.h
  HDRINST usr/include/linux/netlink.h
  HDRINST usr/include/linux/ipmi_bmc.h
  HDRINST usr/include/linux/exfat.h
  HDRINST usr/include/linux/byteorder/big_endian.h
  HDRINST usr/include/linux/byteorder/little_endian.h
  HDRINST usr/include/linux/uio.h
  HDRINST usr/include/linux/param.h
  HDRINST usr/include/linux/netconf.h
  HDRINST usr/include/linux/irqnr.h
  HDRINST usr/include/linux/kfd_ioctl.h
  HDRINST usr/include/linux/nvme_ioctl.h
  HDRINST usr/include/linux/pmu.h
  HDRINST usr/include/linux/btrfs.h
  HDRINST usr/include/linux/nfsd_netlink.h
  HDRINST usr/include/linux/v4l2-subdev.h
  HDRINST usr/include/linux/nbd-netlink.h
  HDRINST usr/include/linux/nfs_idmap.h
  HDRINST usr/include/linux/watchdog.h
  HDRINST usr/include/linux/atm_zatm.h
  HDRINST usr/include/linux/cyclades.h
  HDRINST usr/include/linux/devlink.h
  HDRINST usr/include/linux/xilinx-v4l2-controls.h
  HDRINST usr/include/linux/mroute6.h
  HDRINST usr/include/linux/nilfs2_api.h
  HDRINST usr/include/linux/vbox_vmmdev_types.h
  HDRINST usr/include/linux/nl80211.h
  HDRINST usr/include/linux/fsl_hypervisor.h
  HDRINST usr/include/linux/netfilter_ipv6/ip6_tables.h
  HDRINST usr/include/linux/netfilter_ipv6/ip6t_ah.h
  HDRINST usr/include/linux/netfilter_ipv6/ip6t_REJECT.h
  HDRINST usr/include/linux/netfilter_ipv6/ip6t_mh.h
  HDRINST usr/include/linux/netfilter_ipv6/ip6t_opts.h
  HDRINST usr/include/linux/netfilter_ipv6/ip6t_LOG.h
  HDRINST usr/include/linux/netfilter_ipv6/ip6t_NPT.h
  HDRINST usr/include/linux/netfilter_ipv6/ip6t_srh.h
  HDRINST usr/include/linux/netfilter_ipv6/ip6t_frag.h
  HDRINST usr/include/linux/netfilter_ipv6/ip6t_HL.h
  HDRINST usr/include/linux/netfilter_ipv6/ip6t_ipv6header.h
  HDRINST usr/include/linux/netfilter_ipv6/ip6t_rt.h
  HDRINST usr/include/linux/netfilter_ipv6/ip6t_hl.h
  HDRINST usr/include/linux/tee.h
  HDRINST usr/include/linux/mmtimer.h
  HDRINST usr/include/linux/rose.h
  HDRINST usr/include/linux/atm_eni.h
  HDRINST usr/include/linux/fpga-dfl.h
  HDRINST usr/include/linux/cn_proc.h
  HDRINST usr/include/linux/icmpv6.h
  HDRINST usr/include/linux/virtio_9p.h
  HDRINST usr/include/linux/sync_file.h
  HDRINST usr/include/linux/qrtr.h
  HDRINST usr/include/linux/edd.h
  HDRINST usr/include/linux/nfs4_mount.h
  HDRINST usr/include/linux/sysinfo.h
  HDRINST usr/include/linux/sev-guest.h
  HDRINST usr/include/linux/mman.h
  HDRINST usr/include/linux/lirc.h
  HDRINST usr/include/linux/dw100.h
  HDRINST usr/include/linux/signal.h
  HDRINST usr/include/linux/mpls.h
  HDRINST usr/include/linux/audit.h
  HDRINST usr/include/linux/sched.h
  HDRINST usr/include/linux/switchtec_ioctl.h
  HDRINST usr/include/linux/ipmi_msgdefs.h
  HDRINST usr/include/linux/vmcore.h
  HDRINST usr/include/linux/binfmts.h
  HDRINST usr/include/linux/bits.h
  HDRINST usr/include/linux/seg6_hmac.h
  HDRINST usr/include/linux/tc_act/tc_nat.h
  HDRINST usr/include/linux/tc_act/tc_defact.h
  HDRINST usr/include/linux/tc_act/tc_tunnel_key.h
  HDRINST usr/include/linux/tc_act/tc_ctinfo.h
  HDRINST usr/include/linux/tc_act/tc_gate.h
  HDRINST usr/include/linux/tc_act/tc_skbedit.h
  HDRINST usr/include/linux/tc_act/tc_gact.h
  HDRINST usr/include/linux/tc_act/tc_skbmod.h
  HDRINST usr/include/linux/tc_act/tc_csum.h
  HDRINST usr/include/linux/tc_act/tc_connmark.h
  HDRINST usr/include/linux/tc_act/tc_mpls.h
  HDRINST usr/include/linux/tc_act/tc_sample.h
  HDRINST usr/include/linux/tc_act/tc_pedit.h
  HDRINST usr/include/linux/tc_act/tc_vlan.h
  HDRINST usr/include/linux/tc_act/tc_ife.h
  HDRINST usr/include/linux/tc_act/tc_mirred.h
  HDRINST usr/include/linux/tc_act/tc_bpf.h
  HDRINST usr/include/linux/tc_act/tc_ct.h
  HDRINST usr/include/linux/joystick.h
  HDRINST usr/include/linux/atmdev.h
  HDRINST usr/include/linux/cdrom.h
  HDRINST usr/include/linux/i2c-dev.h
  HDRINST usr/include/linux/if_slip.h
  HDRINST usr/include/linux/netfilter_arp.h
  HDRINST usr/include/linux/eventfd.h
  HDRINST usr/include/linux/i2c.h
  HDRINST usr/include/linux/ipsec.h
  HDRINST usr/include/linux/v4l2-mediabus.h
  HDRINST usr/include/linux/apm_bios.h
  HDRINST usr/include/linux/auto_dev-ioctl.h
  HDRINST usr/include/linux/gameport.h
  HDRINST usr/include/linux/if_plip.h
  HDRINST usr/include/linux/scc.h
  HDRINST usr/include/linux/uvcvideo.h
  HDRINST usr/include/linux/stddef.h
  HDRINST usr/include/linux/acct.h
  HDRINST usr/include/linux/bt-bmc.h
  HDRINST usr/include/linux/kernel.h
  HDRINST usr/include/linux/hash_info.h
  HDRINST usr/include/linux/net.h
  HDRINST usr/include/linux/perf_event.h
  HDRINST usr/include/linux/errno.h
  HDRINST usr/include/linux/qnxtypes.h
  HDRINST usr/include/linux/netdevice.h
  HDRINST usr/include/linux/ethtool.h
  HDRINST usr/include/linux/parport.h
  HDRINST usr/include/linux/toshiba.h
  HDRINST usr/include/linux/bfs_fs.h
  HDRINST usr/include/linux/if.h
  HDRINST usr/include/linux/hsi/hsi_char.h
  HDRINST usr/include/linux/hsi/cs-protocol.h
  HDRINST usr/include/linux/bpf_perf_event.h
  HDRINST usr/include/linux/psp-sev.h
  HDRINST usr/include/linux/target_core_user.h
  HDRINST usr/include/linux/reiserfs_xattr.h
  HDRINST usr/include/linux/hdlc.h
  HDRINST usr/include/linux/seg6.h
  HDRINST usr/include/linux/vsockmon.h
  HDRINST usr/include/linux/atmmpc.h
  HDRINST usr/include/linux/idxd.h
  HDRINST usr/include/linux/hidraw.h
  HDRINST usr/include/linux/firewire-constants.h
  HDRINST usr/include/linux/pr.h
  HDRINST usr/include/linux/fscrypt.h
  HDRINST usr/include/linux/eventpoll.h
  HDRINST usr/include/linux/mii.h
  HDRINST usr/include/linux/can.h
  HDRINST usr/include/linux/wireguard.h
  HDRINST usr/include/linux/papr_pdsm.h
  HDRINST usr/include/linux/firewire-cdev.h
  HDRINST usr/include/linux/in6.h
  HDRINST usr/include/linux/xdp_diag.h
  HDRINST usr/include/linux/filter.h
  HDRINST usr/include/linux/virtio_crypto.h
  HDRINST usr/include/linux/stat.h
  HDRINST usr/include/linux/dma-heap.h
  HDRINST usr/include/linux/rkisp1-config.h
  HDRINST usr/include/linux/smc_diag.h
  HDRINST usr/include/linux/smiapp.h
  HDRINST usr/include/linux/qnx4_fs.h
  HDRINST usr/include/linux/chio.h
  HDRINST usr/include/linux/udmabuf.h
  HDRINST usr/include/misc/mrvl_cn10k_dpi.h
  HDRINST usr/include/misc/fastrpc.h
  HDRINST usr/include/misc/ocxl.h
  HDRINST usr/include/misc/pvpanic.h
  HDRINST usr/include/misc/cxl.h
  HDRINST usr/include/misc/uacce/uacce.h
  HDRINST usr/include/misc/uacce/hisi_qm.h
  HDRINST usr/include/misc/xilinx_sdfec.h
  HDRINST usr/include/mtd/inftl-user.h
  HDRINST usr/include/mtd/mtd-abi.h
  HDRINST usr/include/mtd/nftl-user.h
  HDRINST usr/include/mtd/ubi-user.h
  HDRINST usr/include/mtd/mtd-user.h
  HDRINST usr/include/rdma/ocrdma-abi.h
  HDRINST usr/include/rdma/rvt-abi.h
  HDRINST usr/include/rdma/irdma-abi.h
  HDRINST usr/include/rdma/vmw_pvrdma-abi.h
  HDRINST usr/include/rdma/ib_user_verbs.h
  HDRINST usr/include/rdma/efa-abi.h
  HDRINST usr/include/rdma/cxgb4-abi.h
  HDRINST usr/include/rdma/ib_user_ioctl_cmds.h
  HDRINST usr/include/rdma/siw-abi.h
  HDRINST usr/include/rdma/hns-abi.h
  HDRINST usr/include/rdma/mlx5_user_ioctl_verbs.h
  HDRINST usr/include/rdma/mlx5_user_ioctl_cmds.h
  HDRINST usr/include/rdma/ib_user_mad.h
  HDRINST usr/include/rdma/rdma_user_rxe.h
  HDRINST usr/include/rdma/rdma_user_cm.h
  HDRINST usr/include/rdma/mthca-abi.h
  HDRINST usr/include/rdma/mlx4-abi.h
  HDRINST usr/include/rdma/ib_user_sa.h
  HDRINST usr/include/rdma/rdma_user_ioctl_cmds.h
  HDRINST usr/include/rdma/erdma-abi.h
  HDRINST usr/include/rdma/bnxt_re-abi.h
  HDRINST usr/include/rdma/mana-abi.h
  HDRINST usr/include/rdma/hfi/hfi1_user.h
  HDRINST usr/include/rdma/hfi/hfi1_ioctl.h
  HDRINST usr/include/rdma/ib_user_ioctl_verbs.h
  HDRINST usr/include/rdma/mlx5-abi.h
  HDRINST usr/include/rdma/rdma_netlink.h
  HDRINST usr/include/rdma/qedr-abi.h
  HDRINST usr/include/rdma/rdma_user_ioctl.h
  HDRINST usr/include/regulator/regulator.h
  HDRINST usr/include/scsi/scsi_netlink_fc.h
  HDRINST usr/include/scsi/scsi_bsg_mpi3mr.h
  HDRINST usr/include/scsi/scsi_bsg_fc.h
  HDRINST usr/include/scsi/scsi_netlink.h
  HDRINST usr/include/scsi/cxlflash_ioctl.h
  HDRINST usr/include/scsi/scsi_bsg_ufs.h
  HDRINST usr/include/scsi/fc/fc_ns.h
  HDRINST usr/include/scsi/fc/fc_els.h
  HDRINST usr/include/scsi/fc/fc_gs.h
  HDRINST usr/include/scsi/fc/fc_fs.h
  HDRINST usr/include/sound/sb16_csp.h
  HDRINST usr/include/sound/sfnt_info.h
  HDRINST usr/include/sound/firewire.h
  HDRINST usr/include/sound/tlv.h
  HDRINST usr/include/sound/emu10k1.h
  HDRINST usr/include/sound/usb_stream.h
  HDRINST usr/include/sound/asound_fm.h
  HDRINST usr/include/sound/asequencer.h
  HDRINST usr/include/sound/hdspm.h
  HDRINST usr/include/sound/compress_params.h
  HDRINST usr/include/sound/skl-tplg-interface.h
  HDRINST usr/include/sound/intel/avs/tokens.h
  HDRINST usr/include/sound/sof/tokens.h
  HDRINST usr/include/sound/sof/header.h
  HDRINST usr/include/sound/sof/fw.h
  HDRINST usr/include/sound/sof/abi.h
  HDRINST usr/include/sound/compress_offload.h
  HDRINST usr/include/sound/scarlett2.h
  HDRINST usr/include/sound/snd_sst_tokens.h
  HDRINST usr/include/sound/asoc.h
  HDRINST usr/include/sound/snd_ar_tokens.h
  HDRINST usr/include/sound/hdsp.h
  HDRINST usr/include/sound/asound.h
  HDRINST usr/include/video/uvesafb.h
  HDRINST usr/include/video/edid.h
  HDRINST usr/include/video/sisfb.h
  HDRINST usr/include/xen/gntdev.h
  HDRINST usr/include/xen/evtchn.h
  HDRINST usr/include/xen/gntalloc.h
  HDRINST usr/include/xen/privcmd.h
  HDRINST usr/include/linux/version.h
  HDRINST usr/include/asm/break.h
  HDRINST usr/include/asm/reg.h
  HDRINST usr/include/asm/setup.h
  HDRINST usr/include/asm/kvm.h
  HDRINST usr/include/asm/types.h
  HDRINST usr/include/asm/swab.h
  HDRINST usr/include/asm/unistd.h
  HDRINST usr/include/asm/ioctls.h
  HDRINST usr/include/asm/posix_types.h
  HDRINST usr/include/asm/sysmips.h
  HDRINST usr/include/asm/ptrace.h
  HDRINST usr/include/asm/siginfo.h
  HDRINST usr/include/asm/bitfield.h
  HDRINST usr/include/asm/poll.h
  HDRINST usr/include/asm/inst.h
  HDRINST usr/include/asm/statfs.h
  HDRINST usr/include/asm/resource.h
  HDRINST usr/include/asm/socket.h
  HDRINST usr/include/asm/fcntl.h
  HDRINST usr/include/asm/ioctl.h
  HDRINST usr/include/asm/sockios.h
  HDRINST usr/include/asm/hwcap.h
  HDRINST usr/include/asm/sigcontext.h
  HDRINST usr/include/asm/sembuf.h
  HDRINST usr/include/asm/termbits.h
  HDRINST usr/include/asm/shmbuf.h
  HDRINST usr/include/asm/cachectl.h
  HDRINST usr/include/asm/perf_regs.h
  HDRINST usr/include/asm/msgbuf.h
  HDRINST usr/include/asm/auxvec.h
  HDRINST usr/include/asm/termios.h
  HDRINST usr/include/asm/sgidefs.h
  HDRINST usr/include/asm/param.h
  HDRINST usr/include/asm/ucontext.h
  HDRINST usr/include/asm/mman.h
  HDRINST usr/include/asm/signal.h
  HDRINST usr/include/asm/byteorder.h
  HDRINST usr/include/asm/errno.h
  HDRINST usr/include/asm/bitsperlong.h
  HDRINST usr/include/asm/stat.h
  HDRINST usr/include/asm/unistd_o32.h
  HDRINST usr/include/asm/kvm_para.h
  HDRINST usr/include/asm/unistd_n64.h
  HDRINST usr/include/asm/ipcbuf.h
  HDRINST usr/include/asm/unistd_n32.h
  HDRINST usr/include/asm/bpf_perf_event.h
  INSTALL /home/mgta29/src/openwrt/build_dir/target-mips_mips32_musl/linux-bmips_bcm63268/linux-6.12.93/user_headers/include
make[4]: Leaving directory '/home/mgta29/src/openwrt/build_dir/target-mips_mips32_musl/linux-bmips_bcm63268/linux-6.12.93'
grep '=[ym]' /home/mgta29/src/openwrt/build_dir/target-mips_mips32_musl/linux-bmips_bcm63268/linux-6.12.93/.config.set | LC_ALL=C sort | /home/mgta29/src/openwrt/staging_dir/host/bin/mkhash md5 > /home/mgta29/src/openwrt/build_dir/target-mips_mips32_musl/linux-bmips_bcm63268/linux-6.12.93/.vermagic
touch /home/mgta29/src/openwrt/build_dir/target-mips_mips32_musl/linux-bmips_bcm63268/linux-6.12.93/.configured
rm -f /home/mgta29/src/openwrt/build_dir/target-mips_mips32_musl/root-bmips/init
make -C /home/mgta29/src/openwrt/build_dir/target-mips_mips32_musl/linux-bmips_bcm63268/linux-6.12.93 KCFLAGS="-fmacro-prefix-map=/home/mgta29/src/openwrt/build_dir/target-mips_mips32_musl=target-mips_mips32_musl -fno-caller-saves " HOSTCFLAGS="-O2 -I/home/mgta29/src/openwrt/staging_dir/host/include -Wall -Wmissing-prototypes -Wstrict-prototypes" CROSS_COMPILE="mips-openwrt-linux-musl-" ARCH="mips" KBUILD_HAVE_NLS=no KBUILD_BUILD_USER="" KBUILD_BUILD_HOST="" KBUILD_BUILD_TIMESTAMP="Tue Jun 16 18:36:39 2026" KBUILD_BUILD_VERSION="0" KBUILD_HOSTLDFLAGS="-L/home/mgta29/src/openwrt/staging_dir/host/lib" CONFIG_SHELL="bash" V=''  cmd_syscalls=  CC="mips-openwrt-linux-musl-gcc" KERNELRELEASE=6.12.93  all
make[4]: Entering directory '/home/mgta29/src/openwrt/build_dir/target-mips_mips32_musl/linux-bmips_bcm63268/linux-6.12.93'
  SYNC    include/config/auto.conf.cmd
  HOSTCC  scripts/kconfig/conf.o
  HOSTCC  scripts/kconfig/confdata.o
  HOSTCC  scripts/kconfig/expr.o
  LEX     scripts/kconfig/lexer.lex.c
  YACC    scripts/kconfig/parser.tab.[ch]
  HOSTCC  scripts/kconfig/menu.o
  HOSTCC  scripts/kconfig/symbol.o
  HOSTCC  scripts/kconfig/util.o
  HOSTCC  scripts/kconfig/preprocess.o
  HOSTCC  scripts/kconfig/lexer.lex.o
  HOSTCC  scripts/kconfig/parser.tab.o
  HOSTLD  scripts/kconfig/conf
  UPD     include/config/kernel.release
  WRAP    arch/mips/include/generated/asm/kvm_para.h
  WRAP    arch/mips/include/generated/asm/mcs_spinlock.h
  WRAP    arch/mips/include/generated/asm/parport.h
  WRAP    arch/mips/include/generated/asm/qrwlock.h
  WRAP    arch/mips/include/generated/asm/qspinlock.h
  WRAP    arch/mips/include/generated/asm/ring_buffer.h
  HOSTCC  scripts/dtc/flattree.o
  HOSTCC  scripts/dtc/dtc.o
  HOSTCC  scripts/dtc/fstree.o
  WRAP    arch/mips/include/generated/asm/user.h
  WRAP    arch/mips/include/generated/asm/archrandom.h
  HOSTCC  scripts/dtc/data.o
  WRAP    arch/mips/include/generated/asm/cfi.h
  UPD     include/generated/utsrelease.h
  HOSTCC  scripts/dtc/livetree.o
  HOSTCC  scripts/dtc/treesource.o
  HOSTCC  scripts/dtc/srcpos.o
  HOSTCC  scripts/dtc/checks.o
  WRAP    arch/mips/include/generated/asm/current.h
  WRAP    arch/mips/include/generated/asm/device.h
  WRAP    arch/mips/include/generated/asm/emergency-restart.h
  WRAP    arch/mips/include/generated/asm/irq_work.h
  WRAP    arch/mips/include/generated/asm/kmap_size.h
  HOSTCC  scripts/dtc/util.o
  YACC    scripts/dtc/dtc-parser.tab.[ch]
  WRAP    arch/mips/include/generated/asm/local64.h
  LEX     scripts/dtc/dtc-lexer.lex.c
  UPD     include/generated/compile.h
  WRAP    arch/mips/include/generated/asm/module.lds.h
  WRAP    arch/mips/include/generated/asm/msi.h
  WRAP    arch/mips/include/generated/asm/percpu.h
  HOSTCC  scripts/dtc/libfdt/fdt.o
  WRAP    arch/mips/include/generated/asm/preempt.h
  HOSTCC  scripts/dtc/libfdt/fdt_ro.o
  WRAP    arch/mips/include/generated/asm/runtime-const.h
  WRAP    arch/mips/include/generated/asm/rwonce.h
  HOSTCC  scripts/dtc/libfdt/fdt_wip.o
  WRAP    arch/mips/include/generated/asm/sections.h
  WRAP    arch/mips/include/generated/asm/serial.h
  HOSTCC  scripts/dtc/libfdt/fdt_sw.o
  WRAP    arch/mips/include/generated/asm/simd.h
  WRAP    arch/mips/include/generated/asm/softirq_stack.h
  HOSTCC  scripts/dtc/libfdt/fdt_rw.o
  WRAP    arch/mips/include/generated/asm/trace_clock.h
  WRAP    arch/mips/include/generated/asm/word-at-a-time.h
  WRAP    arch/mips/include/generated/asm/xor.h
  HOSTCC  scripts/dtc/libfdt/fdt_strerror.o
  HOSTCC  scripts/dtc/libfdt/fdt_empty_tree.o
  HOSTCC  scripts/dtc/libfdt/fdt_addresses.o
  HOSTCC  scripts/dtc/libfdt/fdt_overlay.o
  HOSTCC  scripts/dtc/fdtoverlay.o
  HOSTCC  scripts/dtc/dtc-lexer.lex.o
  HOSTCC  scripts/dtc/dtc-parser.tab.o
  HOSTLD  scripts/dtc/fdtoverlay
  HOSTLD  scripts/dtc/dtc
  HOSTCC  scripts/kallsyms
  HOSTCC  scripts/sorttable
  DTC     arch/mips/boot/dts/brcm/bcm3368-netgear-cvg834g.dtb
  DTC     arch/mips/boot/dts/brcm/bcm6358-neufbox4-sercomm.dtb
  DTC     arch/mips/boot/dts/brcm/bcm6362-neufbox6-sercomm.dtb
  DTC     arch/mips/boot/dts/brcm/bcm63268-comtrend-vr-3032u.dtb
  DTC     arch/mips/boot/dts/brcm/bcm93384wvg.dtb
  DTC     arch/mips/boot/dts/brcm/bcm93384wvg_viper.dtb
  DTC     arch/mips/boot/dts/brcm/bcm96368mvwg.dtb
  DTC     arch/mips/boot/dts/brcm/bcm97125cbmb.dtb
  DTC     arch/mips/boot/dts/brcm/bcm9ejtagprb.dtb
  DTC     arch/mips/boot/dts/brcm/bcm97346dbsmb.dtb
  DTC     arch/mips/boot/dts/brcm/bcm97358svmb.dtb
  DTC     arch/mips/boot/dts/brcm/bcm97360svmb.dtb
  DTC     arch/mips/boot/dts/brcm/bcm97362svmb.dtb
  DTC     arch/mips/boot/dts/brcm/bcm97420c.dtb
  DTC     arch/mips/boot/dts/brcm/bcm97425svmb.dtb
  DTC     arch/mips/boot/dts/brcm/bcm97435svmb.dtb
  CC      scripts/mod/empty.o
  HOSTCC  scripts/mod/mk_elfconfig
  CC      scripts/mod/devicetable-offsets.s
  MKELF   scripts/mod/elfconfig.h
  HOSTCC  scripts/mod/modpost.o
  HOSTCC  scripts/mod/sumversion.o
  HOSTCC  scripts/mod/symsearch.o
  UPD     scripts/mod/devicetable-offsets.h
  HOSTCC  scripts/mod/file2alias.o
  HOSTLD  scripts/mod/modpost
  CC      kernel/bounds.s
  CHKSHA1 include/linux/atomic/atomic-arch-fallback.h
  CHKSHA1 include/linux/atomic/atomic-instrumented.h
  CHKSHA1 include/linux/atomic/atomic-long.h
  UPD     include/generated/timeconst.h
  UPD     include/generated/bounds.h
  CC      arch/mips/kernel/asm-offsets.s
  UPD     include/generated/asm-offsets.h
  LDS     scripts/module.lds
  AR      arch/mips/boot/dts/built-in.a
  CC      init/main.o
  CC      init/do_mounts.o
  AR      certs/built-in.a
  CC      init/do_mounts_initrd.o
  UPD     init/utsversion-tmp.h
  HOSTCC  usr/gen_init_cpio
  CC      ipc/util.o
  AR      arch/mips/generic/built-in.a
  CC      mm/filemap.o
  CC      arch/mips/bmips/setup.o
  CC      mm/mempool.o
  LDS     arch/mips/kernel/vmlinux.lds
  CC      arch/mips/mm/cache.o
  CC      ipc/msgutil.o
  CC      security/keys/gc.o
  CC      block/partitions/core.o
  AR      fs/notify/dnotify/built-in.a
  AS      arch/mips/kernel/head.o
  CC      fs/notify/inotify/inotify_fsnotify.o
  CC      kernel/sched/core.o
  CC      arch/mips/kernel/branch.o
  CC      crypto/api.o
  GEN     usr/initramfs_data.cpio
  COPY    usr/initramfs_inc_data
  AS      usr/initramfs_data.o
  AR      usr/built-in.a
  CC      block/partitions/msdos.o
  CC      fs/notify/inotify/inotify_user.o
  CC      lib/math/div64.o
  CC      arch/mips/kernel/cmpxchg.o
  CC      fs/iomap/trace.o
  CC      arch/mips/mm/context.o
  CC      security/keys/key.o
  CC      arch/mips/bmips/irq.o
  CC      arch/mips/kernel/elf.o
  CC      crypto/cipher.o
  CC      lib/math/gcd.o
  CC      arch/mips/fw/cfe/cfe_api.o
  CC      security/commoncap.o
  CC      lib/math/lcm.o
  CC      lib/math/int_log.o
  CC      lib/math/int_pow.o
  CC      lib/math/int_sqrt.o
  CC      ipc/msg.o
  CC      lib/math/reciprocal_div.o
  AR      arch/mips/fw/cfe/built-in.a
  AR      arch/mips/fw/cfe/lib.a
  CC      block/bdev.o
  CC      block/partitions/of.o
  CC      fs/iomap/iter.o
  CC      lib/math/rational.o
  CC      arch/mips/mm/extable.o
  AS      arch/mips/kernel/entry.o
  AS      arch/mips/kernel/genex.o
  CC      arch/mips/kernel/idle.o
  AR      fs/notify/inotify/built-in.a
  CC      fs/notify/fanotify/fanotify.o
  CC      arch/mips/mm/fault.o
  CC      crypto/compress.o
  CC      arch/mips/bmips/dma.o
  CC      arch/mips/net/bpf_jit_comp.o
  CC      security/keys/keyring.o
  CC      init/initramfs.o
  CC      fs/iomap/buffered-io.o
  AR      lib/math/built-in.a
  CC      arch/mips/kernel/irq.o
  CC      lib/crypto/memneq.o
  CC      block/partitions/efi.o
  CC      crypto/algapi.o
  CC      lib/zlib_inflate/inffast.o
  CC      ipc/sem.o
  AR      arch/mips/bmips/built-in.a
  CC      lib/zlib_deflate/deflate.o
  CC      arch/mips/mm/init.o
  CC      lib/crypto/utils.o
  CC      lib/zlib_inflate/inflate.o
  CC      fs/notify/fanotify/fanotify_user.o
  CC      kernel/locking/mutex.o
  CC      arch/mips/kernel/process.o
  CC      lib/crypto/chacha.o
  CC      arch/mips/net/bpf_jit_comp32.o
  AR      block/partitions/built-in.a
  CC      block/fops.o
  CC      init/calibrate.o
  CC      mm/oom_kill.o
  CC      security/keys/keyctl.o
  CC      lib/crypto/aes.o
  CC      lib/zlib_deflate/deftree.o
  CC      lib/zlib_inflate/infutil.o
  CC      init/init_task.o
  CC      arch/mips/mm/mmap.o
  CC      crypto/scatterwalk.o
  CC      kernel/sched/fair.o
  CC      kernel/locking/semaphore.o
  CC      lib/crypto/arc4.o
  CC      arch/mips/kernel/prom.o
  CC      lib/zlib_inflate/inftrees.o
  CC      lib/zlib_deflate/deflate_syms.o
  CC      init/version.o
  CC      arch/mips/mm/page.o
  CC      block/bio.o
  CC      lib/zlib_inflate/inflate_syms.o
  CC      ipc/shm.o
  CC      crypto/proc.o
  AR      init/built-in.a
  CC      crypto/aead.o
  CC      lib/crypto/gf128mul.o
  AR      fs/notify/fanotify/built-in.a
  CC      fs/notify/fsnotify.o
  CC      arch/mips/kernel/ptrace.o
  CC      mm/fadvise.o
  CC      security/keys/permission.o
  CC      kernel/locking/rwsem.o
  CC      crypto/lskcipher.o
  AR      lib/zlib_deflate/built-in.a
  CC      fs/iomap/direct-io.o
  AR      fs/quota/built-in.a
  CC      security/min_addr.o
  AR      arch/mips/net/built-in.a
  CC      kernel/power/qos.o
  AR      lib/zlib_inflate/built-in.a
  CC      lib/lzo/lzo1x_compress.o
  AS      arch/mips/mm/page-funcs.o
  CC      arch/mips/mm/pgtable.o
  CC      lib/zstd/zstd_compress_module.o
  CC      fs/notify/notification.o
  CC      mm/maccess.o
  CC      security/keys/process_keys.o
  CC      kernel/locking/percpu-rwsem.o
  CC      lib/xz/xz_dec_syms.o
  CC      arch/mips/kernel/reset.o
  CC      lib/crypto/blake2s.o
  CC      ipc/syscall.o
  CC      arch/mips/mm/tlbex.o
  CC      lib/zstd/compress/fse_compress.o
  CC      kernel/power/main.o
  CC      arch/mips/kernel/setup.o
  CC      lib/lzo/lzo1x_compress_safe.o
  CC      fs/iomap/fiemap.o
  CC      fs/notify/group.o
  CC      lib/xz/xz_dec_stream.o
  CC      crypto/skcipher.o
  CC      kernel/locking/spinlock.o
  CC      lib/crypto/blake2s-generic.o
  CC      lib/zstd/compress/hist.o
  CC      mm/page-writeback.o
  CC      lib/zstd/compress/huf_compress.o
  CC      block/elevator.o
  CC      ipc/ipc_sysctl.o
  AS      arch/mips/mm/tlbex-fault.o
  CC      kernel/power/poweroff.o
  AS      arch/mips/mm/tlb-funcs.o
  CC      lib/xz/xz_dec_lzma2.o
  CC      arch/mips/mm/uasm-mips.o
  CC      security/keys/request_key.o
  CC      fs/notify/mark.o
  CC      kernel/locking/qspinlock.o
  CC      arch/mips/kernel/signal.o
  CC      lib/lzo/lzo1x_decompress_safe.o
  CC      lib/crypto/sha1.o
  AR      kernel/power/built-in.a
  CC      lib/crypto/sha256.o
  CC      fs/iomap/seek.o
  CC      ipc/mqueue.o
  CC      lib/zstd/compress/zstd_compress.o
  CC      kernel/locking/rtmutex_api.o
  CC      arch/mips/fw/lib/cmdline.o
  AR      lib/lzo/built-in.a
  CC      kernel/sched/build_policy.o
  CC      block/blk-core.o
  CC      fs/iomap/swapfile.o
  AR      arch/mips/fw/lib/built-in.a
  AR      arch/mips/fw/lib/lib.a
  AR      lib/xz/built-in.a
  CC      fs/proc/task_mmu.o
  AR      lib/crypto/built-in.a
  CC      arch/mips/mm/maccess.o
  CC      security/device_cgroup.o
  LDS     arch/mips/vdso/vdso.lds
  AS      arch/mips/vdso/elf.o
  CC      security/keys/request_key_auth.o
  CC      arch/mips/vdso/vgettimeofday.o
  CC      crypto/bpf_crypto_skcipher.o
  CC      arch/mips/mm/ioremap.o
  CC      fs/notify/fdinfo.o
  CC      arch/mips/kernel/syscall.o
  AS      arch/mips/vdso/sigreturn.o
  HOSTCC  arch/mips/vdso/genvdso
  CC      crypto/ahash.o
  CC      arch/mips/mm/pgtable-32.o
  LD      arch/mips/vdso/vdso.so.dbg.raw
  CC      mm/folio-compat.o
  CC      kernel/locking/qrwlock.o
  OBJCOPY arch/mips/vdso/vdso.so.raw
  GENVDSO arch/mips/vdso/vdso-image.c
  CC      security/keys/user_defined.o
  CC      arch/mips/vdso/vdso-image.o
  AR      fs/notify/built-in.a
  CC      security/keys/proc.o
  AR      fs/iomap/built-in.a
  CC      fs/kernfs/mount.o
  CC      fs/kernfs/inode.o
  CC      fs/proc/inode.o
  CC      arch/mips/kernel/time.o
  CC      ipc/namespace.o
  CC      arch/mips/mm/dma-noncoherent.o
  CC      block/blk-sysfs.o
  AR      kernel/locking/built-in.a
  CC      kernel/printk/printk.o
  CC      kernel/irq/irqdesc.o
  CC      mm/readahead.o
  CC      kernel/printk/printk_safe.o
  AR      arch/mips/vdso/built-in.a
  CC      kernel/printk/nbcon.o
  CC      security/keys/sysctl.o
  CC      ipc/mq_sysctl.o
  CC      lib/lzma/LzFind.o
  CC      arch/mips/mm/c-r4k.o
  CC      fs/kernfs/dir.o
  CC      fs/proc/root.o
  CC      lib/dim/dim.o
  CC      arch/mips/kernel/topology.o
  CC      crypto/shash.o
  AR      security/keys/built-in.a
  AR      security/built-in.a
  CC      kernel/irq/handle.o
  CC      block/blk-flush.o
  AR      ipc/built-in.a
  CC      lib/dim/net_dim.o
  CC      lib/lzma/LzmaEnc.o
  CC      mm/swap.o
  CC      fs/sysfs/file.o
  CC      kernel/sched/build_utility.o
  CC      fs/proc/base.o
  CC      lib/zstd/compress/zstd_compress_literals.o
  CC      arch/mips/kernel/traps.o
  CC      crypto/acompress.o
  CC      lib/zstd/compress/zstd_compress_sequences.o
  CC      kernel/rcu/update.o
  CC      kernel/irq/manage.o
  CC      fs/kernfs/file.o
  CC      lib/zstd/compress/zstd_compress_superblock.o
  CC      block/blk-settings.o
  CC      fs/sysfs/dir.o
  CC      lib/dim/rdma_dim.o
  CC      lib/zstd/compress/zstd_double_fast.o
  CC      mm/truncate.o
  CC      kernel/printk/printk_ringbuffer.o
  CC      crypto/scompress.o
  AR      lib/dim/built-in.a
  CC      crypto/algboss.o
  AS      arch/mips/mm/cex-gen.o
  CC      arch/mips/mm/tlb-r4k.o
  CC      lib/lzma/LzmaDec.o
  CC      fs/sysfs/symlink.o
  CC      fs/kernfs/symlink.o
  CC      block/blk-ioc.o
  CC      arch/mips/kernel/unaligned.o
  CC      kernel/printk/sysctl.o
  AR      lib/lzma/built-in.a
  CC      arch/mips/kernel/watch.o
  CC      kernel/irq/spurious.o
  CC      mm/vmscan.o
  CC      fs/sysfs/mount.o
  AR      fs/kernfs/built-in.a
  CC      kernel/rcu/sync.o
  CC      block/blk-map.o
  CC      arch/mips/lib/bitops.o
  AR      drivers/cache/built-in.a
  CC      drivers/irqchip/irqchip.o
  CC      drivers/irqchip/irq-mips-cpu.o
  AS      arch/mips/lib/csum_partial.o
  CC      arch/mips/lib/delay.o
  AR      kernel/printk/built-in.a
  CC      fs/proc/generic.o
  AR      kernel/livepatch/built-in.a
  CC      lib/zstd/compress/zstd_fast.o
  CC      crypto/testmgr.o
  CC      arch/mips/kernel/vdso.o
  TEST    lib/test_fortify/read_overflow-memchr.log
  CC      kernel/rcu/srcutree.o
  AS      arch/mips/lib/memcpy.o
  AS      arch/mips/lib/memset.o
  CC      arch/mips/lib/mips-atomic.o
  AR      arch/mips/mm/built-in.a
  CC      fs/sysfs/group.o
  AS      arch/mips/lib/strncpy_user.o
  AS      arch/mips/lib/strnlen_user.o
  CC      arch/mips/lib/uncached.o
  TEST    lib/test_fortify/read_overflow-memchr_inv.log
  CC      arch/mips/kernel/cacheinfo.o
  AR      kernel/sched/built-in.a
  CC      arch/mips/kernel/cpu-probe.o
  CC      kernel/irq/resend.o
  CC      crypto/crypto_null.o
  CC      fs/devpts/inode.o
  CC      block/blk-merge.o
  TEST    lib/test_fortify/read_overflow-memcmp.log
  CC      drivers/irqchip/irq-bcm6345-ext.o
  AR      fs/sysfs/built-in.a
  AR      sound/built-in.a
  CC      fs/proc/array.o
  AR      drivers/bus/mhi/built-in.a
  CC      arch/mips/lib/iomap_copy.o
  CC      drivers/bus/simple-pm-bus.o
  CC      lib/zstd/compress/zstd_lazy.o
  CC      lib/argv_split.o
  CC      arch/mips/lib/iomap-pci.o
  CC      crypto/ecb.o
  TEST    lib/test_fortify/read_overflow-memscan.log
  CC      kernel/irq/chip.o
  CC      kernel/rcu/tree.o
  CC      kernel/rcu/rcu_segcblist.o
  CC      drivers/irqchip/irq-bcm6345-l1.o
  AR      drivers/bus/built-in.a
  CC      kernel/irq/dummychip.o
  CC      drivers/irqchip/irq-bcm7120-l2.o
  AR      fs/devpts/built-in.a
  CC      crypto/ctr.o
  CC      kernel/dma/mapping.o
  CC      arch/mips/lib/dump_tlb.o
  TEST    lib/test_fortify/read_overflow2-memcmp.log
  CC      arch/mips/kernel/cevt-r4k.o
  CC      fs/proc/fd.o
  CC      mm/shrinker.o
  CC      crypto/gcm.o
  CC      block/blk-timeout.o
  CC      block/blk-lib.o
  CC      kernel/irq/devres.o
  TEST    lib/test_fortify/read_overflow2-memcpy.log
  CC      lib/buildid.o
  AR      drivers/irqchip/built-in.a
  AR      drivers/phy/allwinner/built-in.a
  CC      arch/mips/lib/bswapsi.o
  AR      drivers/phy/amlogic/built-in.a
  CC      drivers/phy/broadcom/phy-bcm63xx-usbh.o
  CC      arch/mips/lib/bswapdi.o
  CC      arch/mips/lib/multi3.o
  CC      arch/mips/kernel/csrc-r4k.o
  AR      arch/mips/lib/lib.a
  AR      arch/mips/lib/built-in.a
  CC      kernel/dma/direct.o
  CC      net/core/sock.o
  CC      fs/proc/proc_tty.o
  TEST    lib/test_fortify/read_overflow2-memmove.log
  CC      block/blk-mq.o
  CC      lib/zstd/compress/zstd_ldm.o
  CC      kernel/irq/kexec.o
  CC      arch/mips/kernel/sync-r4k.o
  CC      block/blk-mq-tag.o
  CC      lib/zstd/compress/zstd_opt.o
  TEST    lib/test_fortify/read_overflow2_field-memcpy.log
  AR      virt/lib/built-in.a
  CC      crypto/ccm.o
  AR      virt/built-in.a
  CC      arch/mips/pci/pci.o
  CC      fs/proc/cmdline.o
  CC      kernel/irq/generic-chip.o
  CC      lib/zstd/zstd_decompress_module.o
  CC      kernel/dma/coherent.o
  TEST    lib/test_fortify/read_overflow2_field-memmove.log
  AR      drivers/phy/broadcom/built-in.a
  AR      drivers/phy/cadence/built-in.a
  AR      drivers/phy/freescale/built-in.a
  CC      arch/mips/kernel/segment.o
  AR      drivers/phy/hisilicon/built-in.a
  AR      drivers/phy/ingenic/built-in.a
  AR      drivers/phy/intel/built-in.a
  AR      drivers/phy/lantiq/built-in.a
  AR      drivers/phy/marvell/built-in.a
  AR      drivers/phy/mediatek/built-in.a
  AR      drivers/phy/microchip/built-in.a
  AR      drivers/phy/motorola/built-in.a
  AR      drivers/phy/mscc/built-in.a
  AR      drivers/phy/nuvoton/built-in.a
  AR      drivers/phy/qualcomm/built-in.a
  CC      fs/proc/consoles.o
  AR      drivers/phy/ralink/built-in.a
  AR      drivers/phy/realtek/built-in.a
  CC      arch/mips/pci/pci-legacy.o
  AR      drivers/phy/renesas/built-in.a
  CC      mm/shmem.o
  AR      drivers/phy/rockchip/built-in.a
  AR      drivers/phy/samsung/built-in.a
  CC      lib/zstd/decompress/huf_decompress.o
  AR      drivers/phy/socionext/built-in.a
  AR      drivers/phy/st/built-in.a
  TEST    lib/test_fortify/write_overflow-memcpy.log
  AR      drivers/phy/starfive/built-in.a
  AR      drivers/phy/sunplus/built-in.a
  AR      drivers/phy/tegra/built-in.a
  AR      drivers/phy/ti/built-in.a
  AR      kernel/entry/built-in.a
  AR      drivers/phy/xilinx/built-in.a
  CC      drivers/phy/phy-core.o
  CC      fs/squashfs/block.o
  CC      kernel/irq/autoprobe.o
  CC      crypto/pcrypt.o
  CC      kernel/dma/remap.o
  CC      fs/proc/cpuinfo.o
  CC      arch/mips/kernel/module.o
  TEST    lib/test_fortify/write_overflow-memmove.log
  CC      kernel/irq/irqdomain.o
  CC      arch/mips/pci/fixup-bmips.o
  AR      kernel/dma/built-in.a
  AS      arch/mips/kernel/r4k_switch.o
  CC      fs/squashfs/cache.o
  CC      fs/proc/devices.o
  CC      crypto/aes_generic.o
  TEST    lib/test_fortify/write_overflow-memset.log
  AR      drivers/phy/built-in.a
  AR      drivers/pinctrl/actions/built-in.a
  CC      drivers/pinctrl/bcm/pinctrl-bcm63xx.o
  CC      drivers/gpio/gpiolib.o
  TEST    lib/test_fortify/write_overflow-strcpy-lit.log
  AR      arch/mips/pci/built-in.a
  CC      lib/cmdline.o
  CC      fs/proc/interrupts.o
  CC      net/llc/llc_core.o
  CC      arch/mips/kernel/smp.o
  CC      kernel/irq/proc.o
  TEST    lib/test_fortify/write_overflow-strcpy.log
  CC      drivers/pinctrl/bcm/pinctrl-bcm63268.o
  AR      kernel/rcu/built-in.a
  CC      net/core/request_sock.o
  CC      net/llc/llc_input.o
  CC      mm/util.o
  CC      crypto/deflate.o
  CC      fs/squashfs/dir.o
  CC      fs/proc/loadavg.o
  TEST    lib/test_fortify/write_overflow-strncpy-src.log
  CC      block/blk-stat.o
  CC      net/core/skbuff.o
  TEST    lib/test_fortify/write_overflow-strncpy.log
  CC      kernel/irq/affinity.o
  CC      fs/squashfs/export.o
  AR      drivers/pinctrl/bcm/built-in.a
  AR      drivers/pinctrl/cirrus/built-in.a
  AR      drivers/pinctrl/freescale/built-in.a
  AR      drivers/pinctrl/mediatek/built-in.a
  AR      drivers/pinctrl/mvebu/built-in.a
  AR      drivers/pinctrl/nomadik/built-in.a
  AR      drivers/pinctrl/nuvoton/built-in.a
  AR      drivers/pinctrl/nxp/built-in.a
  CC      net/core/datagram.o
  AR      drivers/pinctrl/qcom/built-in.a
  CC      crypto/lzo.o
  AR      drivers/pinctrl/sophgo/built-in.a
  AR      drivers/pinctrl/sprd/built-in.a
  AR      drivers/pinctrl/sunplus/built-in.a
  AR      drivers/pinctrl/ti/built-in.a
  CC      drivers/gpio/gpiolib-devres.o
  CC      drivers/pinctrl/core.o
  CC      net/llc/llc_output.o
  AR      arch/mips/crypto/built-in.a
  CC      lib/cpumask.o
  TEST    lib/test_fortify/write_overflow-strscpy.log
  CC      arch/mips/kernel/smp-up.o
  CC      fs/proc/meminfo.o
  CC      block/blk-mq-sysfs.o
  CC      arch/mips/kernel/smp-bmips.o
  AR      kernel/irq/built-in.a
  CC      kernel/module/main.o
  TEST    lib/test_fortify/write_overflow_field-memcpy.log
  CC      mm/mmzone.o
  CC      fs/squashfs/file.o
  CC      crypto/lzo-rle.o
  CC      lib/zstd/decompress/zstd_ddict.o
  CC      net/ethernet/eth.o
  CC      fs/ramfs/inode.o
  TEST    lib/test_fortify/write_overflow_field-memmove.log
  CC      mm/vmstat.o
  CC      block/blk-mq-cpumap.o
  CC      fs/proc/stat.o
  CC      crypto/ghash-generic.o
  AR      net/llc/built-in.a
  CC      drivers/pinctrl/pinctrl-utils.o
  AS      arch/mips/kernel/bmips_vec.o
  AS      arch/mips/kernel/bmips_5xxx_init.o
  AS      arch/mips/kernel/scall32-o32.o
  CC      arch/mips/kernel/proc.o
  TEST    lib/test_fortify/write_overflow_field-memset.log
  CC      net/core/stream.o
  CC      drivers/gpio/gpiolib-legacy.o
  CC      drivers/gpio/gpiolib-of.o
  CC      fs/ramfs/file-mmu.o
  CC      fs/squashfs/fragment.o
  CC      crypto/zstd.o
  CAT     lib/test_fortify/test_fortify.log
  CC      arch/mips/kernel/sysrq.o
  CC      fs/proc/uptime.o
  CC      block/blk-mq-sched.o
  CC      drivers/pinctrl/pinmux.o
  CC      kernel/module/strict_rwx.o
  CC      arch/mips/kernel/jump_label.o
  AR      net/ethernet/built-in.a
  CC      drivers/pinctrl/pinconf.o
  CC      lib/zstd/decompress/zstd_decompress.o
  CC      kernel/time/time.o
  CC      fs/proc/util.o
  CC      crypto/hash_info.o
  CC      drivers/gpio/gpiolib-cdev.o
  CC      fs/squashfs/id.o
  CC [M]  crypto/crc32c_generic.o
  CC      kernel/module/kmod.o
  CC      mm/backing-dev.o
  AR      arch/mips/kernel/built-in.a
  AR      arch/mips/built-in.a
  AR      arch/mips/power/built-in.a
  CC      mm/mm_init.o
  AR      fs/ramfs/built-in.a
  CC      net/core/scm.o
  AR      drivers/pwm/built-in.a
  CC      lib/ctype.o
  CC      block/ioctl.o
  CC      lib/dec_and_lock.o
  CC      drivers/pinctrl/pinconf-generic.o
  CC      block/genhd.o
  CC      fs/proc/version.o
  AR      crypto/built-in.a
  CC      block/ioprio.o
  CC      net/802/p8022.o
  CC      fs/squashfs/inode.o
  CC      kernel/time/timer.o
  CC      drivers/pinctrl/devicetree.o
  CC      kernel/futex/core.o
  CC      fs/proc/softirqs.o
  CC      kernel/module/kallsyms.o
  CC      drivers/gpio/gpiolib-sysfs.o
  CC      block/badblocks.o
  CC      drivers/gpio/gpiolib-swnode.o
  CC      drivers/pinctrl/pinctrl-single.o
  CC      net/802/psnap.o
  CC      mm/percpu.o
  CC      fs/squashfs/namei.o
  AR      drivers/leds/rgb/built-in.a
  CC      net/core/gen_stats.o
  CC      drivers/leds/trigger/ledtrig-timer.o
  CC      kernel/futex/syscalls.o
  CC      fs/proc/namespaces.o
  AR      drivers/leds/blink/built-in.a
  CC      lib/decompress.o
  CC      kernel/time/hrtimer.o
  CC      lib/zstd/decompress/zstd_decompress_block.o
  CC      kernel/cgroup/cgroup.o
  CC      fs/squashfs/super.o
  CC      drivers/leds/trigger/ledtrig-heartbeat.o
  CC      drivers/gpio/gpio-regmap.o
  CC      block/blk-rq-qos.o
  CC      net/802/stp.o
  CC      kernel/module/procfs.o
  CC      kernel/module/sysfs.o
  CC      fs/proc/self.o
  AR      drivers/pinctrl/built-in.a
  CC      kernel/cgroup/rstat.o
  CC      net/core/gen_estimator.o
  CC      drivers/leds/trigger/ledtrig-default-on.o
  CC      kernel/futex/pi.o
  CC      drivers/gpio/gpio-mmio.o
  CC      kernel/cgroup/namespace.o
  CC      fs/squashfs/symlink.o
  CC      fs/proc/thread_self.o
  CC      block/disk-events.o
  AR      kernel/module/built-in.a
  CC      drivers/leds/trigger/ledtrig-netdev.o
  CC      mm/slab_common.o
  AR      net/802/built-in.a
  CC      fs/exportfs/expfs.o
  CC      lib/dump_stack.o
  CC      kernel/futex/requeue.o
  CC      kernel/time/timekeeping.o
  CC      net/core/net_namespace.o
  CC      fs/squashfs/decompressor.o
  CC      fs/proc/proc_sysctl.o
  AR      drivers/gpio/built-in.a
  CC      kernel/cgroup/cgroup-v1.o
  CC      lib/zstd/zstd_common_module.o
  CC      kernel/cgroup/freezer.o
  AR      drivers/leds/simple/built-in.a
  CC      block/blk-ia-ranges.o
  CC      lib/earlycpio.o
  CC      kernel/bpf/core.o
  CC      mm/compaction.o
  CC      kernel/futex/waitwake.o
  AR      fs/exportfs/built-in.a
  CC      lib/extable.o
  CC      kernel/bpf/syscall.o
  CC      fs/squashfs/page_actor.o
  AR      drivers/leds/trigger/built-in.a
  CC      drivers/leds/led-core.o
  CC      lib/zstd/common/debug.o
  CC      lib/zstd/common/entropy_common.o
  CC      net/sched/sch_generic.o
  CC      block/early-lookup.o
  CC      lib/fdt.o
  CC      net/sched/sch_mq.o
  CC      fs/squashfs/file_direct.o
  CC      lib/zstd/common/error_private.o
  CC      lib/zstd/common/fse_decompress.o
  CC      drivers/leds/led-class.o
  CC      net/sched/sch_frag.o
  AR      kernel/futex/built-in.a
  CC      net/core/secure_seq.o
  CC      kernel/time/ntp.o
  CC      fs/proc/proc_net.o
  CC      drivers/pci/msi/pcidev_msi.o
  CC      mm/show_mem.o
  CC      block/blk-cgroup.o
  CC      lib/zstd/common/zstd_common.o
  CC      fs/squashfs/decompressor_multi_percpu.o
  AR      lib/zstd/built-in.a
  CC      lib/fdt_addresses.o
  CC      lib/fdt_empty_tree.o
  CC      drivers/pci/pcie/portdrv.o
  AR      drivers/pci/msi/built-in.a
  CC      lib/fdt_ro.o
  AR      drivers/pci/pwrctl/built-in.a
  CC      lib/fdt_rw.o
  CC      kernel/time/clocksource.o
  CC      drivers/leds/led-class-multicolor.o
  CC      fs/proc/kmsg.o
  CC      fs/squashfs/xz_wrapper.o
  CC      block/blk-cgroup-rwstat.o
  CC      kernel/cgroup/pids.o
  CC      mm/interval_tree.o
  CC      net/core/flow_dissector.o
  CC      mm/list_lru.o
  CC      lib/fdt_strerror.o
  CC      kernel/bpf/verifier.o
  CC      lib/fdt_sw.o
  AR      fs/proc/built-in.a
  CC      net/netlink/af_netlink.o
  CC      drivers/leds/led-triggers.o
  CC      drivers/pci/pcie/rcec.o
  CC      net/sched/sch_api.o
  CC      kernel/cgroup/rdma.o
  CC      lib/fdt_wip.o
  CC      kernel/time/jiffies.o
  AR      fs/squashfs/built-in.a
  AR      fs/unicode/built-in.a
  CC      fs/jffs2/compr.o
  CC      lib/flex_proportions.o
  CC      net/netlink/genetlink.o
  CC      fs/jffs2/dir.o
  CC      net/core/sysctl_net_core.o
  CC      drivers/pci/pcie/aspm.o
  CC      kernel/time/timer_list.o
  AR      drivers/leds/built-in.a
  CC      kernel/fork.o
  CC      lib/idr.o
  CC      block/blk-throttle.o
  CC      kernel/exec_domain.o
  CC      kernel/cgroup/cpuset.o
  CC      mm/workingset.o
  CC      drivers/pci/pcie/pme.o
  CC      kernel/time/timeconv.o
  CC      lib/irq_regs.o
  AR      drivers/video/backlight/built-in.a
  AR      drivers/video/fbdev/core/built-in.a
  AR      drivers/video/fbdev/omap/built-in.a
  AR      drivers/video/fbdev/omap2/omapfb/dss/built-in.a
  AR      drivers/video/fbdev/omap2/omapfb/displays/built-in.a
  AR      drivers/video/fbdev/omap2/omapfb/built-in.a
  AR      drivers/video/fbdev/omap2/built-in.a
  AR      drivers/video/fbdev/built-in.a
  AR      drivers/video/built-in.a
  AR      drivers/pci/controller/dwc/built-in.a
  AR      drivers/pci/controller/mobiveil/built-in.a
  AR      drivers/pci/controller/plda/built-in.a
  CC      fs/jffs2/file.o
  CC      drivers/pci/controller/pcie-bcm6328.o
  CC      net/bpf/test_run.o
  CC      lib/is_single_threaded.o
  CC      kernel/time/timecounter.o
  CC      kernel/time/alarmtimer.o
  CC      mm/debug.o
  CC      net/ethtool/ioctl.o
  AR      drivers/pci/pcie/built-in.a
  CC      net/bpf/bpf_dummy_struct_ops.o
  CC      net/core/dev.o
  CC      lib/klist.o
  CC      net/sched/sch_blackhole.o
  CC      fs/ubifs/shrinker.o
  AR      drivers/pci/controller/built-in.a
  AR      drivers/pci/switch/built-in.a
  CC      drivers/pci/access.o
  CC      fs/jffs2/ioctl.o
  CC      block/blk-mq-pci.o
  CC      net/netlink/policy.o
  CC      lib/kobject.o
  CC      kernel/time/posix-timers.o
  CC      mm/gup.o
  CC      fs/jffs2/nodelist.o
  CC      fs/ubifs/journal.o
  CC      net/sched/sch_fifo.o
  CC      fs/ubifs/file.o
  CC      block/blk-pm.o
  CC      drivers/pci/bus.o
  AR      kernel/cgroup/built-in.a
  CC      kernel/panic.o
  CC      kernel/bpf/inode.o
  CC      lib/kobject_uevent.o
  AR      net/netlink/built-in.a
  AR      drivers/idle/built-in.a
  AR      drivers/char/ipmi/built-in.a
  CC      net/ethtool/common.o
  AR      block/built-in.a
  CC      fs/overlayfs/super.o
  CC      drivers/pci/probe.o
  CC      net/sched/sch_fq_codel.o
  AR      net/bpf/built-in.a
  CC      net/netfilter/core.o
  CC      fs/jffs2/malloc.o
  CC      lib/logic_pio.o
  CC      kernel/time/posix-cpu-timers.o
  CC      net/core/dev_addr_lists.o
  CC      mm/mmap_lock.o
  CC      net/ethtool/netlink.o
  CC      fs/ubifs/dir.o
  AR      drivers/amba/built-in.a
  AR      fs/hostfs/built-in.a
  CC      drivers/pci/host-bridge.o
  CC      fs/jffs2/read.o
  CC      lib/maple_tree.o
  CC      net/netfilter/nf_log.o
  CC      net/ethtool/bitset.o
  CC      kernel/time/posix-clock.o
  CC      fs/overlayfs/namei.o
  CC      mm/highmem.o
  AR      net/sched/built-in.a
  AR      net/ipv4/netfilter/built-in.a
  CC [M]  net/ipv4/netfilter/nf_defrag_ipv4.o
  CC      net/ipv4/route.o
  CC      fs/jffs2/nodemgmt.o
  CC      fs/jffs2/readinode.o
  CC      drivers/pci/remove.o
  CC      kernel/bpf/helpers.o
  CC      kernel/cpu.o
  CC      kernel/time/itimer.o
  CC      fs/ubifs/super.o
  CC      net/netfilter/nf_queue.o
  AR      drivers/clk/actions/built-in.a
  AR      drivers/clk/analogbits/built-in.a
  CC      drivers/clk/bcm/clk-bcm63xx-gate.o
  CC      mm/memory.o
  CC      fs/overlayfs/util.o
  CC [M]  net/ipv4/netfilter/nf_reject_ipv4.o
  CC      net/ethtool/strset.o
  CC      drivers/pci/pci.o
  CC      fs/jffs2/write.o
  CC      drivers/clk/bcm/clk-bcm63268-timer.o
  CC      kernel/time/clockevents.o
  AR      drivers/clk/imgtec/built-in.a
  CC      mm/mincore.o
  CC      net/netfilter/nf_sockopt.o
  AR      drivers/clk/bcm/built-in.a
  AR      drivers/clk/imx/built-in.a
  CC      fs/jffs2/scan.o
  AR      drivers/clk/ingenic/built-in.a
  CC      kernel/time/tick-common.o
  AR      drivers/clk/keystone/built-in.a
  AR      drivers/clk/mediatek/built-in.a
  AR      drivers/clk/microchip/built-in.a
  AR      drivers/clk/mstar/built-in.a
  AR      drivers/clk/mvebu/built-in.a
  AR      drivers/clk/ralink/built-in.a
  CC      net/unix/af_unix.o
  AR      drivers/clk/renesas/built-in.a
  AR      drivers/clk/socfpga/built-in.a
  AR      drivers/clk/sophgo/built-in.a
  AR      drivers/clk/sprd/built-in.a
  AR      drivers/clk/starfive/built-in.a
  AR      drivers/clk/sunxi-ng/built-in.a
  AR      drivers/clk/ti/built-in.a
  CC      net/ethtool/linkinfo.o
  AR      drivers/clk/versatile/built-in.a
  AR      drivers/clk/xilinx/built-in.a
  CC      drivers/clk/clk-devres.o
  CC      fs/overlayfs/inode.o
  CC      fs/ubifs/sb.o
  CC      net/core/dst.o
  CC      net/unix/garbage.o
  CC      net/netfilter/utils.o
  CC [M]  net/ipv4/netfilter/nft_reject_ipv4.o
  CC      drivers/clk/clk-bulk.o
  CC      kernel/time/sched_clock.o
  CC      net/ethtool/linkmodes.o
  CC      kernel/time/tick-oneshot.o
  CC      drivers/clk/clkdev.o
  CC      fs/overlayfs/file.o
  CC      drivers/pci/pci-driver.o
  CC      fs/jffs2/gc.o
  AR      drivers/soc/apple/built-in.a
  AR      drivers/soc/aspeed/built-in.a
  AR      drivers/soc/bcm/built-in.a
  AR      drivers/soc/fsl/built-in.a
  CC      fs/debugfs/inode.o
  AR      drivers/soc/fujitsu/built-in.a
  AR      drivers/soc/hisilicon/built-in.a
  CC      net/netfilter/nf_bpf_link.o
  AR      drivers/soc/imx/built-in.a
  AR      drivers/soc/ixp4xx/built-in.a
  CC      fs/ubifs/io.o
  AR      drivers/soc/loongson/built-in.a
  AR      drivers/soc/mediatek/built-in.a
  AR      drivers/soc/microchip/built-in.a
  AR      drivers/soc/nuvoton/built-in.a
  AR      drivers/soc/pxa/built-in.a
  AR      drivers/soc/amlogic/built-in.a
  CC      mm/mlock.o
  AR      drivers/soc/qcom/built-in.a
  AR      drivers/soc/renesas/built-in.a
  AR      drivers/soc/rockchip/built-in.a
  AR      drivers/soc/sunxi/built-in.a
  CC      lib/memcat_p.o
  AR      drivers/soc/ti/built-in.a
  CC      drivers/clk/clk.o
  CC      kernel/time/tick-sched.o
  AR      drivers/soc/versatile/built-in.a
  AR      drivers/soc/xilinx/built-in.a
  AR      drivers/soc/built-in.a
  AR      drivers/pmdomain/actions/built-in.a
  AR      drivers/pmdomain/amlogic/built-in.a
  AR      drivers/pmdomain/apple/built-in.a
  AR      drivers/pmdomain/arm/built-in.a
  CC      drivers/pmdomain/bcm/bcm63xx-power.o
  CC [M]  net/ipv4/netfilter/nft_fib_ipv4.o
  CC      net/ethtool/rss.o
  CC      lib/nmi_backtrace.o
  CC      fs/overlayfs/dir.o
  CC      net/core/netevent.o
  CC      drivers/pci/search.o
  CC      net/netfilter/nf_hooks_lwtunnel.o
  CC      fs/jffs2/symlink.o
  CC      kernel/time/vsyscall.o
  CC      fs/debugfs/file.o
  CC      fs/ubifs/tnc.o
  AR      drivers/pmdomain/bcm/built-in.a
  AR      drivers/pmdomain/imx/built-in.a
  AR      drivers/pmdomain/mediatek/built-in.a
  AR      drivers/pmdomain/qcom/built-in.a
  AR      drivers/pmdomain/renesas/built-in.a
  AR      drivers/pmdomain/rockchip/built-in.a
  AR      drivers/pmdomain/samsung/built-in.a
  AR      drivers/pmdomain/st/built-in.a
  AR      drivers/pmdomain/starfive/built-in.a
  AR      drivers/pmdomain/sunxi/built-in.a
  AR      drivers/pmdomain/tegra/built-in.a
  AR      drivers/pmdomain/ti/built-in.a
  AR      drivers/pmdomain/xilinx/built-in.a
  CC      kernel/time/timekeeping_debug.o
  CC      drivers/pmdomain/core.o
  CC      mm/mmap.o
  CC      lib/objpool.o
  CC      net/ethtool/linkstate.o
  CC      net/unix/sysctl_net_unix.o
  CC      net/core/neighbour.o
  CC      drivers/pci/rom.o
  CC      fs/jffs2/build.o
  CC [M]  net/netfilter/nfnetlink.o
  CC      fs/overlayfs/readdir.o
  CC      net/ipv4/inetpeer.o
  CC      lib/plist.o
  AR      kernel/time/built-in.a
  CC      fs/ubifs/master.o
  CC      lib/radix-tree.o
  CC      drivers/pci/setup-res.o
  AR      fs/debugfs/built-in.a
  CC      drivers/pmdomain/governor.o
  CC      net/unix/unix_bpf.o
  CC      drivers/clk/clk-divider.o
  CC      fs/jffs2/erase.o
  CC      kernel/bpf/tnum.o
  CC      kernel/bpf/log.o
  CC      net/ethtool/debug.o
  AR      net/ipv6/netfilter/built-in.a
  CC      mm/mmu_gather.o
  CC [M]  net/ipv6/netfilter/nf_defrag_ipv6_hooks.o
  CC [M]  net/netfilter/nf_conntrack_core.o
  CC      fs/overlayfs/copy_up.o
  CC      fs/ubifs/scan.o
  CC      drivers/pci/irq.o
  CC [M]  net/netfilter/nf_conntrack_standalone.o
  CC      lib/ratelimit.o
  AR      drivers/pmdomain/built-in.a
  CC      fs/jffs2/background.o
  CC      fs/open.o
  CC      net/ipv4/protocol.o
  CC      mm/mprotect.o
  CC      lib/rbtree.o
  AR      net/unix/built-in.a
  CC      net/packet/af_packet.o
  CC      drivers/pci/vpd.o
  CC      drivers/clk/clk-fixed-factor.o
  CC      fs/ubifs/replay.o
  CC      net/ethtool/wol.o
  CC      lib/seq_buf.o
  CC [M]  net/ipv6/netfilter/nf_conntrack_reasm.o
  CC      fs/overlayfs/export.o
  CC      fs/jffs2/fs.o
  CC      kernel/bpf/token.o
  CC      drivers/clk/clk-fixed-rate.o
  CC      net/ipv4/ip_input.o
  CC      net/ethtool/features.o
  CC      drivers/pci/setup-bus.o
  CC      lib/siphash.o
  CC      mm/mremap.o
  CC      net/core/rtnetlink.o
  CC      fs/jffs2/writev.o
  CC      fs/overlayfs/params.o
  CC      fs/ubifs/log.o
  CC      drivers/clk/clk-gate.o
  CC      kernel/bpf/bpf_iter.o
  CC      kernel/exit.o
  CC      lib/string.o
  CC      net/ipv6/af_inet6.o
  CC [M]  net/netfilter/nf_conntrack_expect.o
  CC [M]  net/ipv6/netfilter/nf_reject_ipv6.o
  CC      fs/jffs2/super.o
  CC      drivers/clk/clk-multiplier.o
  CC      lib/timerqueue.o
  CC      mm/msync.o
  CC      lib/union_find.o
  CC      net/ethtool/privflags.o
  CC      lib/vsprintf.o
  CC      fs/ubifs/commit.o
  CC      drivers/clk/clk-mux.o
  CC      net/ipv4/ip_fragment.o
  CC      fs/overlayfs/xattrs.o
  CC      drivers/pci/vc.o
  CC      kernel/bpf/map_iter.o
  CC      mm/page_vma_mapped.o
  CC      drivers/clk/clk-composite.o
  CC [M]  net/ipv6/netfilter/nft_reject_ipv6.o
  CC      net/ipv6/anycast.o
  CC      fs/jffs2/debug.o
  AR      fs/overlayfs/built-in.a
  CC      net/ipv6/ip6_output.o
  CC [M]  net/netfilter/nf_conntrack_helper.o
  CC      fs/ubifs/gc.o
  CC      drivers/pci/mmap.o
  CC      mm/pagewalk.o
  AR      net/packet/built-in.a
  CC      fs/ubifs/orphan.o
  CC      drivers/clk/clk-fractional-divider.o
  CC      kernel/bpf/task_iter.o
  CC      net/ipv4/ip_forward.o
  CC      net/ethtool/rings.o
  AR      drivers/virtio/built-in.a
  CC      net/core/utils.o
  CC      drivers/pci/devres.o
  CC      fs/jffs2/wbuf.o
  CC      mm/pgtable-generic.o
  CC      drivers/clk/clk-gpio.o
  CC [M]  net/netfilter/nf_conntrack_proto.o
  CC      lib/win_minmax.o
  CC      fs/ubifs/budget.o
  CC [M]  net/ipv6/netfilter/nft_fib_ipv6.o
  CC      fs/ubifs/find.o
  CC      drivers/pci/proc.o
  CC      mm/rmap.o
  CC      lib/xarray.o
  CC      fs/read_write.o
  CC      net/ethtool/channels.o
  CC      net/ipv4/ip_options.o
  CC      drivers/clk/clk-conf.o
  AR      drivers/reset/hisilicon/built-in.a
  AR      drivers/reset/starfive/built-in.a
  AR      drivers/reset/sti/built-in.a
  AR      drivers/reset/tegra/built-in.a
  CC      drivers/reset/core.o
  CC      net/core/link_watch.o
  CC      kernel/bpf/prog_iter.o
  CC      fs/jffs2/xattr.o
  CC      drivers/reset/reset-bcm6345.o
  CC [M]  net/netfilter/nf_conntrack_proto_generic.o
  CC      drivers/pci/pci-sysfs.o
  AR      drivers/clk/built-in.a
  AR      net/bridge/netfilter/built-in.a
  CC      net/bridge/br.o
  CC      mm/vmalloc.o
  LD [M]  net/ipv6/netfilter/nf_defrag_ipv6.o
  CC      net/ipv6/ip6_input.o
  CC      lib/lockref.o
  CC      net/ethtool/coalesce.o
  CC      fs/file_table.o
  CC      lib/bcd.o
  CC      fs/ubifs/tnc_commit.o
  AR      drivers/reset/built-in.a
  CC      lib/sort.o
  CC      net/ipv4/ip_output.o
  CC      lib/parser.o
  CC      kernel/bpf/link_iter.o
  CC      net/ipv4/ip_sockglue.o
  CC [M]  net/netfilter/nf_conntrack_proto_tcp.o
  CC      fs/jffs2/xattr_trusted.o
  CC      net/core/filter.o
  CC      lib/debug_locks.o
  CC      drivers/pci/slot.o
  CC      net/ethtool/pause.o
  CC      lib/random32.o
  CC      net/bridge/br_device.o
  CC      net/ipv6/addrconf.o
  CC      kernel/softirq.o
  CC      net/devlink/core.o
  CC      fs/jffs2/xattr_user.o
  CC      fs/ubifs/compress.o
  AR      drivers/tty/vt/built-in.a
  CC      lib/bust_spinlocks.o
  AR      drivers/tty/serial/8250/built-in.a
  CC      drivers/tty/serial/serial_core.o
  CC      kernel/bpf/hashtab.o
  CC      drivers/pci/iomap.o
  CC      fs/jffs2/security.o
  CC      net/ethtool/eee.o
  CC      net/ipv4/inet_hashtables.o
  CC      lib/kasprintf.o
  CC      fs/ubifs/lpt.o
  CC      net/bridge/br_fdb.o
  CC      lib/bitmap.o
  CC [M]  net/netfilter/nf_conntrack_proto_udp.o
  CC      fs/jffs2/acl.o
  CC      drivers/pci/of.o
  CC      net/core/dev_ioctl.o
  CC      fs/super.o
  CC      net/ethtool/tsinfo.o
  CC      net/devlink/netlink.o
  CC      mm/vma.o
  CC      lib/scatterlist.o
  CC      fs/jffs2/compr_rtime.o
  CC [M]  net/netfilter/nf_conntrack_proto_icmp.o
  CC      drivers/pci/quirks.o
  CC      fs/ubifs/lprops.o
  CC      fs/jffs2/compr_lzma.o
  CC      fs/jffs2/summary.o
  CC      net/ipv4/inet_timewait_sock.o
  CC      net/ethtool/cabletest.o
  CC      kernel/bpf/arraymap.o
  CC      net/bridge/br_forward.o
  CC      net/dsa/stubs.o
  CC      net/ipv6/addrlabel.o
  CC      net/devlink/netlink_gen.o
  CC      drivers/tty/serial/serial_base_bus.o
  CC      lib/list_sort.o
  CC [M]  net/netfilter/nf_conntrack_extend.o
  CC      lib/uuid.o
  AR      fs/jffs2/built-in.a
  CC      drivers/char/hw_random/core.o
  CC      mm/page_alloc.o
  CC      fs/ubifs/recovery.o
  CC      lib/iov_iter.o
  CC      drivers/tty/serial/serial_ctrl.o
  CC      net/ethtool/tunnels.o
  CC      net/dsa/conduit.o
  CC      net/ipv4/inet_connection_sock.o
  AR      drivers/char/agp/built-in.a
  CC      drivers/char/mem.o
  CC      net/devlink/dev.o
  CC      net/ipv6/route.o
  CC      net/bridge/br_if.o
  CC [M]  net/netfilter/nf_conntrack_acct.o
  CC      drivers/tty/serial/serial_port.o
  CC      drivers/char/hw_random/bcm2835-rng.o
  CC      kernel/bpf/percpu_freelist.o
  AR      drivers/pci/built-in.a
  AR      drivers/iommu/amd/built-in.a
  AR      drivers/iommu/intel/built-in.a
  AR      drivers/iommu/arm/arm-smmu/built-in.a
  AR      drivers/iommu/arm/arm-smmu-v3/built-in.a
  AR      drivers/iommu/arm/built-in.a
  AR      drivers/iommu/iommufd/built-in.a
  AR      drivers/iommu/built-in.a
  AR      drivers/tty/ipwireless/built-in.a
  CC      kernel/resource.o
  CC      net/core/tso.o
  CC      kernel/bpf/bpf_lru_list.o
  CC      net/dsa/devlink.o
  CC      drivers/tty/serial/earlycon.o
  CC      net/ethtool/fec.o
  CC      fs/ubifs/ioctl.o
  AR      drivers/char/hw_random/built-in.a
  CC      drivers/char/random.o
  CC [M]  net/netfilter/nf_conntrack_seqadj.o
  CC      kernel/bpf/lpm_trie.o
  CC      net/bridge/br_input.o
  CC      lib/clz_ctz.o
  CC      drivers/tty/serial/bcm63xx_uart.o
  CC      net/devlink/port.o
  CC      lib/bsearch.o
  CC      fs/ubifs/lpt_commit.o
  CC      net/ipv4/tcp.o
  CC      net/dsa/dsa.o
  AR      drivers/gpu/host1x/built-in.a
  CC      net/ethtool/eeprom.o
  AR      drivers/gpu/drm/tests/built-in.a
  AR      drivers/gpu/drm/arm/built-in.a
  AR      drivers/gpu/drm/display/built-in.a
  AR      drivers/gpu/drm/renesas/rcar-du/built-in.a
  CC      lib/find_bit.o
  AR      drivers/gpu/drm/renesas/rz-du/built-in.a
  AR      drivers/gpu/drm/renesas/built-in.a
  AR      drivers/gpu/drm/omapdrm/built-in.a
  CC      drivers/base/power/sysfs.o
  AR      drivers/gpu/drm/tilcdc/built-in.a
  AR      drivers/gpu/drm/imx/built-in.a
  AR      drivers/gpu/drm/i2c/built-in.a
  AR      drivers/gpu/drm/panel/built-in.a
  AR      drivers/gpu/drm/bridge/analogix/built-in.a
  AR      drivers/gpu/drm/bridge/cadence/built-in.a
  AR      drivers/gpu/drm/bridge/imx/built-in.a
  AR      drivers/gpu/drm/bridge/synopsys/built-in.a
  AR      drivers/gpu/drm/bridge/built-in.a
  AR      drivers/gpu/drm/hisilicon/built-in.a
  AR      drivers/gpu/drm/mxsfb/built-in.a
  AR      drivers/gpu/drm/tiny/built-in.a
  AR      drivers/gpu/drm/xlnx/built-in.a
  AR      drivers/gpu/drm/gud/built-in.a
  AR      drivers/gpu/drm/solomon/built-in.a
  AR      drivers/gpu/drm/built-in.a
  CC [M]  net/netfilter/nf_conntrack_proto_icmpv6.o
  AR      drivers/gpu/vga/built-in.a
  AR      drivers/gpu/built-in.a
  AR      drivers/block/built-in.a
  CC      drivers/base/power/generic_ops.o
  CC      lib/llist.o
  AR      drivers/tty/serial/built-in.a
  CC      kernel/bpf/map_in_map.o
  CC      drivers/tty/tty_io.o
  CC      lib/lwq.o
  CC      net/core/sock_reuseport.o
  CC      drivers/base/firmware_loader/builtin/main.o
  CC      drivers/char/misc.o
  CC      mm/init-mm.o
  CC      drivers/base/power/common.o
  CC      lib/memweight.o
  CC      net/ethtool/stats.o
  CC      lib/kfifo.o
  AR      drivers/base/firmware_loader/builtin/built-in.a
  CC      drivers/base/firmware_loader/fallback_table.o
  CC      net/devlink/sb.o
  CC      fs/ubifs/tnc_misc.o
  CC      net/bridge/br_ioctl.o
  AR      drivers/char/built-in.a
  CC      fs/char_dev.o
  CC      kernel/bpf/bloom_filter.o
  CC      mm/memblock.o
  CC [M]  net/netfilter/nf_conntrack_timeout.o
  CC      net/dsa/netlink.o
  CC      drivers/base/power/qos.o
  CC      drivers/base/firmware_loader/main.o
  CC      lib/percpu-refcount.o
  CC      net/core/fib_notifier.o
  CC      net/ethtool/phc_vclocks.o
  CC      fs/ubifs/debug.o
  CC      net/ipv6/ip6_fib.o
  CC      kernel/bpf/local_storage.o
  CC      net/devlink/dpipe.o
  CC [M]  net/netfilter/nf_log_syslog.o
  CC      net/dsa/port.o
  CC      net/bridge/br_stp.o
  CC      drivers/tty/n_tty.o
  CC      drivers/base/firmware_loader/fallback.o
  CC      lib/rhashtable.o
  CC      net/ethtool/mm.o
  CC      drivers/base/firmware_loader/sysfs.o
  CC      net/core/xdp.o
  CC      drivers/base/power/runtime.o
  CC      mm/slub.o
  CC      kernel/bpf/queue_stack_maps.o
  CC      kernel/sysctl.o
  AR      drivers/base/firmware_loader/built-in.a
  CC      net/8021q/vlan_core.o
  CC      net/devlink/resource.o
  CC      net/ipv4/tcp_input.o
  CC      net/ethtool/module.o
  CC      lib/base64.o
  CC [M]  net/netfilter/nf_nat_core.o
  CC      lib/once.o
  CC      net/ipv6/ipv6_sockglue.o
  CC      fs/ubifs/misc.o
  CC      net/bridge/br_stp_bpdu.o
  CC      kernel/bpf/ringbuf.o
  CC      drivers/tty/tty_ioctl.o
  CC      net/core/flow_offload.o
  CC      drivers/base/power/wakeirq.o
  CC      net/dsa/switch.o
  CC      lib/refcount.o
  CC      fs/ubifs/sysfs.o
  CC      net/ethtool/cmis_fw_update.o
  CC      net/8021q/vlan.o
  CC      lib/rcuref.o
  CC      net/devlink/param.o
  CC      drivers/tty/tty_ldisc.o
  CC      drivers/base/power/clock_ops.o
  CC      net/bridge/br_stp_if.o
  CC      lib/usercopy.o
  CC      net/core/gro.o
  CC [M]  net/netfilter/nf_nat_proto.o
  CC      fs/ubifs/xattr.o
  CC      lib/errseq.o
  CC      lib/bucket_locks.o
  CC      net/bridge/br_stp_timer.o
  CC      kernel/bpf/bpf_local_storage.o
  CC      net/ethtool/cmis_cdb.o
  CC      net/8021q/vlan_dev.o
  CC      drivers/tty/tty_buffer.o
  CC      net/ipv6/ndisc.o
  AR      drivers/base/power/built-in.a
  CC      drivers/base/regmap/regmap.o
  CC      mm/madvise.o
  CC      net/dsa/tag.o
  AR      fs/ubifs/built-in.a
  CC      net/devlink/region.o
  CC      fs/stat.o
  CC      lib/generic-radix-tree.o
  CC      drivers/tty/tty_port.o
  CC      net/ipv4/tcp_output.o
  CC [M]  net/netfilter/nf_nat_helper.o
  CC      net/ethtool/pse-pd.o
  CC      net/core/netdev-genl.o
  CC      net/bridge/br_netlink.o
  CC      lib/bitmap-str.o
  CC      kernel/bpf/bpf_task_storage.o
  CC      net/8021q/vlan_netlink.o
  CC      drivers/tty/tty_mutex.o
  CC      fs/exec.o
  CC      net/dsa/tag_8021q.o
  CC      drivers/tty/tty_ldsem.o
  CC      lib/string_helpers.o
  CC      net/devlink/health.o
  CC [M]  net/netfilter/nf_nat_redirect.o
  CC      mm/page_io.o
  CC      drivers/base/regmap/regcache.o
  CC      net/ethtool/plca.o
  CC      net/ipv6/udp.o
  CC      kernel/bpf/disasm.o
  CC      drivers/tty/tty_baudrate.o
  CC      net/8021q/vlanproc.o
  CC      net/core/netdev-genl-gen.o
  CC      net/devlink/trap.o
  CC      lib/hexdump.o
  CC      drivers/base/regmap/regcache-rbtree.o
  CC      net/ethtool/phy.o
  CC      lib/kstrtox.o
  CC      mm/swap_state.o
  CC      fs/pipe.o
  CC [M]  net/netfilter/nf_nat_masquerade.o
  CC      drivers/tty/tty_jobctrl.o
  CC      net/dsa/trace.o
  CC      kernel/bpf/mprog.o
  CC      net/core/gso.o
  CC      net/bridge/br_netlink_tunnel.o
  AR      net/8021q/built-in.a
  AR      net/wireless/tests/built-in.a
  AR      net/wireless/built-in.a
  CC      mm/swapfile.o
  CC      kernel/capability.o
  CC      lib/debug_info.o
  CC      drivers/base/regmap/regcache-flat.o
  CC      drivers/tty/n_null.o
  AR      net/ethtool/built-in.a
  AR      drivers/base/test/built-in.a
  CC      net/ipv6/udplite.o
  CC      kernel/bpf/trampoline.o
  CC      drivers/tty/pty.o
  CC      net/dsa/user.o
  CC      mm/swap_slots.o
  CC [M]  net/netfilter/nf_tables_core.o
  CC      net/ipv4/tcp_timer.o
  CC      fs/namei.o
  CC      net/core/net-sysfs.o
  AR      drivers/misc/eeprom/built-in.a
  AR      drivers/misc/cb710/built-in.a
  AR      drivers/misc/ti-st/built-in.a
  AR      drivers/misc/lis3lv02d/built-in.a
  AR      drivers/misc/cardreader/built-in.a
  AR      drivers/misc/keba/built-in.a
  CC      drivers/base/regmap/regcache-maple.o
  AR      drivers/misc/built-in.a
  CC      drivers/mfd/syscon.o
  CC      net/bridge/br_arp_nd_proxy.o
  CC      net/devlink/rate.o
  CC      net/switchdev/switchdev.o
  CC      drivers/tty/sysrq.o
  CC      lib/iomap.o
  CC      net/ipv6/raw.o
  AR      drivers/mfd/built-in.a
  CC      drivers/base/component.o
  CC [M]  net/netfilter/nf_tables_api.o
  CC      kernel/bpf/btf.o
  CC      drivers/base/regmap/regmap-debugfs.o
  CC      kernel/bpf/memalloc.o
  CC      lib/iomap_copy.o
  CC      net/bridge/br_sysfs_if.o
  CC      net/ipv4/tcp_ipv4.o
  AR      drivers/tty/built-in.a
  CC      lib/devres.o
  CC [M]  net/netfilter/nft_chain_filter.o
  CC      fs/fcntl.o
  CC      net/devlink/linecard.o
  CC      mm/dmapool.o
  CC      net/core/hotdata.o
  AR      net/switchdev/built-in.a
  CC      kernel/ptrace.o
  CC      drivers/base/regmap/regmap-mmio.o
  CC      lib/hweight.o
  CC      lib/assoc_array.o
  CC      net/dsa/tag_brcm.o
  CC      mm/migrate.o
  CC      fs/ioctl.o
  AR      drivers/base/regmap/built-in.a
  CC      drivers/base/core.o
  CC      net/bridge/br_sysfs_br.o
  CC      net/core/netdev_rx_queue.o
  CC      fs/readdir.o
  AR      net/devlink/built-in.a
  CC      net/ipv6/icmp.o
  CC      lib/list_debug.o
  CC      kernel/user.o
  CC      lib/bitrev.o
  CC      net/core/page_pool.o
  CC      net/ipv4/tcp_minisocks.o
  AR      drivers/nfc/built-in.a
  CC      fs/select.o
  CC      net/dsa/tag_none.o
  CC      mm/page_counter.o
  CC      lib/crc16.o
  CC      drivers/base/bus.o
  CC      net/core/page_pool_user.o
  CC      kernel/bpf/dispatcher.o
  CC      mm/memcontrol.o
  CC      net/bridge/br_multicast.o
  HOSTCC  lib/gen_crc32table
  CC      lib/xxhash.o
  CC      net/l3mdev/l3mdev.o
  CC      net/ipv6/mcast.o
  CC      drivers/base/dd.o
  CC      net/ipv6/reassembly.o
  CC      net/ipv6/tcp_ipv6.o
  CC [M]  net/netfilter/nf_tables_trace.o
  AR      net/dsa/built-in.a
  CC      lib/textsearch.o
  CC      net/mptcp/protocol.o
  CC      net/ipv4/tcp_cong.o
  AR      net/l3mdev/built-in.a
  CC      kernel/signal.o
  AR      drivers/dax/hmem/built-in.a
  AR      drivers/dax/built-in.a
  CC      mm/vmpressure.o
  CC      fs/dcache.o
  CC      net/core/net-procfs.o
  CC      lib/percpu_counter.o
  CC      kernel/bpf/devmap.o
  CC      drivers/base/syscore.o
  CC      lib/syscall.o
  CC      net/ipv6/ping.o
  CC      net/core/fib_rules.o
  CC      net/bridge/br_mdb.o
  CC      net/ipv4/tcp_metrics.o
  CC      lib/errname.o
  CC      lib/nlattr.o
  CC      kernel/bpf/cpumap.o
  CC      kernel/sys.o
  CC      drivers/base/driver.o
  CC      net/mptcp/subflow.o
  CC      mm/swap_cgroup.o
  CC      fs/inode.o
  CC      kernel/bpf/offload.o
  AR      drivers/cxl/core/built-in.a
  AR      drivers/cxl/built-in.a
  CC      net/devres.o
  CC      net/core/selftests.o
  CC      lib/atomic64.o
  CC      mm/usercopy.o
  CC [M]  net/netfilter/nft_immediate.o
  CC      drivers/base/class.o
  CC      net/ipv6/exthdrs.o
  CC [M]  net/netfilter/nft_cmp.o
  CC      lib/cpu_rmap.o
  CC      net/ipv4/tcp_fastopen.o
  CC      net/bridge/br_multicast_eht.o
  CC      net/bridge/br_vlan.o
  CC      net/mptcp/options.o
  CC      drivers/base/platform.o
  CC      lib/dynamic_queue_limits.o
  CC [M]  net/netfilter/nft_range.o
  CC      mm/memfd.o
  CC      net/core/lwtunnel.o
  CC      kernel/bpf/net_namespace.o
  CC      net/mptcp/token.o
  CC      net/ipv6/datagram.o
  CC      fs/attr.o
  AR      drivers/macintosh/built-in.a
  CC      net/ipv4/tcp_rate.o
  CC      net/bridge/br_vlan_tunnel.o
  CC      net/socket.o
  CC      lib/net_utils.o
  CC      drivers/base/cpu.o
  CC [M]  net/netfilter/nft_bitwise.o
  CC      net/ipv6/ip6_flowlabel.o
  CC      net/core/dst_cache.o
  CC      net/sysctl_net.o
  CC      kernel/bpf/tcx.o
  CC      fs/bad_inode.o
  CC      lib/sbitmap.o
  CC      mm/execmem.o
  CC      net/ipv4/tcp_recovery.o
  CC      drivers/base/firmware.o
  CC      lib/group_cpus.o
  CC      kernel/bpf/cgroup_iter.o
  CC      fs/file.o
  AR      drivers/scsi/built-in.a
  CC      kernel/umh.o
  AR      mm/built-in.a
  CC [M]  net/netfilter/nft_byteorder.o
  CC      net/ipv6/inet6_connection_sock.o
  CC      net/core/gro_cells.o
  CC      net/ipv4/tcp_ulp.o
  CC      drivers/base/init.o
  CC      net/bridge/br_vlan_options.o
  CC      lib/ashldi3.o
  CC      net/mptcp/crypto.o
  CC      lib/ashrdi3.o
  CC      lib/lshrdi3.o
  CC      kernel/bpf/bpf_cgrp_storage.o
  CC      drivers/base/map.o
  CC      kernel/bpf/cgroup.o
  CC      fs/filesystems.o
  CC      kernel/workqueue.o
  AR      drivers/nvme/common/built-in.a
  AR      drivers/nvme/host/built-in.a
  CC      net/ipv6/udp_offload.o
  CC [M]  net/netfilter/nft_payload.o
  AR      drivers/nvme/target/built-in.a
  AR      drivers/nvme/built-in.a
  CC      net/ipv4/tcp_offload.o
  CC      net/core/skmsg.o
  CC      net/mptcp/ctrl.o
  CC      lib/cmpdi2.o
  CC      lib/ucmpdi2.o
  CC      kernel/bpf/reuseport_array.o
  CC      net/ipv4/tcp_plb.o
  CC      drivers/base/devres.o
  CC      net/bridge/br_mst.o
  CC [M]  lib/crc-ccitt.o
  CC      drivers/base/attribute_container.o
  CC      net/ipv6/seg6.o
  CC      fs/namespace.o
  CC      drivers/mtd/parsers/ofpart_core.o
  CC [M]  net/netfilter/nft_lookup.o
  CC      drivers/mtd/mtdsplit/mtdsplit.o
  CC      net/mptcp/pm.o
  CC [M]  lib/libcrc32c.o
  CC      drivers/mtd/mtdsplit/mtdsplit_bcm63xx.o
  AR      drivers/mtd/parsers/built-in.a
  CC      net/ipv4/datagram.o
  CC      drivers/base/transport_class.o
  CC      kernel/pid.o
  CC      net/bridge/br_switchdev.o
  CC      drivers/spi/spi.o
  AR      drivers/net/phy/mediatek/built-in.a
  AR      lib/lib.a
  AR      drivers/net/phy/qcom/built-in.a
  AR      drivers/net/phy/rtl8261n/built-in.a
  GEN     lib/crc32table.h
  CC      drivers/net/phy/mdio-boardinfo.o
  CC      lib/crc32.o
  CC      kernel/bpf/bpf_struct_ops.o
  CC      drivers/base/topology.o
  CC      drivers/mtd/mtdsplit/mtdsplit_bcm_wfi.o
  CC      net/ipv6/fib6_notifier.o
  CC      net/core/sock_map.o
  CC      net/mptcp/diag.o
  CC [M]  net/netfilter/nft_dynset.o
  AR      lib/built-in.a
  CC      drivers/mtd/chips/chipreg.o
  CC      kernel/task_work.o
  CC      drivers/spi/spi-mem.o
  CC      drivers/net/phy/stubs.o
  CC      drivers/mtd/mtdsplit/mtdsplit_squashfs.o
  CC      drivers/base/container.o
  CC      net/ipv6/rpl.o
  CC      net/ipv4/raw.o
  CC      drivers/mtd/chips/cfi_probe.o
  CC      drivers/mtd/chips/cfi_util.o
  AR      net/bridge/built-in.a
  CC      fs/seq_file.o
  CC [M]  net/netfilter/nft_meta.o
  CC      drivers/base/property.o
  CC      kernel/extable.o
  AR      drivers/mtd/mtdsplit/built-in.a
  CC [M]  net/netfilter/nft_rt.o
  CC      kernel/bpf/cpumask.o
  CC      drivers/net/phy/mdio_devres.o
  AR      drivers/net/pse-pd/built-in.a
  AR      drivers/firewire/built-in.a
  CC      net/core/bpf_sk_storage.o
  CC      drivers/mtd/chips/cfi_cmdset_0020.o
  CC      net/mptcp/mib.o
  CC      drivers/spi/spi-bcm63xx.o
  CC      net/ipv6/ioam6.o
  CC      net/ipv4/udp.o
  CC      fs/xattr.o
  CC      drivers/base/cacheinfo.o
  CC      kernel/bpf/crypto.o
  CC      drivers/net/phy/phylink.o
  CC [M]  net/netfilter/nft_exthdr.o
  CC      drivers/net/mdio/fwnode_mdio.o
  CC      drivers/net/mdio/of_mdio.o
  CC      drivers/net/mdio/mdio-bcm-unimac.o
  CC      drivers/spi/spi-bcm63xx-hsspi.o
  CC      drivers/mtd/chips/cfi_cmdset_0002.o
  CC      drivers/net/mdio/mdio-mux.o
  CC      net/mptcp/pm_netlink.o
  CC      drivers/base/swnode.o
  CC      net/core/of_net.o
  CC      kernel/bpf/relo_core.o
  CC      kernel/params.o
  CC      drivers/net/phy/phy.o
  CC      net/ipv6/sysctl_net_ipv6.o
  CC      drivers/net/phy/phy-c45.o
  AR      drivers/spi/built-in.a
  AR      drivers/net/pcs/built-in.a
  CC      fs/libfs.o
  CC      drivers/net/mdio/mdio-mux-bcm6368.o
  AR      drivers/mtd/lpddr/built-in.a
  CC      drivers/mtd/chips/cfi_cmdset_0001.o
  CC [M]  net/netfilter/nft_last.o
  AR      net/core/built-in.a
  CC      net/mptcp/sockopt.o
  CC      net/ipv4/udplite.o
  CC      drivers/base/faux.o
  AR      drivers/net/mdio/built-in.a
  CC      net/ipv4/udp_offload.o
  CC      fs/fs-writeback.o
  CC      kernel/bpf/btf_iter.o
  CC      net/ipv6/ip6mr.o
  CC      drivers/mtd/maps/map_funcs.o
  CC      drivers/mtd/chips/gen_probe.o
  CC      net/mptcp/pm_userspace.o
  CC [M]  net/netfilter/nft_counter.o
  CC      net/ipv4/arp.o
  CC      drivers/net/dsa/b53/b53_common.o
  AR      drivers/mtd/maps/built-in.a
  CC      kernel/kthread.o
  CC      kernel/bpf/btf_relocate.o
  CC      net/ipv6/netfilter.o
  CC      drivers/base/devtmpfs.o
  CC      drivers/mtd/chips/jedec_probe.o
  CC      drivers/net/phy/phy-core.o
  CC      drivers/net/dsa/b53/b53_spi.o
  CC [M]  net/netfilter/nft_objref.o
  AR      drivers/net/ethernet/3com/built-in.a
  CC      fs/pnode.o
  AR      drivers/net/ethernet/8390/built-in.a
  AR      drivers/net/ethernet/adaptec/built-in.a
  AR      drivers/net/ethernet/adi/built-in.a
  AR      drivers/net/ethernet/agere/built-in.a
  AR      drivers/net/ethernet/alacritech/built-in.a
  AR      drivers/net/ethernet/alteon/built-in.a
  AR      drivers/net/ethernet/amazon/built-in.a
  AR      drivers/net/ethernet/amd/built-in.a
  AR      drivers/net/ethernet/aquantia/built-in.a
  AR      drivers/net/ethernet/arc/built-in.a
  AR      drivers/net/ethernet/atheros/built-in.a
  AR      drivers/net/ethernet/cadence/built-in.a
  CC      drivers/net/ethernet/broadcom/genet/bcmgenet.o
  CC      drivers/base/module.o
  CC      drivers/net/ethernet/broadcom/bcm6368-enetsw.o
  AR      drivers/mtd/chips/built-in.a
  AR      drivers/mtd/devices/built-in.a
  AR      drivers/mtd/nand/onenand/built-in.a
  AR      drivers/mtd/nand/raw/ingenic/built-in.a
  CC      net/ipv6/fib6_rules.o
  CC      drivers/mtd/nand/raw/brcmnand/bcm6368_nand.o
  CC      net/mptcp/fastopen.o
  CC      fs/splice.o
  CC      net/ipv4/icmp.o
  CC      kernel/sys_ni.o
  AR      kernel/bpf/built-in.a
  CC      kernel/nsproxy.o
  AR      drivers/cdrom/built-in.a
  CC      drivers/net/phy/phy_device.o
  CC      drivers/base/pinctrl.o
  CC      drivers/net/dsa/b53/b53_mdio.o
  CC      drivers/net/phy/linkmode.o
  CC      drivers/mtd/nand/raw/brcmnand/brcmnand.o
  AR      drivers/base/built-in.a
  CC [M]  net/netfilter/nft_inner.o
  AR      drivers/net/wireless/virtual/built-in.a
  AR      drivers/net/wireless/built-in.a
  AR      drivers/net/ethernet/brocade/built-in.a
  CC      drivers/net/ethernet/broadcom/genet/bcmmii.o
  AR      drivers/net/dsa/hirschmann/built-in.a
  AR      drivers/mtd/tests/built-in.a
  CC      drivers/mtd/nand/raw/nand_base.o
  AR      drivers/mtd/nand/spi/built-in.a
  CC      net/mptcp/sched.o
  CC      net/ipv6/proc.o
  CC      kernel/notifier.o
  CC      fs/sync.o
  CC      net/ipv4/devinet.o
  CC      net/ipv6/syncookies.o
  AR      drivers/mtd/spi-nor/controllers/built-in.a
  CC      drivers/mtd/spi-nor/core.o
  CC [M]  drivers/net/ppp/ppp_generic.o
  CC [M]  net/netfilter/nft_chain_route.o
  AR      drivers/auxdisplay/built-in.a
  AR      drivers/net/ethernet/cavium/common/built-in.a
  CC      drivers/net/dsa/b53/b53_mmap.o
  AR      drivers/net/ethernet/cavium/thunder/built-in.a
  AR      drivers/net/ethernet/cavium/liquidio/built-in.a
  CC      drivers/mtd/nand/core.o
  AR      drivers/net/ethernet/cavium/octeon/built-in.a
  CC      kernel/ksysfs.o
  AR      drivers/net/ethernet/cavium/built-in.a
  CC      drivers/net/phy/phy_link_topology.o
  CC      drivers/net/ethernet/broadcom/genet/bcmgenet_wol.o
  CC      fs/utimes.o
  CC      net/mptcp/mptcp_pm_gen.o
  CC      drivers/mtd/ubi/vtbl.o
  AR      drivers/mtd/nand/raw/brcmnand/built-in.a
  CC      drivers/mtd/nand/raw/nand_legacy.o
  CC      kernel/cred.o
  CC      drivers/mtd/spi-nor/sfdp.o
  CC [M]  drivers/net/slip/slhc.o
  CC      drivers/net/phy/mdio_bus.o
  CC      net/mptcp/syncookies.o
  CC [M]  net/netfilter/nf_tables_offload.o
  CC      net/ipv6/seg6_iptunnel.o
  CC      fs/d_path.o
  CC      net/ipv4/af_inet.o
  AR      drivers/net/dsa/b53/built-in.a
  AR      drivers/net/dsa/microchip/built-in.a
  CC      drivers/mtd/ubi/vmt.o
  AR      drivers/net/dsa/mv88e6xxx/built-in.a
  AR      drivers/net/dsa/mxl862xx/built-in.a
  AR      drivers/net/dsa/ocelot/built-in.a
  AR      drivers/net/dsa/qca/built-in.a
  AR      drivers/net/dsa/realtek/built-in.a
  AR      drivers/net/dsa/sja1105/built-in.a
  AR      drivers/net/dsa/xrs700x/built-in.a
  AR      drivers/net/dsa/built-in.a
  CC      drivers/usb/phy/of.o
  CC      drivers/rtc/lib.o
  AR      drivers/net/ethernet/broadcom/genet/built-in.a
  AR      drivers/net/ethernet/broadcom/built-in.a
  AR      drivers/net/ethernet/chelsio/built-in.a
  AR      drivers/net/ethernet/cisco/built-in.a
  AR      drivers/net/ethernet/cortina/built-in.a
  AR      drivers/net/ethernet/dec/built-in.a
  CC      drivers/mtd/spi-nor/swp.o
  AR      drivers/net/ethernet/dlink/built-in.a
  AR      drivers/net/ethernet/emulex/built-in.a
  AR      drivers/net/ethernet/ezchip/built-in.a
  AR      drivers/net/ethernet/google/built-in.a
  AR      drivers/net/ethernet/huawei/built-in.a
  CC      fs/stack.o
  AR      drivers/net/ethernet/intel/built-in.a
  AR      drivers/net/ethernet/i825xx/built-in.a
  CC      kernel/reboot.o
  CC      net/mptcp/bpf.o
  AR      drivers/net/ethernet/marvell/octeon_ep/built-in.a
  CC      kernel/async.o
  AR      drivers/net/ethernet/marvell/octeon_ep_vf/built-in.a
  AR      drivers/usb/phy/built-in.a
  AR      drivers/net/ethernet/marvell/octeontx2/built-in.a
  AR      drivers/usb/built-in.a
  AR      drivers/net/ethernet/marvell/prestera/built-in.a
  AR      drivers/net/ethernet/marvell/built-in.a
  AR      drivers/net/ethernet/mellanox/built-in.a
  CC [M]  drivers/net/ppp/ppp_async.o
  AR      drivers/net/ethernet/meta/built-in.a
  CC      drivers/net/phy/mdio_device.o
  AR      drivers/net/ethernet/micrel/built-in.a
  AR      drivers/net/ethernet/microchip/built-in.a
  AR      drivers/net/ethernet/mscc/built-in.a
  AR      drivers/net/ethernet/myricom/built-in.a
  AR      drivers/net/ethernet/natsemi/built-in.a
  AR      drivers/net/ethernet/neterion/built-in.a
  AR      drivers/net/ethernet/netronome/built-in.a
  AR      drivers/net/ethernet/ni/built-in.a
  CC      drivers/mtd/ubi/upd.o
  AR      drivers/net/ethernet/nvidia/built-in.a
  AR      drivers/net/ethernet/oki-semi/built-in.a
  AR      drivers/net/ethernet/packetengines/built-in.a
  AR      drivers/net/ethernet/qlogic/built-in.a
  CC [M]  net/netfilter/nft_set_hash.o
  AR      drivers/rtc/built-in.a
  AR      drivers/net/ethernet/qualcomm/emac/built-in.a
  CC      drivers/mtd/ubi/build.o
  AR      drivers/net/ethernet/qualcomm/built-in.a
  AR      drivers/net/ethernet/realtek/built-in.a
  AR      drivers/net/ethernet/renesas/built-in.a
  AR      drivers/net/ethernet/rdc/built-in.a
  AR      drivers/net/ethernet/rocker/built-in.a
  AR      drivers/net/ethernet/samsung/built-in.a
  AR      drivers/net/ethernet/seeq/built-in.a
  CC      drivers/mtd/nand/raw/nand_bbt.o
  AR      drivers/net/ethernet/silan/built-in.a
  AR      drivers/net/ethernet/sis/built-in.a
  CC      drivers/net/phy/swphy.o
  AR      drivers/net/ethernet/sfc/built-in.a
  AR      drivers/net/ethernet/smsc/built-in.a
  AR      drivers/net/ethernet/socionext/built-in.a
  CC      drivers/mtd/nand/bbt.o
  AR      drivers/net/ethernet/stmicro/built-in.a
  AR      drivers/net/ethernet/sun/built-in.a
  AR      drivers/net/ethernet/tehuti/built-in.a
  AR      drivers/net/ethernet/ti/built-in.a
  AR      drivers/net/ethernet/toshiba/built-in.a
  CC      fs/fs_struct.o
  AR      drivers/net/ethernet/via/built-in.a
  AR      drivers/net/ethernet/wiznet/built-in.a
  AR      drivers/net/ethernet/xilinx/built-in.a
  AR      drivers/net/ethernet/synopsys/built-in.a
  AR      drivers/net/ethernet/pensando/built-in.a
  AR      drivers/net/ethernet/built-in.a
  CC      kernel/range.o
  CC      drivers/mtd/spi-nor/otp.o
  CC      drivers/net/mii.o
  CC      net/ipv4/igmp.o
  CC      net/ipv6/seg6_local.o
  CC      drivers/net/loopback.o
  CC      fs/statfs.o
  AR      net/mptcp/built-in.a
  CC      drivers/mtd/spi-nor/sysfs.o
  CC [M]  net/netfilter/nft_set_bitmap.o
  CC      kernel/smpboot.o
  CC      drivers/mtd/ubi/cdev.o
  CC [M]  drivers/net/ppp/pppox.o
  AR      drivers/mtd/composite/built-in.a
  CC      fs/fs_pin.o
  AR      drivers/i2c/algos/built-in.a
  AR      drivers/i2c/busses/built-in.a
  CC      drivers/mtd/nand/raw/nand_timings.o
  AR      drivers/i2c/muxes/built-in.a
  AR      drivers/i2c/built-in.a
  CC [M]  net/netfilter/nft_set_rbtree.o
  CC      drivers/net/phy/bcm7xxx.o
  CC      drivers/mtd/spi-nor/atmel.o
  CC      net/ipv6/addrconf_core.o
  CC      drivers/mtd/nand/ecc.o
  CC      kernel/ucount.o
  CC      drivers/mtd/ubi/kapi.o
  CC      drivers/mtd/nand/raw/nand_ids.o
  CC [M]  drivers/net/ppp/pppoe.o
  CC      fs/nsfs.o
  CC      drivers/mtd/mtdcore.o
  CC      drivers/mtd/nand/raw/nand_onfi.o
  CC      net/ipv6/exthdrs_core.o
  CC      drivers/mtd/spi-nor/eon.o
  CC      drivers/net/phy/bcm-phy-lib.o
  CC      net/ipv4/fib_frontend.o
  AR      drivers/i3c/built-in.a
  CC      drivers/mtd/nand/ecc-sw-hamming.o
  CC      kernel/regset.o
  CC      drivers/mtd/ubi/eba.o
  AR      drivers/media/i2c/built-in.a
  AR      drivers/media/tuners/built-in.a
  CC      kernel/ksyms_common.o
  AR      drivers/media/rc/keymaps/built-in.a
  CC [M]  net/netfilter/nft_set_pipapo.o
  AR      drivers/media/rc/built-in.a
  AR      drivers/media/platform/allegro-dvt/built-in.a
  AR      drivers/media/common/b2c2/built-in.a
  AR      drivers/media/common/saa7146/built-in.a
  AR      drivers/media/platform/amlogic/meson-ge2d/built-in.a
  AR      drivers/media/platform/amlogic/built-in.a
  AR      drivers/media/common/siano/built-in.a
  CC      drivers/mtd/spi-nor/esmt.o
  AR      drivers/media/common/v4l2-tpg/built-in.a
  AR      drivers/media/platform/amphion/built-in.a
  AR      drivers/media/platform/aspeed/built-in.a
  AR      drivers/media/common/videobuf2/built-in.a
  AR      drivers/media/common/built-in.a
  AR      drivers/media/platform/atmel/built-in.a
  AR      drivers/media/platform/broadcom/built-in.a
  CC [M]  net/netfilter/nft_numgen.o
  AR      drivers/media/platform/cadence/built-in.a
  AR      drivers/media/platform/chips-media/coda/built-in.a
  AR      drivers/media/platform/chips-media/wave5/built-in.a
  AR      drivers/media/platform/chips-media/built-in.a
  AR      drivers/media/platform/imagination/built-in.a
  AR      drivers/media/platform/intel/built-in.a
  CC [M]  net/netfilter/nft_ct.o
  AR      drivers/media/platform/marvell/built-in.a
  CC      fs/fs_types.o
  AR      drivers/media/platform/mediatek/jpeg/built-in.a
  AR      drivers/media/platform/mediatek/mdp/built-in.a
  CC      drivers/mtd/nand/raw/nand_jedec.o
  AR      drivers/media/platform/mediatek/vcodec/common/built-in.a
  CC      drivers/mtd/nand/raw/nand_amd.o
  AR      drivers/media/platform/mediatek/vcodec/encoder/built-in.a
  AR      drivers/media/platform/mediatek/vcodec/decoder/built-in.a
  AR      drivers/media/platform/mediatek/vcodec/built-in.a
  AR      drivers/media/platform/mediatek/vpu/built-in.a
  AR      drivers/media/platform/mediatek/mdp3/built-in.a
  AR      drivers/media/platform/mediatek/built-in.a
  AR      drivers/media/platform/microchip/built-in.a
  AR      drivers/media/platform/nuvoton/built-in.a
  AR      drivers/media/platform/nvidia/tegra-vde/built-in.a
  AR      drivers/media/platform/nvidia/built-in.a
  AR      drivers/media/platform/nxp/dw100/built-in.a
  AR      drivers/media/platform/nxp/imx-jpeg/built-in.a
  AR      drivers/media/platform/nxp/imx8-isi/built-in.a
  AR      drivers/media/platform/nxp/built-in.a
  AR      drivers/media/platform/qcom/camss/built-in.a
  AR      drivers/media/platform/qcom/venus/built-in.a
  AR      drivers/media/platform/qcom/built-in.a
  AR      drivers/media/platform/raspberrypi/pisp_be/built-in.a
  AR      drivers/media/platform/raspberrypi/built-in.a
  CC      drivers/mtd/mtdsuper.o
  CC      net/ipv6/ip6_checksum.o
  AR      drivers/media/platform/renesas/rcar-vin/built-in.a
  AR      drivers/media/platform/renesas/rzg2l-cru/built-in.a
  AR      drivers/media/platform/renesas/vsp1/built-in.a
  AR      drivers/media/platform/renesas/built-in.a
  AR      drivers/media/platform/rockchip/rga/built-in.a
  AR      drivers/media/platform/rockchip/rkisp1/built-in.a
  AR      drivers/media/platform/rockchip/built-in.a
  CC      kernel/groups.o
  AR      drivers/media/platform/samsung/exynos-gsc/built-in.a
  CC      drivers/mtd/ubi/io.o
  AR      drivers/media/platform/samsung/exynos4-is/built-in.a
  AR      drivers/media/platform/samsung/s3c-camif/built-in.a
  AR      drivers/media/platform/samsung/s5p-g2d/built-in.a
  AR      drivers/media/platform/samsung/s5p-jpeg/built-in.a
  CC      fs/fs_context.o
  AR      drivers/media/platform/samsung/s5p-mfc/built-in.a
  AR      drivers/media/platform/samsung/built-in.a
  CC      drivers/net/phy/fixed_phy.o
  CC      drivers/mtd/spi-nor/everspin.o
  AR      drivers/media/platform/st/sti/bdisp/built-in.a
  AR      drivers/media/platform/st/sti/c8sectpfe/built-in.a
  AR      drivers/media/platform/st/sti/delta/built-in.a
  AR      drivers/media/platform/st/sti/hva/built-in.a
  AR      drivers/media/platform/st/stm32/built-in.a
  AR      drivers/media/platform/st/built-in.a
  CC      drivers/mtd/nand/raw/nand_esmt.o
  AR      drivers/media/platform/sunxi/sun4i-csi/built-in.a
  AR      drivers/media/platform/sunxi/sun6i-csi/built-in.a
  AR      drivers/media/platform/sunxi/sun6i-mipi-csi2/built-in.a
  AR      drivers/media/pci/ttpci/built-in.a
  AR      drivers/media/platform/sunxi/sun8i-a83t-mipi-csi2/built-in.a
  AR      drivers/media/pci/b2c2/built-in.a
  AR      drivers/media/platform/sunxi/sun8i-di/built-in.a
  AR      drivers/media/pci/pluto2/built-in.a
  AR      drivers/media/platform/sunxi/sun8i-rotate/built-in.a
  AR      drivers/media/pci/dm1105/built-in.a
  AR      drivers/media/platform/sunxi/built-in.a
  AR      drivers/ptp/built-in.a
  CC      net/ipv4/fib_semantics.o
  AR      drivers/media/pci/pt1/built-in.a
  AR      drivers/media/platform/ti/am437x/built-in.a
  AR      drivers/media/pci/pt3/built-in.a
  AR      drivers/media/pci/mantis/built-in.a
  AR      drivers/media/platform/ti/cal/built-in.a
  AR      drivers/media/pci/ngene/built-in.a
  AR      drivers/media/platform/ti/vpe/built-in.a
  AR      drivers/media/pci/ddbridge/built-in.a
  AR      drivers/media/platform/ti/davinci/built-in.a
  AR      drivers/media/pci/saa7146/built-in.a
  AR      drivers/media/platform/ti/j721e-csi2rx/built-in.a
  AR      drivers/media/platform/ti/omap/built-in.a
  AR      drivers/media/pci/smipcie/built-in.a
  AR      drivers/media/pci/netup_unidvb/built-in.a
  AR      drivers/media/platform/ti/omap3isp/built-in.a
  AR      drivers/media/platform/ti/built-in.a
  AR      drivers/media/pci/intel/ipu3/built-in.a
  AR      drivers/media/pci/intel/ivsc/built-in.a
  AR      drivers/media/platform/verisilicon/built-in.a
  AR      drivers/media/pci/intel/built-in.a
  CC      drivers/mtd/mtdconcat.o
  CC      net/ipv6/ip6_icmp.o
  AR      drivers/media/pci/built-in.a
  AR      drivers/media/platform/via/built-in.a
  AR      drivers/media/platform/xilinx/built-in.a
  AR      drivers/media/platform/built-in.a
  AR      drivers/media/usb/b2c2/built-in.a
  AR      drivers/media/usb/dvb-usb/built-in.a
  CC      drivers/mtd/ubi/wl.o
  AR      drivers/media/usb/dvb-usb-v2/built-in.a
  CC      fs/fs_parser.o
  AR      drivers/media/usb/s2255/built-in.a
  AR      drivers/media/usb/siano/built-in.a
  AR      drivers/media/usb/ttusb-budget/built-in.a
  AR      drivers/media/usb/ttusb-dec/built-in.a
  AR      drivers/media/usb/built-in.a
  AR      drivers/media/mmc/siano/built-in.a
  AR      drivers/media/mmc/built-in.a
  CC      drivers/mtd/spi-nor/gigadevice.o
  CC      drivers/mtd/nand/raw/nand_hynix.o
  AR      drivers/media/firewire/built-in.a
  AR      drivers/media/spi/built-in.a
  AR      drivers/media/test-drivers/built-in.a
  AR      drivers/media/built-in.a
  CC      drivers/mtd/ubi/attach.o
  CC      drivers/power/reset/syscon-reboot.o
  CC      kernel/smp.o
  CC      drivers/power/supply/power_supply_core.o
  AR      drivers/net/phy/built-in.a
  CC      drivers/power/supply/power_supply_sysfs.o
  AR      drivers/net/built-in.a
  CC      drivers/mtd/spi-nor/intel.o
  CC [M]  net/netfilter/nft_flow_offload.o
  CC      drivers/mtd/mtdpart.o
  CC      drivers/power/supply/power_supply_leds.o
  CC      drivers/mtd/nand/raw/nand_macronix.o
  CC      fs/fsopen.o
  AR      drivers/power/reset/built-in.a
  CC      net/ipv4/fib_trie.o
  CC      drivers/mtd/ubi/misc.o
  CC      net/ipv6/output_core.o
  CC      drivers/mtd/spi-nor/issi.o
  CC      kernel/kallsyms.o
  CC      drivers/mtd/spi-nor/macronix.o
  CC      drivers/watchdog/watchdog_core.o
  CC [M]  net/netfilter/nft_limit.o
  AR      drivers/power/supply/built-in.a
  AR      drivers/power/built-in.a
  CC      drivers/mtd/spi-nor/micron-st.o
  CC      drivers/mtd/nand/raw/nand_micron.o
  CC      drivers/mtd/nand/raw/nand_sandisk.o
  CC      drivers/watchdog/watchdog_dev.o
  CC      drivers/mtd/mtdchar.o
  CC      drivers/mtd/ubi/debug.o
  CC      fs/init.o
  CC      drivers/mtd/spi-nor/spansion.o
  CC      net/ipv6/protocol.o
  CC      drivers/mtd/nand/raw/nand_samsung.o
  CC      net/ipv4/fib_notifier.o
  CC      drivers/mtd/nand/raw/nand_toshiba.o
  AR      drivers/isdn/hardware/built-in.a
  AR      drivers/isdn/built-in.a
  CC      net/ipv4/inet_fragment.o
  CC      kernel/utsname.o
  CC      fs/kernel_read_file.o
  CC      net/ipv6/ip6_offload.o
  CC      drivers/mtd/mtd_blkdevs.o
  CC      drivers/mtd/ubi/block.o
  CC      drivers/watchdog/bcm7038_wdt.o
  CC      drivers/mtd/spi-nor/sst.o
  CC [M]  net/netfilter/nft_nat.o
  CC      kernel/user_namespace.o
  CC      net/ipv4/ping.o
  AR      drivers/mtd/nand/raw/built-in.a
  AR      drivers/mtd/nand/built-in.a
  AR      drivers/mmc/built-in.a
  CC      net/ipv4/ip_tunnel_core.o
  CC      net/ipv6/tcpv6_offload.o
  CC      drivers/mtd/mtdblock.o
  AR      drivers/watchdog/built-in.a
  CC      fs/mnt_idmapping.o
  CC      drivers/mtd/spi-nor/winbond.o
  AR      drivers/ufs/built-in.a
  CC      kernel/pid_namespace.o
  CC      net/ipv6/exthdrs_offload.o
  CC      net/ipv4/gre_offload.o
  AR      drivers/mtd/ubi/built-in.a
  CC [M]  net/netfilter/nft_quota.o
  CC      net/ipv4/metrics.o
  CC      drivers/mtd/spi-nor/xmc.o
  CC      fs/remap_range.o
  CC      kernel/stop_machine.o
  AR      drivers/firmware/arm_ffa/built-in.a
  AR      drivers/firmware/arm_scmi/built-in.a
  AR      drivers/firmware/broadcom/built-in.a
  AR      drivers/firmware/cirrus/built-in.a
  AR      drivers/firmware/meson/built-in.a
  AR      drivers/firmware/microchip/built-in.a
  AR      drivers/firmware/efi/built-in.a
  AR      drivers/firmware/imx/built-in.a
  AR      drivers/firmware/psci/built-in.a
  AR      drivers/firmware/qcom/built-in.a
  AR      drivers/firmware/smccc/built-in.a
  AR      drivers/firmware/tegra/built-in.a
  AR      drivers/firmware/xilinx/built-in.a
  CC      net/ipv6/inet6_hashtables.o
  AR      drivers/firmware/built-in.a
  AR      drivers/crypto/stm32/built-in.a
  AR      drivers/crypto/xilinx/built-in.a
  AR      drivers/crypto/hisilicon/built-in.a
  AR      drivers/crypto/intel/keembay/built-in.a
  AR      drivers/crypto/intel/ixp4xx/built-in.a
  AR      drivers/crypto/intel/built-in.a
  CC      drivers/mtd/spi-nor/xtx.o
  AR      drivers/crypto/starfive/built-in.a
  AR      drivers/crypto/built-in.a
  CC      net/ipv6/mcast_snoop.o
  CC      kernel/seccomp.o
  CC      drivers/mtd/spi-nor/debugfs.o
  CC [M]  net/netfilter/nft_reject.o
  CC      kernel/relay.o
  CC      fs/pidfs.o
  CC      net/ipv4/netlink.o
  AR      drivers/clocksource/built-in.a
  CC      kernel/utsname_sysctl.o
  CC      net/ipv4/nexthop.o
  CC      net/ipv4/udp_tunnel_stub.o
  CC      fs/proc_namespace.o
  CC [M]  net/netfilter/nft_reject_inet.o
  CC      kernel/irq_work.o
  CC      drivers/of/base.o
  CC      fs/eventpoll.o
  CC      net/ipv4/sysctl_net_ipv4.o
  AR      drivers/mtd/spi-nor/built-in.a
  AR      drivers/mtd/built-in.a
  AR      drivers/staging/media/built-in.a
  AR      drivers/staging/built-in.a
  CC [M]  net/netfilter/nft_log.o
  CC      kernel/padata.o
  CC      drivers/of/cpu.o
  CC      kernel/jump_label.o
  CC      fs/anon_inodes.o
  AR      net/ipv6/built-in.a
  CC      net/ipv4/proc.o
  AR      drivers/platform/mips/built-in.a
  AR      drivers/platform/built-in.a
  CC      drivers/of/device.o
  CC      fs/signalfd.o
  CC      net/ipv4/fib_rules.o
  CC [M]  net/netfilter/nft_masq.o
  CC      drivers/of/module.o
  AR      drivers/hwtracing/intel_th/built-in.a
  CC      net/ipv4/ipmr.o
  CC [M]  net/netfilter/nft_redir.o
  CC      fs/timerfd.o
  CC      kernel/context_tracking.o
  AR      drivers/android/built-in.a
  CC      net/ipv4/ipmr_base.o
  CC      drivers/of/platform.o
  CC      drivers/of/property.o
  CC      fs/eventfd.o
  AR      drivers/nvmem/layouts/built-in.a
  CC      drivers/nvmem/core.o
  CC      kernel/iomem.o
  CC      drivers/of/kobj.o
  CC [M]  net/netfilter/nft_hash.o
  CC      net/ipv4/syncookies.o
  CC      drivers/nvmem/layouts.o
  CC      drivers/of/fdt.o
  CC      fs/aio.o
  CC      net/ipv4/netfilter.o
  CC      fs/locks.o
  CC      net/ipv4/tcp_cubic.o
  CC      fs/binfmt_script.o
  CC      net/ipv4/tcp_bpf.o
  CC      fs/binfmt_elf.o
  AR      kernel/built-in.a
  CC      fs/backing-file.o
  CC      fs/posix_acl.o
  CC [M]  net/netfilter/nft_fib.o
  DTC     drivers/of/empty_root.dtb
  CC      net/ipv4/udp_bpf.o
  CC      fs/coredump.o
  AR      drivers/nvmem/built-in.a
  CC [M]  net/netfilter/nft_fib_inet.o
  CC      net/ipv4/bpf_tcp_ca.o
  CC      drivers/of/fdt_address.o
  CC      fs/drop_caches.o
  CC [M]  net/netfilter/nft_chain_nat.o
  CC      drivers/of/address.o
  CC      fs/sysctls.o
  CC      drivers/of/irq.o
  CC      drivers/of/of_reserved_mem.o
  CC      fs/fhandle.o
  WRAP    drivers/of/empty_root.dtb.S
  CC [M]  net/netfilter/nf_flow_table_core.o
  AS      drivers/of/empty_root.dtb.o
  CC [M]  net/netfilter/nf_flow_table_ip.o
  CC [M]  net/netfilter/nf_flow_table_offload.o
  CC [M]  net/netfilter/nf_flow_table_xdp.o
  CC [M]  net/netfilter/nf_flow_table_inet.o
  LD [M]  net/netfilter/nf_conntrack.o
  LD [M]  net/netfilter/nf_nat.o
  LD [M]  net/netfilter/nf_tables.o
  AR      net/netfilter/built-in.a
  AR      net/ipv4/built-in.a
  AR      drivers/of/built-in.a
  AR      drivers/built-in.a
  AR      fs/built-in.a
  LD [M]  net/netfilter/nf_flow_table.o
  AR      net/built-in.a
  AR      built-in.a
  AR      vmlinux.a
  LD      vmlinux.o
  OBJCOPY modules.builtin.modinfo
  GEN     modules.builtin
  MODPOST Module.symvers
  CC      .vmlinux.export.o
  CC [M]  crypto/crc32c_generic.mod.o
  CC [M]  .module-common.o
  CC [M]  lib/crc-ccitt.mod.o
  CC [M]  lib/libcrc32c.mod.o
  CC [M]  drivers/net/ppp/ppp_generic.mod.o
  CC [M]  drivers/net/ppp/ppp_async.mod.o
  CC [M]  drivers/net/ppp/pppox.mod.o
  CC [M]  drivers/net/ppp/pppoe.mod.o
  CC [M]  drivers/net/slip/slhc.mod.o
  CC [M]  net/netfilter/nfnetlink.mod.o
  CC [M]  net/netfilter/nf_conntrack.mod.o
  CC [M]  net/netfilter/nf_log_syslog.mod.o
  CC [M]  net/netfilter/nf_nat.mod.o
  CC [M]  net/netfilter/nf_tables.mod.o
  CC [M]  net/netfilter/nft_numgen.mod.o
  CC [M]  net/netfilter/nft_ct.mod.o
  CC [M]  net/netfilter/nft_flow_offload.mod.o
  CC [M]  net/netfilter/nft_limit.mod.o
  CC [M]  net/netfilter/nft_nat.mod.o
  CC [M]  net/netfilter/nft_quota.mod.o
  CC [M]  net/netfilter/nft_reject.mod.o
  CC [M]  net/netfilter/nft_reject_inet.mod.o
  CC [M]  net/netfilter/nft_log.mod.o
  CC [M]  net/netfilter/nft_masq.mod.o
  CC [M]  net/netfilter/nft_redir.mod.o
  CC [M]  net/netfilter/nft_hash.mod.o
  CC [M]  net/netfilter/nft_fib.mod.o
  CC [M]  net/netfilter/nft_fib_inet.mod.o
  CC [M]  net/netfilter/nft_chain_nat.mod.o
  CC [M]  net/netfilter/nf_flow_table.mod.o
  UPD     include/generated/utsversion.h
  CC      init/version-timestamp.o
  CC [M]  net/netfilter/nf_flow_table_inet.mod.o
  CC [M]  net/ipv4/netfilter/nf_defrag_ipv4.mod.o
  CC [M]  net/ipv4/netfilter/nf_reject_ipv4.mod.o
  CC [M]  net/ipv4/netfilter/nft_reject_ipv4.mod.o
  CC [M]  net/ipv4/netfilter/nft_fib_ipv4.mod.o
  CC [M]  net/ipv6/netfilter/nf_defrag_ipv6.mod.o
  CC [M]  net/ipv6/netfilter/nf_reject_ipv6.mod.o
  CC [M]  net/ipv6/netfilter/nft_reject_ipv6.mod.o
  CC [M]  net/ipv6/netfilter/nft_fib_ipv6.mod.o
  LD [M]  crypto/crc32c_generic.ko
  LD [M]  lib/crc-ccitt.ko
  LD [M]  lib/libcrc32c.ko
  LD [M]  drivers/net/ppp/ppp_generic.ko
  LD [M]  drivers/net/ppp/ppp_async.ko
  LD [M]  drivers/net/ppp/pppox.ko
  LD [M]  drivers/net/ppp/pppoe.ko
  LD [M]  drivers/net/slip/slhc.ko
  LD [M]  net/netfilter/nfnetlink.ko
  LD [M]  net/netfilter/nf_conntrack.ko
  LD [M]  net/netfilter/nf_log_syslog.ko
  LD [M]  net/netfilter/nf_nat.ko
  LD [M]  net/netfilter/nf_tables.ko
  LD [M]  net/netfilter/nft_numgen.ko
  LD [M]  net/netfilter/nft_ct.ko
  LD [M]  net/netfilter/nft_flow_offload.ko
  LD [M]  net/netfilter/nft_limit.ko
  LD [M]  net/netfilter/nft_nat.ko
  LD [M]  net/netfilter/nft_quota.ko
  LD [M]  net/netfilter/nft_reject.ko
  LD [M]  net/netfilter/nft_reject_inet.ko
  LD [M]  net/netfilter/nft_log.ko
  LD [M]  net/netfilter/nft_masq.ko
  LD [M]  net/netfilter/nft_redir.ko
  LD [M]  net/netfilter/nft_hash.ko
  LD [M]  net/netfilter/nft_fib.ko
  KSYMS   .tmp_vmlinux0.kallsyms.S
  AS      .tmp_vmlinux0.kallsyms.o
  LD      .tmp_vmlinux1
  LD [M]  net/netfilter/nft_chain_nat.ko
  LD [M]  net/netfilter/nft_fib_inet.ko
  LD [M]  net/netfilter/nf_flow_table.ko
  LD [M]  net/netfilter/nf_flow_table_inet.ko
  LD [M]  net/ipv4/netfilter/nft_reject_ipv4.ko
  LD [M]  net/ipv4/netfilter/nf_defrag_ipv4.ko
  LD [M]  net/ipv4/netfilter/nf_reject_ipv4.ko
  LD [M]  net/ipv6/netfilter/nf_defrag_ipv6.ko
  LD [M]  net/ipv6/netfilter/nft_fib_ipv6.ko
  LD [M]  net/ipv4/netfilter/nft_fib_ipv4.ko
  LD [M]  net/ipv6/netfilter/nf_reject_ipv6.ko
  LD [M]  net/ipv6/netfilter/nft_reject_ipv6.ko
  NM      .tmp_vmlinux1.syms
  KSYMS   .tmp_vmlinux1.kallsyms.S
  AS      .tmp_vmlinux1.kallsyms.o
  LD      .tmp_vmlinux2
  NM      .tmp_vmlinux2.syms
  KSYMS   .tmp_vmlinux2.kallsyms.S
  AS      .tmp_vmlinux2.kallsyms.o
  LD      vmlinux
  NM      System.map
  SORTTAB vmlinux
make[4]: Leaving directory '/home/mgta29/src/openwrt/build_dir/target-mips_mips32_musl/linux-bmips_bcm63268/linux-6.12.93'
cmp -s /home/mgta29/src/openwrt/build_dir/target-mips_mips32_musl/linux-bmips_bcm63268/linux-6.12.93/vmlinux /home/mgta29/src/openwrt/build_dir/target-mips_mips32_musl/linux-bmips_bcm63268/vmlinux.debug || { mips-openwrt-linux-musl-objcopy -O binary -R .reginfo -R .notes -R .note -R .comment -R .mdebug -R .note.gnu.build-id -S /home/mgta29/src/openwrt/build_dir/target-mips_mips32_musl/linux-bmips_bcm63268/linux-6.12.93/vmlinux /home/mgta29/src/openwrt/build_dir/target-mips_mips32_musl/linux-bmips_bcm63268/vmlinux; mips-openwrt-linux-musl-objcopy -R .reginfo -R .notes -R .note -R .comment -R .mdebug -R .note.gnu.build-id -S /home/mgta29/src/openwrt/build_dir/target-mips_mips32_musl/linux-bmips_bcm63268/linux-6.12.93/vmlinux /home/mgta29/src/openwrt/build_dir/target-mips_mips32_musl/linux-bmips_bcm63268/vmlinux.elf; cp -fpR /home/mgta29/src/openwrt/build_dir/target-mips_mips32_musl/linux-bmips_bcm63268/linux-6.12.93/vmlinux /home/mgta29/src/openwrt/build_dir/target-mips_mips32_musl/linux-bmips_bcm63268/vmlinux.debug;  }
SHELL= flock /home/mgta29/src/openwrt/tmp/.gen-initramfs.flock -c '{  		{ rm -f /home/mgta29/src/openwrt/build_dir/target-mips_mips32_musl/linux-bmips_bcm63268/linux-6.12.93/.config.prev; mv /home/mgta29/src/openwrt/build_dir/target-mips_mips32_musl/linux-bmips_bcm63268/linux-6.12.93/.config /home/mgta29/src/openwrt/build_dir/target-mips_mips32_musl/linux-bmips_bcm63268/linux-6.12.93/.config.old; 	{ grep -v -e INITRAMFS -e CONFIG_RD_ -e CONFIG_BLK_DEV_INITRD /home/mgta29/src/openwrt/build_dir/target-mips_mips32_musl/linux-bmips_bcm63268/linux-6.12.93/.config.old > /home/mgta29/src/openwrt/build_dir/target-mips_mips32_musl/linux-bmips_bcm63268/linux-6.12.93/.config; echo '\''CONFIG_BLK_DEV_INITRD=y'\'' >> /home/mgta29/src/openwrt/build_dir/target-mips_mips32_musl/linux-bmips_bcm63268/linux-6.12.93/.config; echo '\''CONFIG_INITRAMFS_SOURCE="/home/mgta29/src/openwrt/build_dir/target-mips_mips32_musl/root-bmips /home/mgta29/src/openwrt/target/linux/generic/image/initramfs-base-files.txt"'\'' >> /home/mgta29/src/openwrt/build_dir/target-mips_mips32_musl/linux-bmips_bcm63268/linux-6.12.93/.config; }; echo "# CONFIG_INITRAMFS_PRESERVE_MTIME is not set" >> /home/mgta29/src/openwrt/build_dir/target-mips_mips32_musl/linux-bmips_bcm63268/linux-6.12.93/.config; echo "CONFIG_INITRAMFS_ROOT_UID=1000" >> /home/mgta29/src/openwrt/build_dir/target-mips_mips32_musl/linux-bmips_bcm63268/linux-6.12.93/.config; echo "CONFIG_INITRAMFS_ROOT_GID=1000" >> /home/mgta29/src/openwrt/build_dir/target-mips_mips32_musl/linux-bmips_bcm63268/linux-6.12.93/.config;   echo "# CONFIG_INITRAMFS_FORCE is not set" >> /home/mgta29/src/openwrt/build_dir/target-mips_mips32_musl/linux-bmips_bcm63268/linux-6.12.93/.config;  echo "CONFIG_INITRAMFS_COMPRESSION_NONE=y" >> /home/mgta29/src/openwrt/build_dir/target-mips_mips32_musl/linux-bmips_bcm63268/linux-6.12.93/.config;   echo "# CONFIG_INITRAMFS_COMPRESSION_GZIP is not set" >> /home/mgta29/src/openwrt/build_dir/target-mips_mips32_musl/linux-bmips_bcm63268/linux-6.12.93/.config;   echo "# CONFIG_RD_GZIP is not set" >> /home/mgta29/src/openwrt/build_dir/target-mips_mips32_musl/linux-bmips_bcm63268/linux-6.12.93/.config;     echo "# CONFIG_INITRAMFS_COMPRESSION_BZIP2 is not set" >> /home/mgta29/src/openwrt/build_dir/target-mips_mips32_musl/linux-bmips_bcm63268/linux-6.12.93/.config;   echo "# CONFIG_RD_BZIP2 is not set" >> /home/mgta29/src/openwrt/build_dir/target-mips_mips32_musl/linux-bmips_bcm63268/linux-6.12.93/.config;     echo "# CONFIG_INITRAMFS_COMPRESSION_LZMA is not set" >> /home/mgta29/src/openwrt/build_dir/target-mips_mips32_musl/linux-bmips_bcm63268/linux-6.12.93/.config;   echo "# CONFIG_RD_LZMA is not set" >> /home/mgta29/src/openwrt/build_dir/target-mips_mips32_musl/linux-bmips_bcm63268/linux-6.12.93/.config;     echo "# CONFIG_INITRAMFS_COMPRESSION_LZO is not set" >> /home/mgta29/src/openwrt/build_dir/target-mips_mips32_musl/linux-bmips_bcm63268/linux-6.12.93/.config;   echo "# CONFIG_RD_LZO is not set" >> /home/mgta29/src/openwrt/build_dir/target-mips_mips32_musl/linux-bmips_bcm63268/linux-6.12.93/.config;     echo "# CONFIG_INITRAMFS_COMPRESSION_XZ is not set" >> /home/mgta29/src/openwrt/build_dir/target-mips_mips32_musl/linux-bmips_bcm63268/linux-6.12.93/.config;   echo "# CONFIG_RD_XZ is not set" >> /home/mgta29/src/openwrt/build_dir/target-mips_mips32_musl/linux-bmips_bcm63268/linux-6.12.93/.config;     echo "# CONFIG_INITRAMFS_COMPRESSION_LZ4 is not set" >> /home/mgta29/src/openwrt/build_dir/target-mips_mips32_musl/linux-bmips_bcm63268/linux-6.12.93/.config;   echo "# CONFIG_RD_LZ4 is not set" >> /home/mgta29/src/openwrt/build_dir/target-mips_mips32_musl/linux-bmips_bcm63268/linux-6.12.93/.config;     echo "# CONFIG_INITRAMFS_COMPRESSION_ZSTD is not set" >> /home/mgta29/src/openwrt/build_dir/target-mips_mips32_musl/linux-bmips_bcm63268/linux-6.12.93/.config;   echo "# CONFIG_RD_ZSTD is not set" >> /home/mgta29/src/openwrt/build_dir/target-mips_mips32_musl/linux-bmips_bcm63268/linux-6.12.93/.config;   }; cp -fpR /home/mgta29/src/openwrt/target/linux/generic/other-files/init /home/mgta29/src/openwrt/build_dir/target-mips_mips32_musl/root-bmips/init; touch -hcd "@1781634999" /home/mgta29/src/openwrt/build_dir/target-mips_mips32_musl/root-bmips /home/mgta29/src/openwrt/build_dir/target-mips_mips32_musl/root-bmips/init; rm -rf /home/mgta29/src/openwrt/build_dir/target-mips_mips32_musl/linux-bmips_bcm63268/linux-6.12.93/usr/initramfs_data.cpio*;  make -C /home/mgta29/src/openwrt/build_dir/target-mips_mips32_musl/linux-bmips_bcm63268/linux-6.12.93 KCFLAGS="-fmacro-prefix-map=/home/mgta29/src/openwrt/build_dir/target-mips_mips32_musl=target-mips_mips32_musl -fno-caller-saves " HOSTCFLAGS="-O2 -I/home/mgta29/src/openwrt/staging_dir/host/include -Wall -Wmissing-prototypes -Wstrict-prototypes" CROSS_COMPILE="mips-openwrt-linux-musl-" ARCH="mips" KBUILD_HAVE_NLS=no KBUILD_BUILD_USER="" KBUILD_BUILD_HOST="" KBUILD_BUILD_TIMESTAMP="Tue Jun 16 18:36:39 2026" KBUILD_BUILD_VERSION="0" KBUILD_HOSTLDFLAGS="-L/home/mgta29/src/openwrt/staging_dir/host/lib" CONFIG_SHELL="bash" V='\'''\''  cmd_syscalls=  CC="mips-openwrt-linux-musl-gcc" KERNELRELEASE=6.12.93   all; 	cmp -s /home/mgta29/src/openwrt/build_dir/target-mips_mips32_musl/linux-bmips_bcm63268/linux-6.12.93/vmlinux /home/mgta29/src/openwrt/build_dir/target-mips_mips32_musl/linux-bmips_bcm63268/vmlinux-initramfs.debug || { mips-openwrt-linux-musl-objcopy -O binary -R .reginfo -R .notes -R .note -R .comment -R .mdebug -R .note.gnu.build-id -S /home/mgta29/src/openwrt/build_dir/target-mips_mips32_musl/linux-bmips_bcm63268/linux-6.12.93/vmlinux /home/mgta29/src/openwrt/build_dir/target-mips_mips32_musl/linux-bmips_bcm63268/vmlinux-initramfs; mips-openwrt-linux-musl-objcopy -R .reginfo -R .notes -R .note -R .comment -R .mdebug -R .note.gnu.build-id -S /home/mgta29/src/openwrt/build_dir/target-mips_mips32_musl/linux-bmips_bcm63268/linux-6.12.93/vmlinux /home/mgta29/src/openwrt/build_dir/target-mips_mips32_musl/linux-bmips_bcm63268/vmlinux-initramfs.elf; cp -fpR /home/mgta29/src/openwrt/build_dir/target-mips_mips32_musl/linux-bmips_bcm63268/linux-6.12.93/vmlinux /home/mgta29/src/openwrt/build_dir/target-mips_mips32_musl/linux-bmips_bcm63268/vmlinux-initramfs.debug;  };  }';
make[4]: Entering directory '/home/mgta29/src/openwrt/target/linux/bmips'
make[4]: warning: jobserver unavailable: using -j1.  Add '+' to parent make rule.
  SYNC    include/config/auto.conf.cmd
  GEN     usr/initramfs_data.cpio
  COPY    usr/initramfs_inc_data
  AS      usr/initramfs_data.o
  AR      usr/built-in.a
  AR      built-in.a
  AR      vmlinux.a
  LD      vmlinux.o
  OBJCOPY modules.builtin.modinfo
  GEN     modules.builtin
  MODPOST Module.symvers
  KSYMS   .tmp_vmlinux0.kallsyms.S
  AS      .tmp_vmlinux0.kallsyms.o
  LD      .tmp_vmlinux1
  NM      .tmp_vmlinux1.syms
  KSYMS   .tmp_vmlinux1.kallsyms.S
  AS      .tmp_vmlinux1.kallsyms.o
  LD      .tmp_vmlinux2
  NM      .tmp_vmlinux2.syms
  KSYMS   .tmp_vmlinux2.kallsyms.S
  AS      .tmp_vmlinux2.kallsyms.o
  LD      vmlinux
  NM      System.map
  SORTTAB vmlinux
make[4]: Leaving directory '/home/mgta29/src/openwrt/build_dir/target-mips_mips32_musl/linux-bmips_bcm63268/linux-6.12.93'
touch /home/mgta29/src/openwrt/build_dir/target-mips_mips32_musl/linux-bmips_bcm63268/linux-6.12.93/.image
make -C image compile install TARGET_BUILD=
make[4]: Entering directory '/home/mgta29/src/openwrt/target/linux/bmips/image'
rm -rf /home/mgta29/src/openwrt/build_dir/target-mips_mips32_musl/linux-bmips_bcm63268/relocate
mips-openwrt-linux-musl-cpp -nostdinc -x assembler-with-cpp  -I/home/mgta29/src/openwrt/build_dir/target-mips_mips32_musl/linux-bmips_bcm63268/linux-6.12.93/arch/mips/boot/dts -I/home/mgta29/src/openwrt/build_dir/target-mips_mips32_musl/linux-bmips_bcm63268/linux-6.12.93/arch/mips/boot/dts/include -I/home/mgta29/src/openwrt/build_dir/target-mips_mips32_musl/linux-bmips_bcm63268/linux-6.12.93/include/ -I/home/mgta29/src/openwrt/build_dir/target-mips_mips32_musl/linux-bmips_bcm63268/linux-6.12.93/scripts/dtc/include-prefixes -undef -D__DTS__  -o /home/mgta29/src/openwrt/build_dir/target-mips_mips32_musl/linux-bmips_bcm63268/image-bcm63168-actiontec-t1200h.dtb.tmp ../dts/bcm63168-actiontec-t1200h.dts
mips-openwrt-linux-musl-cpp -nostdinc -x assembler-with-cpp  -I/home/mgta29/src/openwrt/build_dir/target-mips_mips32_musl/linux-bmips_bcm63268/linux-6.12.93/arch/mips/boot/dts -I/home/mgta29/src/openwrt/build_dir/target-mips_mips32_musl/linux-bmips_bcm63268/linux-6.12.93/arch/mips/boot/dts/include -I/home/mgta29/src/openwrt/build_dir/target-mips_mips32_musl/linux-bmips_bcm63268/linux-6.12.93/include/ -I/home/mgta29/src/openwrt/build_dir/target-mips_mips32_musl/linux-bmips_bcm63268/linux-6.12.93/scripts/dtc/include-prefixes -undef -D__DTS__  -o /home/mgta29/src/openwrt/build_dir/target-mips_mips32_musl/linux-bmips_bcm63268/image-bcm63169-comtrend-vg-8050.dtb.tmp ../dts/bcm63169-comtrend-vg-8050.dts
cp -fpR ../../generic/image/relocate /home/mgta29/src/openwrt/build_dir/target-mips_mips32_musl/linux-bmips_bcm63268
mips-openwrt-linux-musl-cpp -nostdinc -x assembler-with-cpp  -I/home/mgta29/src/openwrt/build_dir/target-mips_mips32_musl/linux-bmips_bcm63268/linux-6.12.93/arch/mips/boot/dts -I/home/mgta29/src/openwrt/build_dir/target-mips_mips32_musl/linux-bmips_bcm63268/linux-6.12.93/arch/mips/boot/dts/include -I/home/mgta29/src/openwrt/build_dir/target-mips_mips32_musl/linux-bmips_bcm63268/linux-6.12.93/include/ -I/home/mgta29/src/openwrt/build_dir/target-mips_mips32_musl/linux-bmips_bcm63268/linux-6.12.93/scripts/dtc/include-prefixes -undef -D__DTS__  -o /home/mgta29/src/openwrt/build_dir/target-mips_mips32_musl/linux-bmips_bcm63268/image-bcm63168-comtrend-vr-3032u.dtb.tmp ../dts/bcm63168-comtrend-vr-3032u.dts
mips-openwrt-linux-musl-cpp -nostdinc -x assembler-with-cpp  -I/home/mgta29/src/openwrt/build_dir/target-mips_mips32_musl/linux-bmips_bcm63268/linux-6.12.93/arch/mips/boot/dts -I/home/mgta29/src/openwrt/build_dir/target-mips_mips32_musl/linux-bmips_bcm63268/linux-6.12.93/arch/mips/boot/dts/include -I/home/mgta29/src/openwrt/build_dir/target-mips_mips32_musl/linux-bmips_bcm63268/linux-6.12.93/include/ -I/home/mgta29/src/openwrt/build_dir/target-mips_mips32_musl/linux-bmips_bcm63268/linux-6.12.93/scripts/dtc/include-prefixes -undef -D__DTS__  -o /home/mgta29/src/openwrt/build_dir/target-mips_mips32_musl/linux-bmips_bcm63268/image-bcm63168-sagem-fast-3864-op.dtb.tmp ../dts/bcm63168-sagem-fast-3864-op.dts
mips-openwrt-linux-musl-cpp -nostdinc -x assembler-with-cpp  -I/home/mgta29/src/openwrt/build_dir/target-mips_mips32_musl/linux-bmips_bcm63268/linux-6.12.93/arch/mips/boot/dts -I/home/mgta29/src/openwrt/build_dir/target-mips_mips32_musl/linux-bmips_bcm63268/linux-6.12.93/arch/mips/boot/dts/include -I/home/mgta29/src/openwrt/build_dir/target-mips_mips32_musl/linux-bmips_bcm63268/linux-6.12.93/include/ -I/home/mgta29/src/openwrt/build_dir/target-mips_mips32_musl/linux-bmips_bcm63268/linux-6.12.93/scripts/dtc/include-prefixes -undef -D__DTS__  -o /home/mgta29/src/openwrt/build_dir/target-mips_mips32_musl/linux-bmips_bcm63268/image-bcm63167-sercomm-h500-s-lowi.dtb.tmp ../dts/bcm63167-sercomm-h500-s-lowi.dts
mips-openwrt-linux-musl-cpp -nostdinc -x assembler-with-cpp  -I/home/mgta29/src/openwrt/build_dir/target-mips_mips32_musl/linux-bmips_bcm63268/linux-6.12.93/arch/mips/boot/dts -I/home/mgta29/src/openwrt/build_dir/target-mips_mips32_musl/linux-bmips_bcm63268/linux-6.12.93/arch/mips/boot/dts/include -I/home/mgta29/src/openwrt/build_dir/target-mips_mips32_musl/linux-bmips_bcm63268/linux-6.12.93/include/ -I/home/mgta29/src/openwrt/build_dir/target-mips_mips32_musl/linux-bmips_bcm63268/linux-6.12.93/scripts/dtc/include-prefixes -undef -D__DTS__  -o /home/mgta29/src/openwrt/build_dir/target-mips_mips32_musl/linux-bmips_bcm63268/image-bcm63167-sercomm-h500-s-vfes.dtb.tmp ../dts/bcm63167-sercomm-h500-s-vfes.dts
mips-openwrt-linux-musl-cpp -nostdinc -x assembler-with-cpp  -I/home/mgta29/src/openwrt/build_dir/target-mips_mips32_musl/linux-bmips_bcm63268/linux-6.12.93/arch/mips/boot/dts -I/home/mgta29/src/openwrt/build_dir/target-mips_mips32_musl/linux-bmips_bcm63268/linux-6.12.93/arch/mips/boot/dts/include -I/home/mgta29/src/openwrt/build_dir/target-mips_mips32_musl/linux-bmips_bcm63268/linux-6.12.93/include/ -I/home/mgta29/src/openwrt/build_dir/target-mips_mips32_musl/linux-bmips_bcm63268/linux-6.12.93/scripts/dtc/include-prefixes -undef -D__DTS__  -o /home/mgta29/src/openwrt/build_dir/target-mips_mips32_musl/linux-bmips_bcm63268/image-bcm63168-sercomm-shg2500.dtb.tmp ../dts/bcm63168-sercomm-shg2500.dts
mips-openwrt-linux-musl-cpp -nostdinc -x assembler-with-cpp  -I/home/mgta29/src/openwrt/build_dir/target-mips_mips32_musl/linux-bmips_bcm63268/linux-6.12.93/arch/mips/boot/dts -I/home/mgta29/src/openwrt/build_dir/target-mips_mips32_musl/linux-bmips_bcm63268/linux-6.12.93/arch/mips/boot/dts/include -I/home/mgta29/src/openwrt/build_dir/target-mips_mips32_musl/linux-bmips_bcm63268/linux-6.12.93/include/ -I/home/mgta29/src/openwrt/build_dir/target-mips_mips32_musl/linux-bmips_bcm63268/linux-6.12.93/scripts/dtc/include-prefixes -undef -D__DTS__  -o /home/mgta29/src/openwrt/build_dir/target-mips_mips32_musl/linux-bmips_bcm63268/image-bcm63168-smartrg-sr505n.dtb.tmp ../dts/bcm63168-smartrg-sr505n.dts
export MAKEFLAGS= ;make -w -C /home/mgta29/src/openwrt/build_dir/target-mips_mips32_musl/linux-bmips_bcm63268/relocate CACHELINE_SIZE=16 CROSS_COMPILE=mips-openwrt-linux-musl- KERNEL_ADDR=0x80010000		 LZMA_TEXT_START=0x81000000		
mips-openwrt-linux-musl-cpp -nostdinc -x assembler-with-cpp  -I/home/mgta29/src/openwrt/build_dir/target-mips_mips32_musl/linux-bmips_bcm63268/linux-6.12.93/arch/mips/boot/dts -I/home/mgta29/src/openwrt/build_dir/target-mips_mips32_musl/linux-bmips_bcm63268/linux-6.12.93/arch/mips/boot/dts/include -I/home/mgta29/src/openwrt/build_dir/target-mips_mips32_musl/linux-bmips_bcm63268/linux-6.12.93/include/ -I/home/mgta29/src/openwrt/build_dir/target-mips_mips32_musl/linux-bmips_bcm63268/linux-6.12.93/scripts/dtc/include-prefixes -undef -D__DTS__  -o /home/mgta29/src/openwrt/build_dir/target-mips_mips32_musl/linux-bmips_bcm63268/image-bcm3383-technicolor-tc7200u.dtb.tmp ../dts/bcm3383-technicolor-tc7200u.dts
make[5]: Entering directory '/home/mgta29/src/openwrt/build_dir/target-mips_mips32_musl/linux-bmips_bcm63268/relocate'
mips-openwrt-linux-musl-gcc -D__KERNEL__ -Wall -Wstrict-prototypes -Wno-trigraphs -Os -fno-strict-aliasing -fno-common -fomit-frame-pointer -G 0 -mno-abicalls -fno-pic -ffunction-sections -pipe -mlong-calls -fno-common -ffreestanding -fhonour-copts -mabi=32 -march=mips32r2 -Wa,-32 -Wa,-march=mips32r2 -Wa,-mips32r2 -Wa,--trap -DCONFIG_CACHELINE_SIZE=16 -DKERNEL_ADDR=0x80010000 -D__ASSEMBLY__ -c -o head.o head.S
/home/mgta29/src/openwrt/build_dir/target-mips_mips32_musl/linux-bmips_bcm63268/linux-6.12.93/scripts/dtc/dtc -O dtb -i../dts/ -Wno-interrupt_provider -Wno-unique_unit_address -Wno-unit_address_vs_reg -Wno-avoid_unnecessary_addr_size -Wno-alias_paths -Wno-graph_child_address -Wno-simple_bus_reg    -o /home/mgta29/src/openwrt/build_dir/target-mips_mips32_musl/linux-bmips_bcm63268/image-bcm3383-technicolor-tc7200u.dtb /home/mgta29/src/openwrt/build_dir/target-mips_mips32_musl/linux-bmips_bcm63268/image-bcm3383-technicolor-tc7200u.dtb.tmp
mips-openwrt-linux-musl-ld -static --gc-sections -no-warn-mismatch -e startup -T loader.lds -Ttext 0x81000000 -o loader head.o
/home/mgta29/src/openwrt/build_dir/target-mips_mips32_musl/linux-bmips_bcm63268/linux-6.12.93/scripts/dtc/dtc -O dtb -i../dts/ -Wno-interrupt_provider -Wno-unique_unit_address -Wno-unit_address_vs_reg -Wno-avoid_unnecessary_addr_size -Wno-alias_paths -Wno-graph_child_address -Wno-simple_bus_reg    -o /home/mgta29/src/openwrt/build_dir/target-mips_mips32_musl/linux-bmips_bcm63268/image-bcm63168-comtrend-vr-3032u.dtb /home/mgta29/src/openwrt/build_dir/target-mips_mips32_musl/linux-bmips_bcm63268/image-bcm63168-comtrend-vr-3032u.dtb.tmp
/home/mgta29/src/openwrt/build_dir/target-mips_mips32_musl/linux-bmips_bcm63268/linux-6.12.93/scripts/dtc/dtc -O dtb -i../dts/ -Wno-interrupt_provider -Wno-unique_unit_address -Wno-unit_address_vs_reg -Wno-avoid_unnecessary_addr_size -Wno-alias_paths -Wno-graph_child_address -Wno-simple_bus_reg    -o /home/mgta29/src/openwrt/build_dir/target-mips_mips32_musl/linux-bmips_bcm63268/image-bcm63168-actiontec-t1200h.dtb /home/mgta29/src/openwrt/build_dir/target-mips_mips32_musl/linux-bmips_bcm63268/image-bcm63168-actiontec-t1200h.dtb.tmp
/home/mgta29/src/openwrt/build_dir/target-mips_mips32_musl/linux-bmips_bcm63268/linux-6.12.93/scripts/dtc/dtc -O dtb -i../dts/ -Wno-interrupt_provider -Wno-unique_unit_address -Wno-unit_address_vs_reg -Wno-avoid_unnecessary_addr_size -Wno-alias_paths -Wno-graph_child_address -Wno-simple_bus_reg    -o /home/mgta29/src/openwrt/build_dir/target-mips_mips32_musl/linux-bmips_bcm63268/image-bcm63168-sagem-fast-3864-op.dtb /home/mgta29/src/openwrt/build_dir/target-mips_mips32_musl/linux-bmips_bcm63268/image-bcm63168-sagem-fast-3864-op.dtb.tmp
/home/mgta29/src/openwrt/build_dir/target-mips_mips32_musl/linux-bmips_bcm63268/linux-6.12.93/scripts/dtc/dtc -O dtb -i../dts/ -Wno-interrupt_provider -Wno-unique_unit_address -Wno-unit_address_vs_reg -Wno-avoid_unnecessary_addr_size -Wno-alias_paths -Wno-graph_child_address -Wno-simple_bus_reg    -o /home/mgta29/src/openwrt/build_dir/target-mips_mips32_musl/linux-bmips_bcm63268/image-bcm63169-comtrend-vg-8050.dtb /home/mgta29/src/openwrt/build_dir/target-mips_mips32_musl/linux-bmips_bcm63268/image-bcm63169-comtrend-vg-8050.dtb.tmp
/home/mgta29/src/openwrt/build_dir/target-mips_mips32_musl/linux-bmips_bcm63268/linux-6.12.93/scripts/dtc/dtc -O dtb -i../dts/ -Wno-interrupt_provider -Wno-unique_unit_address -Wno-unit_address_vs_reg -Wno-avoid_unnecessary_addr_size -Wno-alias_paths -Wno-graph_child_address -Wno-simple_bus_reg    -o /home/mgta29/src/openwrt/build_dir/target-mips_mips32_musl/linux-bmips_bcm63268/image-bcm63167-sercomm-h500-s-lowi.dtb /home/mgta29/src/openwrt/build_dir/target-mips_mips32_musl/linux-bmips_bcm63268/image-bcm63167-sercomm-h500-s-lowi.dtb.tmp
mips-openwrt-linux-musl-objcopy -O binary -R .reginfo -R .note -R .comment -R .mdebug -R .MIPS.abiflags -S loader loader.bin
/home/mgta29/src/openwrt/build_dir/target-mips_mips32_musl/linux-bmips_bcm63268/linux-6.12.93/scripts/dtc/dtc -O dtb -i../dts/ -Wno-interrupt_provider -Wno-unique_unit_address -Wno-unit_address_vs_reg -Wno-avoid_unnecessary_addr_size -Wno-alias_paths -Wno-graph_child_address -Wno-simple_bus_reg    -o /home/mgta29/src/openwrt/build_dir/target-mips_mips32_musl/linux-bmips_bcm63268/image-bcm63167-sercomm-h500-s-vfes.dtb /home/mgta29/src/openwrt/build_dir/target-mips_mips32_musl/linux-bmips_bcm63268/image-bcm63167-sercomm-h500-s-vfes.dtb.tmp
/home/mgta29/src/openwrt/build_dir/target-mips_mips32_musl/linux-bmips_bcm63268/linux-6.12.93/scripts/dtc/dtc -O dtb -i../dts/ -Wno-interrupt_provider -Wno-unique_unit_address -Wno-unit_address_vs_reg -Wno-avoid_unnecessary_addr_size -Wno-alias_paths -Wno-graph_child_address -Wno-simple_bus_reg    -o /home/mgta29/src/openwrt/build_dir/target-mips_mips32_musl/linux-bmips_bcm63268/image-bcm63168-sercomm-shg2500.dtb /home/mgta29/src/openwrt/build_dir/target-mips_mips32_musl/linux-bmips_bcm63268/image-bcm63168-sercomm-shg2500.dtb.tmp
/home/mgta29/src/openwrt/build_dir/target-mips_mips32_musl/linux-bmips_bcm63268/linux-6.12.93/scripts/dtc/dtc -O dtb -i../dts/ -Wno-interrupt_provider -Wno-unique_unit_address -Wno-unit_address_vs_reg -Wno-avoid_unnecessary_addr_size -Wno-alias_paths -Wno-graph_child_address -Wno-simple_bus_reg    -o /home/mgta29/src/openwrt/build_dir/target-mips_mips32_musl/linux-bmips_bcm63268/image-bcm63168-smartrg-sr505n.dtb /home/mgta29/src/openwrt/build_dir/target-mips_mips32_musl/linux-bmips_bcm63268/image-bcm63168-smartrg-sr505n.dtb.tmp
rm -f /home/mgta29/src/openwrt/build_dir/target-mips_mips32_musl/linux-bmips_bcm63268/image-bcm3383-technicolor-tc7200u.dtb.tmp
make[5]: Leaving directory '/home/mgta29/src/openwrt/build_dir/target-mips_mips32_musl/linux-bmips_bcm63268/relocate'
rm -f /home/mgta29/src/openwrt/build_dir/target-mips_mips32_musl/linux-bmips_bcm63268/image-bcm63168-comtrend-vr-3032u.dtb.tmp
rm -f /home/mgta29/src/openwrt/build_dir/target-mips_mips32_musl/linux-bmips_bcm63268/image-bcm63169-comtrend-vg-8050.dtb.tmp
rm -f /home/mgta29/src/openwrt/build_dir/target-mips_mips32_musl/linux-bmips_bcm63268/image-bcm63167-sercomm-h500-s-lowi.dtb.tmp
rm -f /home/mgta29/src/openwrt/build_dir/target-mips_mips32_musl/linux-bmips_bcm63268/image-bcm63168-sagem-fast-3864-op.dtb.tmp
rm -f /home/mgta29/src/openwrt/build_dir/target-mips_mips32_musl/linux-bmips_bcm63268/image-bcm63168-sercomm-shg2500.dtb.tmp
rm -f /home/mgta29/src/openwrt/build_dir/target-mips_mips32_musl/linux-bmips_bcm63268/image-bcm63168-smartrg-sr505n.dtb.tmp
rm -f /home/mgta29/src/openwrt/build_dir/target-mips_mips32_musl/linux-bmips_bcm63268/image-bcm63168-actiontec-t1200h.dtb.tmp
rm -f /home/mgta29/src/openwrt/build_dir/target-mips_mips32_musl/linux-bmips_bcm63268/image-bcm63167-sercomm-h500-s-vfes.dtb.tmp
mkdir -p /home/mgta29/src/openwrt/bin/targets/bmips/bcm63268 /home/mgta29/src/openwrt/build_dir/target-mips_mips32_musl/linux-bmips_bcm63268/tmp
rm -rf /home/mgta29/src/openwrt/build_dir/target-mips_mips32_musl/json_info_files
/home/mgta29/src/openwrt/staging_dir/host/bin/mksquashfs4 /home/mgta29/src/openwrt/build_dir/target-mips_mips32_musl/root-bmips /home/mgta29/src/openwrt/build_dir/target-mips_mips32_musl/linux-bmips_bcm63268/root.squashfs -nopad -noappend -root-owned -comp xz -Xpreset 9 -Xe -Xlc 0 -Xlp 2 -Xpb 2  -b 256k -p '/dev d 755 0 0' -p '/dev/console c 600 0 0 5 1' -no-xattrs -block-readers 4 -small-readers 4
rm -f /home/mgta29/src/openwrt/build_dir/target-mips_mips32_musl/linux-bmips_bcm63268/tmp/openwrt-bmips-bcm63268-technicolor_tc7200u-initramfs.bin
cp /home/mgta29/src/openwrt/build_dir/target-mips_mips32_musl/linux-bmips_bcm63268/vmlinux-initramfs /home/mgta29/src/openwrt/build_dir/target-mips_mips32_musl/linux-bmips_bcm63268/tmp/openwrt-bmips-bcm63268-technicolor_tc7200u-initramfs.bin
cat /home/mgta29/src/openwrt/build_dir/target-mips_mips32_musl/linux-bmips_bcm63268/image-bcm3383-technicolor-tc7200u.dtb >> /home/mgta29/src/openwrt/build_dir/target-mips_mips32_musl/linux-bmips_bcm63268/tmp/openwrt-bmips-bcm63268-technicolor_tc7200u-initramfs.bin
Pseudo file "dev" exists in source filesystem "/home/mgta29/src/openwrt/build_dir/target-mips_mips32_musl/root-bmips/dev".
Ignoring, exclude it (-e/-ef) to override.
Parallel mksquashfs: Using 16 processors
Creating 4.0 filesystem on /home/mgta29/src/openwrt/build_dir/target-mips_mips32_musl/linux-bmips_bcm63268/root.squashfs, block size 262144.
[|                                                               ]   0/460   0%/home/mgta29/src/openwrt/staging_dir/host/bin/lzma e /home/mgta29/src/openwrt/build_dir/target-mips_mips32_musl/linux-bmips_bcm63268/tmp/openwrt-bmips-bcm63268-technicolor_tc7200u-initramfs.bin -lc1 -lp2 -pb2  /home/mgta29/src/openwrt/build_dir/target-mips_mips32_musl/linux-bmips_bcm63268/tmp/openwrt-bmips-bcm63268-technicolor_tc7200u-initramfs.bin.new
[===============================================================/] 484/484 100%

Exportable Squashfs 4.0 filesystem, xz compressed, data block size 262144
	compressed data, compressed metadata, compressed fragments,
	no xattrs, compressed ids
	duplicates are removed
Filesystem size 2556.61 Kbytes (2.50 Mbytes)
	32.88% of uncompressed filesystem size (7775.18 Kbytes)
Inode table size 5130 bytes (5.01 Kbytes)
	21.08% of uncompressed inode table size (24332 bytes)
Directory table size 7280 bytes (7.11 Kbytes)
	51.85% of uncompressed directory table size (14040 bytes)
Number of duplicate files found 5
Number of inodes 724
Number of files 454
Number of fragments 22
Number of symbolic links 191
Number of device nodes 1
Number of fifo nodes 0
Number of socket nodes 0
Number of directories 78
Number of hard-links 0
Number of ids (unique uids + gids) 1
Number of uids 1
	root (0)
Number of gids 1
	root (0)
export MAKEFLAGS= ;make -w -C lzma-loader CHIP_ID=3383 KERNEL_ADDR=0x80010000		 KDIR=/home/mgta29/src/openwrt/build_dir/target-mips_mips32_musl/linux-bmips_bcm63268 LOADER_ADDR=0x84010000 LOADER_DATA="/home/mgta29/src/openwrt/build_dir/target-mips_mips32_musl/linux-bmips_bcm63268/tmp/openwrt-bmips-bcm63268-technicolor_tc7200u-initramfs.bin" LOADER_NAME="openwrt-bmips-bcm63268-technicolor_tc7200u-initramfs.bin" LZMA_TEXT_START=0x82000000		 PKG_BUILD_DIR="/home/mgta29/src/openwrt/build_dir/target-mips_mips32_musl/linux-bmips_bcm63268/tmp/openwrt-bmips-bcm63268-technicolor_tc7200u-initramfs.bin.src" TARGET_DIR="/home/mgta29/src/openwrt/build_dir/target-mips_mips32_musl/linux-bmips_bcm63268/tmp/" compile loader.bin
make[5]: Entering directory '/home/mgta29/src/openwrt/target/linux/bmips/image/lzma-loader'
mkdir /home/mgta29/src/openwrt/build_dir/target-mips_mips32_musl/linux-bmips_bcm63268/tmp/openwrt-bmips-bcm63268-technicolor_tc7200u-initramfs.bin.src
cp -fpR ./src/* /home/mgta29/src/openwrt/build_dir/target-mips_mips32_musl/linux-bmips_bcm63268/tmp/openwrt-bmips-bcm63268-technicolor_tc7200u-initramfs.bin.src/
touch /home/mgta29/src/openwrt/build_dir/target-mips_mips32_musl/linux-bmips_bcm63268/tmp/openwrt-bmips-bcm63268-technicolor_tc7200u-initramfs.bin.src/.prepared
make -C /home/mgta29/src/openwrt/build_dir/target-mips_mips32_musl/linux-bmips_bcm63268/tmp/openwrt-bmips-bcm63268-technicolor_tc7200u-initramfs.bin.src CROSS_COMPILE="mips-openwrt-linux-musl-" \
	LZMA_TEXT_START=0x82000000 \
	LOADER_DATA=/home/mgta29/src/openwrt/build_dir/target-mips_mips32_musl/linux-bmips_bcm63268/tmp/openwrt-bmips-bcm63268-technicolor_tc7200u-initramfs.bin \
	UART_BASE=0xb4e00500 \
	clean all
make[6]: Entering directory '/home/mgta29/src/openwrt/build_dir/target-mips_mips32_musl/linux-bmips_bcm63268/tmp/openwrt-bmips-bcm63268-technicolor_tc7200u-initramfs.bin.src'
rm -f loader *.elf *.bin *.o
mips-openwrt-linux-musl-gcc -D__KERNEL__ -Wall -Wstrict-prototypes -Wno-trigraphs -Os -fno-strict-aliasing -fno-common -fomit-frame-pointer -G 0 -mno-abicalls -fno-pic -ffunction-sections -pipe -ffreestanding -fhonour-copts -mabi=32 -march=mips32 -Wa,-32 -Wa,-march=mips32 -Wa,-mips32 -Wa,--trap -D_LZMA_PROB32 -DUART_BASE=0xb4e00500 -DLZMA_WRAPPER=1 -DLOADADDR=0x80010000 -D__ASSEMBLY__ -c -o head.o head.S
mips-openwrt-linux-musl-gcc -D__KERNEL__ -Wall -Wstrict-prototypes -Wno-trigraphs -Os -fno-strict-aliasing -fno-common -fomit-frame-pointer -G 0 -mno-abicalls -fno-pic -ffunction-sections -pipe -ffreestanding -fhonour-copts -mabi=32 -march=mips32 -Wa,-32 -Wa,-march=mips32 -Wa,-mips32 -Wa,--trap -D_LZMA_PROB32 -DUART_BASE=0xb4e00500 -DLZMA_WRAPPER=1 -DLOADADDR=0x80010000 -c -o loader.o loader.c
mips-openwrt-linux-musl-gcc -D__KERNEL__ -Wall -Wstrict-prototypes -Wno-trigraphs -Os -fno-strict-aliasing -fno-common -fomit-frame-pointer -G 0 -mno-abicalls -fno-pic -ffunction-sections -pipe -ffreestanding -fhonour-copts -mabi=32 -march=mips32 -Wa,-32 -Wa,-march=mips32 -Wa,-mips32 -Wa,--trap -D_LZMA_PROB32 -DUART_BASE=0xb4e00500 -DLZMA_WRAPPER=1 -DLOADADDR=0x80010000 -c -o cache.o cache.c
mips-openwrt-linux-musl-gcc -D__KERNEL__ -Wall -Wstrict-prototypes -Wno-trigraphs -Os -fno-strict-aliasing -fno-common -fomit-frame-pointer -G 0 -mno-abicalls -fno-pic -ffunction-sections -pipe -ffreestanding -fhonour-copts -mabi=32 -march=mips32 -Wa,-32 -Wa,-march=mips32 -Wa,-mips32 -Wa,--trap -D_LZMA_PROB32 -DUART_BASE=0xb4e00500 -DLZMA_WRAPPER=1 -DLOADADDR=0x80010000 -c -o board.o board.c
mips-openwrt-linux-musl-gcc -D__KERNEL__ -Wall -Wstrict-prototypes -Wno-trigraphs -Os -fno-strict-aliasing -fno-common -fomit-frame-pointer -G 0 -mno-abicalls -fno-pic -ffunction-sections -pipe -ffreestanding -fhonour-copts -mabi=32 -march=mips32 -Wa,-32 -Wa,-march=mips32 -Wa,-mips32 -Wa,--trap -D_LZMA_PROB32 -DUART_BASE=0xb4e00500 -DLZMA_WRAPPER=1 -DLOADADDR=0x80010000 -c -o printf.o printf.c
mips-openwrt-linux-musl-gcc -D__KERNEL__ -Wall -Wstrict-prototypes -Wno-trigraphs -Os -fno-strict-aliasing -fno-common -fomit-frame-pointer -G 0 -mno-abicalls -fno-pic -ffunction-sections -pipe -ffreestanding -fhonour-copts -mabi=32 -march=mips32 -Wa,-32 -Wa,-march=mips32 -Wa,-mips32 -Wa,--trap -D_LZMA_PROB32 -DUART_BASE=0xb4e00500 -DLZMA_WRAPPER=1 -DLOADADDR=0x80010000 -c -o LzmaDecode.o LzmaDecode.c
mips-openwrt-linux-musl-ld -r -b binary --oformat elf32-tradbigmips -T lzma-data.lds -o data.o /home/mgta29/src/openwrt/build_dir/target-mips_mips32_musl/linux-bmips_bcm63268/tmp/openwrt-bmips-bcm63268-technicolor_tc7200u-initramfs.bin
mips-openwrt-linux-musl-ld -static --gc-sections -no-warn-mismatch -e startup -T loader.lds -Ttext 0x82000000 -o loader head.o loader.o cache.o board.o printf.o LzmaDecode.o data.o
mips-openwrt-linux-musl-objcopy -O binary -R .reginfo -R .note -R .comment -R .mdebug -R .MIPS.abiflags -S loader loader.bin
mips-openwrt-linux-musl-ld -r -b binary --oformat elf32-tradbigmips -o loader2.o loader.bin
mips-openwrt-linux-musl-ld -e startup -T loader2.lds -Ttext 0x84010000 -o loader.elf loader2.o
make[6]: Leaving directory '/home/mgta29/src/openwrt/build_dir/target-mips_mips32_musl/linux-bmips_bcm63268/tmp/openwrt-bmips-bcm63268-technicolor_tc7200u-initramfs.bin.src'
make[5]: Leaving directory '/home/mgta29/src/openwrt/target/linux/bmips/image/lzma-loader'
cp /home/mgta29/src/openwrt/build_dir/target-mips_mips32_musl/linux-bmips_bcm63268/tmp/openwrt-bmips-bcm63268-technicolor_tc7200u-initramfs.bin /home/mgta29/src/openwrt/bin/targets/bmips/bcm63268/openwrt-bmips-bcm63268-technicolor_tc7200u-initramfs.bin
DEVICE_ID="technicolor_tc7200u" SOURCE_DATE_EPOCH=1781634999 FILE_NAME="openwrt-bmips-bcm63268-technicolor_tc7200u-initramfs.bin" FILE_DIR="/home/mgta29/src/openwrt/build_dir/target-mips_mips32_musl/linux-bmips_bcm63268/tmp" FILE_TYPE="kernel" FILE_FILESYSTEM="initramfs" DEVICE_IMG_PREFIX="openwrt-bmips-bcm63268-technicolor_tc7200u" DEVICE_VENDOR="Technicolor" DEVICE_MODEL="TC7200.U" DEVICE_VARIANT="" DEVICE_ALT0_VENDOR="" DEVICE_ALT0_MODEL="" DEVICE_ALT0_VARIANT="" DEVICE_ALT1_VENDOR="" DEVICE_ALT1_MODEL="" DEVICE_ALT1_VARIANT="" DEVICE_ALT2_VENDOR="" DEVICE_ALT2_MODEL="" DEVICE_ALT2_VARIANT="" DEVICE_ALT3_VENDOR="" DEVICE_ALT3_MODEL="" DEVICE_ALT3_VARIANT="" DEVICE_ALT4_VENDOR="" DEVICE_ALT4_MODEL="" DEVICE_ALT4_VARIANT="" DEVICE_ALT5_VENDOR="" DEVICE_ALT5_MODEL="" DEVICE_ALT5_VARIANT="" DEVICE_TITLE="Technicolor TC7200.U" DEVICE_PACKAGES="" TARGET="bmips" SUBTARGET="bcm63268" VERSION_NUMBER="SNAPSHOT" VERSION_CODE="r34962-d6f5c2685f" SUPPORTED_DEVICES="technicolor,tc7200u" KERNEL_SIZE="" IMAGE_SIZE="" /home/mgta29/src/openwrt/scripts/json_add_image_info.py /home/mgta29/src/openwrt/build_dir/target-mips_mips32_musl/json_info_files/openwrt-bmips-bcm63268-technicolor_tc7200u-initramfs.bin.json
IPKG_INSTROOT=/home/mgta29/src/openwrt/build_dir/target-mips_mips32_musl/root.orig-bmips /home/mgta29/src/openwrt/staging_dir/host/bin/fakeroot /home/mgta29/src/openwrt/staging_dir/host/bin/apk --root /home/mgta29/src/openwrt/build_dir/target-mips_mips32_musl/root.orig-bmips --keys-dir /home/mgta29/src/openwrt --no-logfile --preserve-env list --quiet --manifest --no-network --repositories-file /dev/null | sort | sed 's/ / - /'  > /home/mgta29/src/openwrt/bin/targets/bmips/bcm63268/openwrt-bmips-bcm63268-technicolor_tc7200u.manifest
make[4]: Leaving directory '/home/mgta29/src/openwrt/target/linux/bmips/image'
make[3]: Leaving directory '/home/mgta29/src/openwrt/target/linux/bmips'
make[2]: Leaving directory '/home/mgta29/src/openwrt/target/linux'
time: target/linux/install#1521.81#170.02#137.47
make[1]: Leaving directory '/home/mgta29/src/openwrt'

=== exit ===
exit_code=0
