WARNING: Makefile 'package/boot/arm-trusted-firmware-microchipsw/Makefile' has a build dependency on 'ruby/host', which does not exist
WARNING: Makefile 'package/utils/audit/Makefile' has a dependency on 'libev', which does not exist
WARNING: Makefile 'package/utils/busybox/Makefile' has a dependency on 'libpam', which does not exist
WARNING: Makefile 'package/utils/busybox/Makefile' has a dependency on 'libtirpc', which does not exist
WARNING: Makefile 'package/utils/busybox/Makefile' has a dependency on 'libpam', which does not exist
WARNING: Makefile 'package/utils/busybox/Makefile' has a dependency on 'libtirpc', which does not exist
WARNING: Makefile 'package/utils/busybox/Makefile' has a build dependency on 'libpam', which does not exist
WARNING: Makefile 'package/boot/kexec-tools/Makefile' has a dependency on 'liblzma', which does not exist
WARNING: Makefile 'package/boot/kexec-tools/Makefile' has a dependency on 'libzstd', which does not exist
WARNING: Makefile 'package/network/services/lldpd/Makefile' has a dependency on 'libnetsnmp', which does not exist
WARNING: Makefile 'package/utils/policycoreutils/Makefile' has a dependency on 'libpam', which does not exist
WARNING: Makefile 'package/utils/policycoreutils/Makefile' has a dependency on 'libpam', which does not exist
WARNING: Makefile 'package/utils/policycoreutils/Makefile' has a build dependency on 'libpam', which does not exist
make[2]: Entering directory '/home/mgta29/src/openwrt/scripts/config'
make[2]: 'conf' is up to date.
make[2]: Leaving directory '/home/mgta29/src/openwrt/scripts/config'
make[1]: Entering directory '/home/mgta29/src/openwrt'
make[2]: Entering directory '/home/mgta29/src/openwrt/target/linux'
make[3]: Entering directory '/home/mgta29/src/openwrt/target/linux/bmips'
rm -f /home/mgta29/src/openwrt/build_dir/target-mips_mips32_musl/linux-bmips_bcm63268/linux-6.12.87/localversion
/home/mgta29/src/openwrt/scripts/kconfig.pl  + /home/mgta29/src/openwrt/target/linux/generic/config-6.12 /home/mgta29/src/openwrt/target/linux/bmips/bcm63268/config-6.12 > /home/mgta29/src/openwrt/build_dir/target-mips_mips32_musl/linux-bmips_bcm63268/linux-6.12.87/.config.target
awk '/^(#[[:space:]]+)?CONFIG_KERNEL/{sub("CONFIG_KERNEL_","CONFIG_");print}' /home/mgta29/src/openwrt/.config >> /home/mgta29/src/openwrt/build_dir/target-mips_mips32_musl/linux-bmips_bcm63268/linux-6.12.87/.config.target
echo "# CONFIG_KALLSYMS_EXTRA_PASS is not set" >> /home/mgta29/src/openwrt/build_dir/target-mips_mips32_musl/linux-bmips_bcm63268/linux-6.12.87/.config.target
echo "# CONFIG_KALLSYMS_ALL is not set" >> /home/mgta29/src/openwrt/build_dir/target-mips_mips32_musl/linux-bmips_bcm63268/linux-6.12.87/.config.target
echo "CONFIG_KALLSYMS_UNCOMPRESSED=y" >> /home/mgta29/src/openwrt/build_dir/target-mips_mips32_musl/linux-bmips_bcm63268/linux-6.12.87/.config.target
/home/mgta29/src/openwrt/scripts/package-metadata.pl kconfig /home/mgta29/src/openwrt/tmp/.packageinfo /home/mgta29/src/openwrt/.config 6.12 > /home/mgta29/src/openwrt/build_dir/target-mips_mips32_musl/linux-bmips_bcm63268/linux-6.12.87/.config.override
/home/mgta29/src/openwrt/scripts/kconfig.pl 'm+' '+' /home/mgta29/src/openwrt/build_dir/target-mips_mips32_musl/linux-bmips_bcm63268/linux-6.12.87/.config.target /dev/null /home/mgta29/src/openwrt/build_dir/target-mips_mips32_musl/linux-bmips_bcm63268/linux-6.12.87/.config.override > /home/mgta29/src/openwrt/build_dir/target-mips_mips32_musl/linux-bmips_bcm63268/linux-6.12.87/.config.set
mv /home/mgta29/src/openwrt/build_dir/target-mips_mips32_musl/linux-bmips_bcm63268/linux-6.12.87/.config.set /home/mgta29/src/openwrt/build_dir/target-mips_mips32_musl/linux-bmips_bcm63268/linux-6.12.87/.config.old
grep -v INITRAMFS /home/mgta29/src/openwrt/build_dir/target-mips_mips32_musl/linux-bmips_bcm63268/linux-6.12.87/.config.old > /home/mgta29/src/openwrt/build_dir/target-mips_mips32_musl/linux-bmips_bcm63268/linux-6.12.87/.config.set
echo 'CONFIG_INITRAMFS_SOURCE=""' >> /home/mgta29/src/openwrt/build_dir/target-mips_mips32_musl/linux-bmips_bcm63268/linux-6.12.87/.config.set
echo '# CONFIG_INITRAMFS_FORCE is not set' >> /home/mgta29/src/openwrt/build_dir/target-mips_mips32_musl/linux-bmips_bcm63268/linux-6.12.87/.config.set
echo "# CONFIG_INITRAMFS_PRESERVE_MTIME is not set" >> /home/mgta29/src/openwrt/build_dir/target-mips_mips32_musl/linux-bmips_bcm63268/linux-6.12.87/.config.set
rm -rf /home/mgta29/src/openwrt/build_dir/target-mips_mips32_musl/linux-bmips_bcm63268/modules
cmp -s /home/mgta29/src/openwrt/build_dir/target-mips_mips32_musl/linux-bmips_bcm63268/linux-6.12.87/.config.set /home/mgta29/src/openwrt/build_dir/target-mips_mips32_musl/linux-bmips_bcm63268/linux-6.12.87/.config.prev || { cp /home/mgta29/src/openwrt/build_dir/target-mips_mips32_musl/linux-bmips_bcm63268/linux-6.12.87/.config.set /home/mgta29/src/openwrt/build_dir/target-mips_mips32_musl/linux-bmips_bcm63268/linux-6.12.87/.config; cp /home/mgta29/src/openwrt/build_dir/target-mips_mips32_musl/linux-bmips_bcm63268/linux-6.12.87/.config.set /home/mgta29/src/openwrt/build_dir/target-mips_mips32_musl/linux-bmips_bcm63268/linux-6.12.87/.config.prev; }
export MAKEFLAGS= ; [ -d /home/mgta29/src/openwrt/build_dir/target-mips_mips32_musl/linux-bmips_bcm63268/linux-6.12.87/user_headers ] || make -C /home/mgta29/src/openwrt/build_dir/target-mips_mips32_musl/linux-bmips_bcm63268/linux-6.12.87 KCFLAGS="-fmacro-prefix-map=/home/mgta29/src/openwrt/build_dir/target-mips_mips32_musl=target-mips_mips32_musl -fno-caller-saves " HOSTCFLAGS="-O2 -I/home/mgta29/src/openwrt/staging_dir/host/include -Wall -Wmissing-prototypes -Wstrict-prototypes" CROSS_COMPILE="mips-openwrt-linux-musl-" ARCH="mips" KBUILD_HAVE_NLS=no KBUILD_BUILD_USER="" KBUILD_BUILD_HOST="" KBUILD_BUILD_TIMESTAMP="Tue May 12 23:59:29 2026" KBUILD_BUILD_VERSION="0" KBUILD_HOSTLDFLAGS="-L/home/mgta29/src/openwrt/staging_dir/host/lib" CONFIG_SHELL="bash" V=''  cmd_syscalls=  CC="mips-openwrt-linux-musl-gcc" KERNELRELEASE=6.12.87  INSTALL_HDR_PATH=/home/mgta29/src/openwrt/build_dir/target-mips_mips32_musl/linux-bmips_bcm63268/linux-6.12.87/user_headers headers_install
grep '=[ym]' /home/mgta29/src/openwrt/build_dir/target-mips_mips32_musl/linux-bmips_bcm63268/linux-6.12.87/.config.set | LC_ALL=C sort | /home/mgta29/src/openwrt/staging_dir/host/bin/mkhash md5 > /home/mgta29/src/openwrt/build_dir/target-mips_mips32_musl/linux-bmips_bcm63268/linux-6.12.87/.vermagic
touch /home/mgta29/src/openwrt/build_dir/target-mips_mips32_musl/linux-bmips_bcm63268/linux-6.12.87/.configured
rm -f /home/mgta29/src/openwrt/build_dir/target-mips_mips32_musl/root-bmips/init
make -C /home/mgta29/src/openwrt/build_dir/target-mips_mips32_musl/linux-bmips_bcm63268/linux-6.12.87 KCFLAGS="-fmacro-prefix-map=/home/mgta29/src/openwrt/build_dir/target-mips_mips32_musl=target-mips_mips32_musl -fno-caller-saves " HOSTCFLAGS="-O2 -I/home/mgta29/src/openwrt/staging_dir/host/include -Wall -Wmissing-prototypes -Wstrict-prototypes" CROSS_COMPILE="mips-openwrt-linux-musl-" ARCH="mips" KBUILD_HAVE_NLS=no KBUILD_BUILD_USER="" KBUILD_BUILD_HOST="" KBUILD_BUILD_TIMESTAMP="Tue May 12 23:59:29 2026" KBUILD_BUILD_VERSION="0" KBUILD_HOSTLDFLAGS="-L/home/mgta29/src/openwrt/staging_dir/host/lib" CONFIG_SHELL="bash" V=''  cmd_syscalls=  CC="mips-openwrt-linux-musl-gcc" KERNELRELEASE=6.12.87  all
make[4]: Entering directory '/home/mgta29/src/openwrt/build_dir/target-mips_mips32_musl/linux-bmips_bcm63268/linux-6.12.87'
make[4]: Leaving directory '/home/mgta29/src/openwrt/build_dir/target-mips_mips32_musl/linux-bmips_bcm63268/linux-6.12.87'
cmp -s /home/mgta29/src/openwrt/build_dir/target-mips_mips32_musl/linux-bmips_bcm63268/linux-6.12.87/vmlinux /home/mgta29/src/openwrt/build_dir/target-mips_mips32_musl/linux-bmips_bcm63268/vmlinux.debug || { mips-openwrt-linux-musl-objcopy -O binary -R .reginfo -R .notes -R .note -R .comment -R .mdebug -R .note.gnu.build-id -S /home/mgta29/src/openwrt/build_dir/target-mips_mips32_musl/linux-bmips_bcm63268/linux-6.12.87/vmlinux /home/mgta29/src/openwrt/build_dir/target-mips_mips32_musl/linux-bmips_bcm63268/vmlinux; mips-openwrt-linux-musl-objcopy -R .reginfo -R .notes -R .note -R .comment -R .mdebug -R .note.gnu.build-id -S /home/mgta29/src/openwrt/build_dir/target-mips_mips32_musl/linux-bmips_bcm63268/linux-6.12.87/vmlinux /home/mgta29/src/openwrt/build_dir/target-mips_mips32_musl/linux-bmips_bcm63268/vmlinux.elf; cp -fpR /home/mgta29/src/openwrt/build_dir/target-mips_mips32_musl/linux-bmips_bcm63268/linux-6.12.87/vmlinux /home/mgta29/src/openwrt/build_dir/target-mips_mips32_musl/linux-bmips_bcm63268/vmlinux.debug;  }
SHELL= flock /home/mgta29/src/openwrt/tmp/.gen-initramfs.flock -c '{  		{ rm -f /home/mgta29/src/openwrt/build_dir/target-mips_mips32_musl/linux-bmips_bcm63268/linux-6.12.87/.config.prev; mv /home/mgta29/src/openwrt/build_dir/target-mips_mips32_musl/linux-bmips_bcm63268/linux-6.12.87/.config /home/mgta29/src/openwrt/build_dir/target-mips_mips32_musl/linux-bmips_bcm63268/linux-6.12.87/.config.old; 	{ grep -v -e INITRAMFS -e CONFIG_RD_ -e CONFIG_BLK_DEV_INITRD /home/mgta29/src/openwrt/build_dir/target-mips_mips32_musl/linux-bmips_bcm63268/linux-6.12.87/.config.old > /home/mgta29/src/openwrt/build_dir/target-mips_mips32_musl/linux-bmips_bcm63268/linux-6.12.87/.config; echo '\''CONFIG_BLK_DEV_INITRD=y'\'' >> /home/mgta29/src/openwrt/build_dir/target-mips_mips32_musl/linux-bmips_bcm63268/linux-6.12.87/.config; echo '\''CONFIG_INITRAMFS_SOURCE="/home/mgta29/src/openwrt/build_dir/target-mips_mips32_musl/root-bmips /home/mgta29/src/openwrt/target/linux/generic/image/initramfs-base-files.txt"'\'' >> /home/mgta29/src/openwrt/build_dir/target-mips_mips32_musl/linux-bmips_bcm63268/linux-6.12.87/.config; }; echo "# CONFIG_INITRAMFS_PRESERVE_MTIME is not set" >> /home/mgta29/src/openwrt/build_dir/target-mips_mips32_musl/linux-bmips_bcm63268/linux-6.12.87/.config; echo "CONFIG_INITRAMFS_ROOT_UID=1000" >> /home/mgta29/src/openwrt/build_dir/target-mips_mips32_musl/linux-bmips_bcm63268/linux-6.12.87/.config; echo "CONFIG_INITRAMFS_ROOT_GID=1000" >> /home/mgta29/src/openwrt/build_dir/target-mips_mips32_musl/linux-bmips_bcm63268/linux-6.12.87/.config;   echo "# CONFIG_INITRAMFS_FORCE is not set" >> /home/mgta29/src/openwrt/build_dir/target-mips_mips32_musl/linux-bmips_bcm63268/linux-6.12.87/.config;  echo "# CONFIG_INITRAMFS_COMPRESSION_NONE is not set" >> /home/mgta29/src/openwrt/build_dir/target-mips_mips32_musl/linux-bmips_bcm63268/linux-6.12.87/.config;    echo "# CONFIG_INITRAMFS_COMPRESSION_GZIP is not set" >> /home/mgta29/src/openwrt/build_dir/target-mips_mips32_musl/linux-bmips_bcm63268/linux-6.12.87/.config;   echo "# CONFIG_RD_GZIP is not set" >> /home/mgta29/src/openwrt/build_dir/target-mips_mips32_musl/linux-bmips_bcm63268/linux-6.12.87/.config;     echo "# CONFIG_INITRAMFS_COMPRESSION_BZIP2 is not set" >> /home/mgta29/src/openwrt/build_dir/target-mips_mips32_musl/linux-bmips_bcm63268/linux-6.12.87/.config;   echo "# CONFIG_RD_BZIP2 is not set" >> /home/mgta29/src/openwrt/build_dir/target-mips_mips32_musl/linux-bmips_bcm63268/linux-6.12.87/.config;     echo "# CONFIG_INITRAMFS_COMPRESSION_LZMA is not set" >> /home/mgta29/src/openwrt/build_dir/target-mips_mips32_musl/linux-bmips_bcm63268/linux-6.12.87/.config;   echo "# CONFIG_RD_LZMA is not set" >> /home/mgta29/src/openwrt/build_dir/target-mips_mips32_musl/linux-bmips_bcm63268/linux-6.12.87/.config;     echo "# CONFIG_INITRAMFS_COMPRESSION_LZO is not set" >> /home/mgta29/src/openwrt/build_dir/target-mips_mips32_musl/linux-bmips_bcm63268/linux-6.12.87/.config;   echo "# CONFIG_RD_LZO is not set" >> /home/mgta29/src/openwrt/build_dir/target-mips_mips32_musl/linux-bmips_bcm63268/linux-6.12.87/.config;     echo "CONFIG_INITRAMFS_COMPRESSION_XZ=y" >> /home/mgta29/src/openwrt/build_dir/target-mips_mips32_musl/linux-bmips_bcm63268/linux-6.12.87/.config;   echo "CONFIG_RD_XZ=y" >> /home/mgta29/src/openwrt/build_dir/target-mips_mips32_musl/linux-bmips_bcm63268/linux-6.12.87/.config;     echo "# CONFIG_INITRAMFS_COMPRESSION_LZ4 is not set" >> /home/mgta29/src/openwrt/build_dir/target-mips_mips32_musl/linux-bmips_bcm63268/linux-6.12.87/.config;   echo "# CONFIG_RD_LZ4 is not set" >> /home/mgta29/src/openwrt/build_dir/target-mips_mips32_musl/linux-bmips_bcm63268/linux-6.12.87/.config;     echo "# CONFIG_INITRAMFS_COMPRESSION_ZSTD is not set" >> /home/mgta29/src/openwrt/build_dir/target-mips_mips32_musl/linux-bmips_bcm63268/linux-6.12.87/.config;   echo "# CONFIG_RD_ZSTD is not set" >> /home/mgta29/src/openwrt/build_dir/target-mips_mips32_musl/linux-bmips_bcm63268/linux-6.12.87/.config;   }; cp -fpR /home/mgta29/src/openwrt/target/linux/generic/other-files/init /home/mgta29/src/openwrt/build_dir/target-mips_mips32_musl/root-bmips/init; touch -hcd "@1778630369" /home/mgta29/src/openwrt/build_dir/target-mips_mips32_musl/root-bmips /home/mgta29/src/openwrt/build_dir/target-mips_mips32_musl/root-bmips/init; rm -rf /home/mgta29/src/openwrt/build_dir/target-mips_mips32_musl/linux-bmips_bcm63268/linux-6.12.87/usr/initramfs_data.cpio*;  make -C /home/mgta29/src/openwrt/build_dir/target-mips_mips32_musl/linux-bmips_bcm63268/linux-6.12.87 KCFLAGS="-fmacro-prefix-map=/home/mgta29/src/openwrt/build_dir/target-mips_mips32_musl=target-mips_mips32_musl -fno-caller-saves " HOSTCFLAGS="-O2 -I/home/mgta29/src/openwrt/staging_dir/host/include -Wall -Wmissing-prototypes -Wstrict-prototypes" CROSS_COMPILE="mips-openwrt-linux-musl-" ARCH="mips" KBUILD_HAVE_NLS=no KBUILD_BUILD_USER="" KBUILD_BUILD_HOST="" KBUILD_BUILD_TIMESTAMP="Tue May 12 23:59:29 2026" KBUILD_BUILD_VERSION="0" KBUILD_HOSTLDFLAGS="-L/home/mgta29/src/openwrt/staging_dir/host/lib" CONFIG_SHELL="bash" V='\'''\''  cmd_syscalls=  CC="mips-openwrt-linux-musl-gcc" KERNELRELEASE=6.12.87   all; 	cmp -s /home/mgta29/src/openwrt/build_dir/target-mips_mips32_musl/linux-bmips_bcm63268/linux-6.12.87/vmlinux /home/mgta29/src/openwrt/build_dir/target-mips_mips32_musl/linux-bmips_bcm63268/vmlinux-initramfs.debug || { mips-openwrt-linux-musl-objcopy -O binary -R .reginfo -R .notes -R .note -R .comment -R .mdebug -R .note.gnu.build-id -S /home/mgta29/src/openwrt/build_dir/target-mips_mips32_musl/linux-bmips_bcm63268/linux-6.12.87/vmlinux /home/mgta29/src/openwrt/build_dir/target-mips_mips32_musl/linux-bmips_bcm63268/vmlinux-initramfs; mips-openwrt-linux-musl-objcopy -R .reginfo -R .notes -R .note -R .comment -R .mdebug -R .note.gnu.build-id -S /home/mgta29/src/openwrt/build_dir/target-mips_mips32_musl/linux-bmips_bcm63268/linux-6.12.87/vmlinux /home/mgta29/src/openwrt/build_dir/target-mips_mips32_musl/linux-bmips_bcm63268/vmlinux-initramfs.elf; cp -fpR /home/mgta29/src/openwrt/build_dir/target-mips_mips32_musl/linux-bmips_bcm63268/linux-6.12.87/vmlinux /home/mgta29/src/openwrt/build_dir/target-mips_mips32_musl/linux-bmips_bcm63268/vmlinux-initramfs.debug;  };  }';
make[4]: Entering directory '/home/mgta29/src/openwrt/target/linux/bmips'
make[4]: warning: jobserver unavailable: using -j1.  Add '+' to parent make rule.
  SYNC    include/config/auto.conf.cmd
  GEN     usr/initramfs_data.cpio
  XZMISC  usr/initramfs_inc_data
  AS      usr/initramfs_data.o
  AR      usr/built-in.a
  CC      lib/decompress.o
  CC      lib/decompress_unxz.o
  AR      lib/lib.a
  AR      built-in.a
  AR      vmlinux.a
  LD      vmlinux.o
  OBJCOPY modules.builtin.modinfo
  GEN     modules.builtin
  MODPOST Module.symvers
  KSYMS   .tmp_vmlinux0.kallsyms.S
  AS      .tmp_vmlinux0.kallsyms.o
  LD      .tmp_vmlinux1
  NM      .tmp_vmlinux1.syms
  KSYMS   .tmp_vmlinux1.kallsyms.S
  AS      .tmp_vmlinux1.kallsyms.o
  LD      .tmp_vmlinux2
  NM      .tmp_vmlinux2.syms
  KSYMS   .tmp_vmlinux2.kallsyms.S
  AS      .tmp_vmlinux2.kallsyms.o
  LD      vmlinux
  NM      System.map
  SORTTAB vmlinux
make[4]: Leaving directory '/home/mgta29/src/openwrt/build_dir/target-mips_mips32_musl/linux-bmips_bcm63268/linux-6.12.87'
touch /home/mgta29/src/openwrt/build_dir/target-mips_mips32_musl/linux-bmips_bcm63268/linux-6.12.87/.image
make -C image compile install TARGET_BUILD=
make[4]: Entering directory '/home/mgta29/src/openwrt/target/linux/bmips/image'
rm -rf /home/mgta29/src/openwrt/build_dir/target-mips_mips32_musl/linux-bmips_bcm63268/relocate
mips-openwrt-linux-musl-cpp -nostdinc -x assembler-with-cpp  -I/home/mgta29/src/openwrt/build_dir/target-mips_mips32_musl/linux-bmips_bcm63268/linux-6.12.87/arch/mips/boot/dts -I/home/mgta29/src/openwrt/build_dir/target-mips_mips32_musl/linux-bmips_bcm63268/linux-6.12.87/arch/mips/boot/dts/include -I/home/mgta29/src/openwrt/build_dir/target-mips_mips32_musl/linux-bmips_bcm63268/linux-6.12.87/include/ -I/home/mgta29/src/openwrt/build_dir/target-mips_mips32_musl/linux-bmips_bcm63268/linux-6.12.87/scripts/dtc/include-prefixes -undef -D__DTS__  -o /home/mgta29/src/openwrt/build_dir/target-mips_mips32_musl/linux-bmips_bcm63268/image-bcm63168-actiontec-t1200h.dtb.tmp ../dts/bcm63168-actiontec-t1200h.dts
mips-openwrt-linux-musl-cpp -nostdinc -x assembler-with-cpp  -I/home/mgta29/src/openwrt/build_dir/target-mips_mips32_musl/linux-bmips_bcm63268/linux-6.12.87/arch/mips/boot/dts -I/home/mgta29/src/openwrt/build_dir/target-mips_mips32_musl/linux-bmips_bcm63268/linux-6.12.87/arch/mips/boot/dts/include -I/home/mgta29/src/openwrt/build_dir/target-mips_mips32_musl/linux-bmips_bcm63268/linux-6.12.87/include/ -I/home/mgta29/src/openwrt/build_dir/target-mips_mips32_musl/linux-bmips_bcm63268/linux-6.12.87/scripts/dtc/include-prefixes -undef -D__DTS__  -o /home/mgta29/src/openwrt/build_dir/target-mips_mips32_musl/linux-bmips_bcm63268/image-bcm63169-comtrend-vg-8050.dtb.tmp ../dts/bcm63169-comtrend-vg-8050.dts
mips-openwrt-linux-musl-cpp -nostdinc -x assembler-with-cpp  -I/home/mgta29/src/openwrt/build_dir/target-mips_mips32_musl/linux-bmips_bcm63268/linux-6.12.87/arch/mips/boot/dts -I/home/mgta29/src/openwrt/build_dir/target-mips_mips32_musl/linux-bmips_bcm63268/linux-6.12.87/arch/mips/boot/dts/include -I/home/mgta29/src/openwrt/build_dir/target-mips_mips32_musl/linux-bmips_bcm63268/linux-6.12.87/include/ -I/home/mgta29/src/openwrt/build_dir/target-mips_mips32_musl/linux-bmips_bcm63268/linux-6.12.87/scripts/dtc/include-prefixes -undef -D__DTS__  -o /home/mgta29/src/openwrt/build_dir/target-mips_mips32_musl/linux-bmips_bcm63268/image-bcm63168-comtrend-vr-3032u.dtb.tmp ../dts/bcm63168-comtrend-vr-3032u.dts
cp -fpR ../../generic/image/relocate /home/mgta29/src/openwrt/build_dir/target-mips_mips32_musl/linux-bmips_bcm63268
mips-openwrt-linux-musl-cpp -nostdinc -x assembler-with-cpp  -I/home/mgta29/src/openwrt/build_dir/target-mips_mips32_musl/linux-bmips_bcm63268/linux-6.12.87/arch/mips/boot/dts -I/home/mgta29/src/openwrt/build_dir/target-mips_mips32_musl/linux-bmips_bcm63268/linux-6.12.87/arch/mips/boot/dts/include -I/home/mgta29/src/openwrt/build_dir/target-mips_mips32_musl/linux-bmips_bcm63268/linux-6.12.87/include/ -I/home/mgta29/src/openwrt/build_dir/target-mips_mips32_musl/linux-bmips_bcm63268/linux-6.12.87/scripts/dtc/include-prefixes -undef -D__DTS__  -o /home/mgta29/src/openwrt/build_dir/target-mips_mips32_musl/linux-bmips_bcm63268/image-bcm63168-sagem-fast-3864-op.dtb.tmp ../dts/bcm63168-sagem-fast-3864-op.dts
mips-openwrt-linux-musl-cpp -nostdinc -x assembler-with-cpp  -I/home/mgta29/src/openwrt/build_dir/target-mips_mips32_musl/linux-bmips_bcm63268/linux-6.12.87/arch/mips/boot/dts -I/home/mgta29/src/openwrt/build_dir/target-mips_mips32_musl/linux-bmips_bcm63268/linux-6.12.87/arch/mips/boot/dts/include -I/home/mgta29/src/openwrt/build_dir/target-mips_mips32_musl/linux-bmips_bcm63268/linux-6.12.87/include/ -I/home/mgta29/src/openwrt/build_dir/target-mips_mips32_musl/linux-bmips_bcm63268/linux-6.12.87/scripts/dtc/include-prefixes -undef -D__DTS__  -o /home/mgta29/src/openwrt/build_dir/target-mips_mips32_musl/linux-bmips_bcm63268/image-bcm63167-sercomm-h500-s-lowi.dtb.tmp ../dts/bcm63167-sercomm-h500-s-lowi.dts
export MAKEFLAGS= ;make -w -C /home/mgta29/src/openwrt/build_dir/target-mips_mips32_musl/linux-bmips_bcm63268/relocate CACHELINE_SIZE=16 CROSS_COMPILE=mips-openwrt-linux-musl- KERNEL_ADDR=0x80010000		 LZMA_TEXT_START=0x81000000		
mips-openwrt-linux-musl-cpp -nostdinc -x assembler-with-cpp  -I/home/mgta29/src/openwrt/build_dir/target-mips_mips32_musl/linux-bmips_bcm63268/linux-6.12.87/arch/mips/boot/dts -I/home/mgta29/src/openwrt/build_dir/target-mips_mips32_musl/linux-bmips_bcm63268/linux-6.12.87/arch/mips/boot/dts/include -I/home/mgta29/src/openwrt/build_dir/target-mips_mips32_musl/linux-bmips_bcm63268/linux-6.12.87/include/ -I/home/mgta29/src/openwrt/build_dir/target-mips_mips32_musl/linux-bmips_bcm63268/linux-6.12.87/scripts/dtc/include-prefixes -undef -D__DTS__  -o /home/mgta29/src/openwrt/build_dir/target-mips_mips32_musl/linux-bmips_bcm63268/image-bcm63167-sercomm-h500-s-vfes.dtb.tmp ../dts/bcm63167-sercomm-h500-s-vfes.dts
mips-openwrt-linux-musl-cpp -nostdinc -x assembler-with-cpp  -I/home/mgta29/src/openwrt/build_dir/target-mips_mips32_musl/linux-bmips_bcm63268/linux-6.12.87/arch/mips/boot/dts -I/home/mgta29/src/openwrt/build_dir/target-mips_mips32_musl/linux-bmips_bcm63268/linux-6.12.87/arch/mips/boot/dts/include -I/home/mgta29/src/openwrt/build_dir/target-mips_mips32_musl/linux-bmips_bcm63268/linux-6.12.87/include/ -I/home/mgta29/src/openwrt/build_dir/target-mips_mips32_musl/linux-bmips_bcm63268/linux-6.12.87/scripts/dtc/include-prefixes -undef -D__DTS__  -o /home/mgta29/src/openwrt/build_dir/target-mips_mips32_musl/linux-bmips_bcm63268/image-bcm63168-sercomm-shg2500.dtb.tmp ../dts/bcm63168-sercomm-shg2500.dts
mips-openwrt-linux-musl-cpp -nostdinc -x assembler-with-cpp  -I/home/mgta29/src/openwrt/build_dir/target-mips_mips32_musl/linux-bmips_bcm63268/linux-6.12.87/arch/mips/boot/dts -I/home/mgta29/src/openwrt/build_dir/target-mips_mips32_musl/linux-bmips_bcm63268/linux-6.12.87/arch/mips/boot/dts/include -I/home/mgta29/src/openwrt/build_dir/target-mips_mips32_musl/linux-bmips_bcm63268/linux-6.12.87/include/ -I/home/mgta29/src/openwrt/build_dir/target-mips_mips32_musl/linux-bmips_bcm63268/linux-6.12.87/scripts/dtc/include-prefixes -undef -D__DTS__  -o /home/mgta29/src/openwrt/build_dir/target-mips_mips32_musl/linux-bmips_bcm63268/image-bcm63168-smartrg-sr505n.dtb.tmp ../dts/bcm63168-smartrg-sr505n.dts
make[5]: Entering directory '/home/mgta29/src/openwrt/build_dir/target-mips_mips32_musl/linux-bmips_bcm63268/relocate'
mips-openwrt-linux-musl-gcc -D__KERNEL__ -Wall -Wstrict-prototypes -Wno-trigraphs -Os -fno-strict-aliasing -fno-common -fomit-frame-pointer -G 0 -mno-abicalls -fno-pic -ffunction-sections -pipe -mlong-calls -fno-common -ffreestanding -fhonour-copts -mabi=32 -march=mips32r2 -Wa,-32 -Wa,-march=mips32r2 -Wa,-mips32r2 -Wa,--trap -DCONFIG_CACHELINE_SIZE=16 -DKERNEL_ADDR=0x80010000 -D__ASSEMBLY__ -c -o head.o head.S
mips-openwrt-linux-musl-cpp -nostdinc -x assembler-with-cpp  -I/home/mgta29/src/openwrt/build_dir/target-mips_mips32_musl/linux-bmips_bcm63268/linux-6.12.87/arch/mips/boot/dts -I/home/mgta29/src/openwrt/build_dir/target-mips_mips32_musl/linux-bmips_bcm63268/linux-6.12.87/arch/mips/boot/dts/include -I/home/mgta29/src/openwrt/build_dir/target-mips_mips32_musl/linux-bmips_bcm63268/linux-6.12.87/include/ -I/home/mgta29/src/openwrt/build_dir/target-mips_mips32_musl/linux-bmips_bcm63268/linux-6.12.87/scripts/dtc/include-prefixes -undef -D__DTS__  -o /home/mgta29/src/openwrt/build_dir/target-mips_mips32_musl/linux-bmips_bcm63268/image-bcm3383-technicolor-tc7200u.dtb.tmp ../dts/bcm3383-technicolor-tc7200u.dts
mips-openwrt-linux-musl-ld -static --gc-sections -no-warn-mismatch -e startup -T loader.lds -Ttext 0x81000000 -o loader head.o
mips-openwrt-linux-musl-objcopy -O binary -R .reginfo -R .note -R .comment -R .mdebug -R .MIPS.abiflags -S loader loader.bin
make[5]: Leaving directory '/home/mgta29/src/openwrt/build_dir/target-mips_mips32_musl/linux-bmips_bcm63268/relocate'
/home/mgta29/src/openwrt/build_dir/target-mips_mips32_musl/linux-bmips_bcm63268/linux-6.12.87/scripts/dtc/dtc -O dtb -i../dts/ -Wno-interrupt_provider -Wno-unique_unit_address -Wno-unit_address_vs_reg -Wno-avoid_unnecessary_addr_size -Wno-alias_paths -Wno-graph_child_address -Wno-simple_bus_reg    -o /home/mgta29/src/openwrt/build_dir/target-mips_mips32_musl/linux-bmips_bcm63268/image-bcm63168-sercomm-shg2500.dtb /home/mgta29/src/openwrt/build_dir/target-mips_mips32_musl/linux-bmips_bcm63268/image-bcm63168-sercomm-shg2500.dtb.tmp
/home/mgta29/src/openwrt/build_dir/target-mips_mips32_musl/linux-bmips_bcm63268/linux-6.12.87/scripts/dtc/dtc -O dtb -i../dts/ -Wno-interrupt_provider -Wno-unique_unit_address -Wno-unit_address_vs_reg -Wno-avoid_unnecessary_addr_size -Wno-alias_paths -Wno-graph_child_address -Wno-simple_bus_reg    -o /home/mgta29/src/openwrt/build_dir/target-mips_mips32_musl/linux-bmips_bcm63268/image-bcm63168-actiontec-t1200h.dtb /home/mgta29/src/openwrt/build_dir/target-mips_mips32_musl/linux-bmips_bcm63268/image-bcm63168-actiontec-t1200h.dtb.tmp
/home/mgta29/src/openwrt/build_dir/target-mips_mips32_musl/linux-bmips_bcm63268/linux-6.12.87/scripts/dtc/dtc -O dtb -i../dts/ -Wno-interrupt_provider -Wno-unique_unit_address -Wno-unit_address_vs_reg -Wno-avoid_unnecessary_addr_size -Wno-alias_paths -Wno-graph_child_address -Wno-simple_bus_reg    -o /home/mgta29/src/openwrt/build_dir/target-mips_mips32_musl/linux-bmips_bcm63268/image-bcm63168-sagem-fast-3864-op.dtb /home/mgta29/src/openwrt/build_dir/target-mips_mips32_musl/linux-bmips_bcm63268/image-bcm63168-sagem-fast-3864-op.dtb.tmp
/home/mgta29/src/openwrt/build_dir/target-mips_mips32_musl/linux-bmips_bcm63268/linux-6.12.87/scripts/dtc/dtc -O dtb -i../dts/ -Wno-interrupt_provider -Wno-unique_unit_address -Wno-unit_address_vs_reg -Wno-avoid_unnecessary_addr_size -Wno-alias_paths -Wno-graph_child_address -Wno-simple_bus_reg    -o /home/mgta29/src/openwrt/build_dir/target-mips_mips32_musl/linux-bmips_bcm63268/image-bcm63168-smartrg-sr505n.dtb /home/mgta29/src/openwrt/build_dir/target-mips_mips32_musl/linux-bmips_bcm63268/image-bcm63168-smartrg-sr505n.dtb.tmp
/home/mgta29/src/openwrt/build_dir/target-mips_mips32_musl/linux-bmips_bcm63268/linux-6.12.87/scripts/dtc/dtc -O dtb -i../dts/ -Wno-interrupt_provider -Wno-unique_unit_address -Wno-unit_address_vs_reg -Wno-avoid_unnecessary_addr_size -Wno-alias_paths -Wno-graph_child_address -Wno-simple_bus_reg    -o /home/mgta29/src/openwrt/build_dir/target-mips_mips32_musl/linux-bmips_bcm63268/image-bcm3383-technicolor-tc7200u.dtb /home/mgta29/src/openwrt/build_dir/target-mips_mips32_musl/linux-bmips_bcm63268/image-bcm3383-technicolor-tc7200u.dtb.tmp
/home/mgta29/src/openwrt/build_dir/target-mips_mips32_musl/linux-bmips_bcm63268/linux-6.12.87/scripts/dtc/dtc -O dtb -i../dts/ -Wno-interrupt_provider -Wno-unique_unit_address -Wno-unit_address_vs_reg -Wno-avoid_unnecessary_addr_size -Wno-alias_paths -Wno-graph_child_address -Wno-simple_bus_reg    -o /home/mgta29/src/openwrt/build_dir/target-mips_mips32_musl/linux-bmips_bcm63268/image-bcm63167-sercomm-h500-s-lowi.dtb /home/mgta29/src/openwrt/build_dir/target-mips_mips32_musl/linux-bmips_bcm63268/image-bcm63167-sercomm-h500-s-lowi.dtb.tmp
/home/mgta29/src/openwrt/build_dir/target-mips_mips32_musl/linux-bmips_bcm63268/linux-6.12.87/scripts/dtc/dtc -O dtb -i../dts/ -Wno-interrupt_provider -Wno-unique_unit_address -Wno-unit_address_vs_reg -Wno-avoid_unnecessary_addr_size -Wno-alias_paths -Wno-graph_child_address -Wno-simple_bus_reg    -o /home/mgta29/src/openwrt/build_dir/target-mips_mips32_musl/linux-bmips_bcm63268/image-bcm63167-sercomm-h500-s-vfes.dtb /home/mgta29/src/openwrt/build_dir/target-mips_mips32_musl/linux-bmips_bcm63268/image-bcm63167-sercomm-h500-s-vfes.dtb.tmp
/home/mgta29/src/openwrt/build_dir/target-mips_mips32_musl/linux-bmips_bcm63268/linux-6.12.87/scripts/dtc/dtc -O dtb -i../dts/ -Wno-interrupt_provider -Wno-unique_unit_address -Wno-unit_address_vs_reg -Wno-avoid_unnecessary_addr_size -Wno-alias_paths -Wno-graph_child_address -Wno-simple_bus_reg    -o /home/mgta29/src/openwrt/build_dir/target-mips_mips32_musl/linux-bmips_bcm63268/image-bcm63168-comtrend-vr-3032u.dtb /home/mgta29/src/openwrt/build_dir/target-mips_mips32_musl/linux-bmips_bcm63268/image-bcm63168-comtrend-vr-3032u.dtb.tmp
/home/mgta29/src/openwrt/build_dir/target-mips_mips32_musl/linux-bmips_bcm63268/linux-6.12.87/scripts/dtc/dtc -O dtb -i../dts/ -Wno-interrupt_provider -Wno-unique_unit_address -Wno-unit_address_vs_reg -Wno-avoid_unnecessary_addr_size -Wno-alias_paths -Wno-graph_child_address -Wno-simple_bus_reg    -o /home/mgta29/src/openwrt/build_dir/target-mips_mips32_musl/linux-bmips_bcm63268/image-bcm63169-comtrend-vg-8050.dtb /home/mgta29/src/openwrt/build_dir/target-mips_mips32_musl/linux-bmips_bcm63268/image-bcm63169-comtrend-vg-8050.dtb.tmp
rm -f /home/mgta29/src/openwrt/build_dir/target-mips_mips32_musl/linux-bmips_bcm63268/image-bcm63168-sercomm-shg2500.dtb.tmp
rm -f /home/mgta29/src/openwrt/build_dir/target-mips_mips32_musl/linux-bmips_bcm63268/image-bcm63168-sagem-fast-3864-op.dtb.tmp
rm -f /home/mgta29/src/openwrt/build_dir/target-mips_mips32_musl/linux-bmips_bcm63268/image-bcm63168-smartrg-sr505n.dtb.tmp
rm -f /home/mgta29/src/openwrt/build_dir/target-mips_mips32_musl/linux-bmips_bcm63268/image-bcm3383-technicolor-tc7200u.dtb.tmp
rm -f /home/mgta29/src/openwrt/build_dir/target-mips_mips32_musl/linux-bmips_bcm63268/image-bcm63167-sercomm-h500-s-vfes.dtb.tmp
rm -f /home/mgta29/src/openwrt/build_dir/target-mips_mips32_musl/linux-bmips_bcm63268/image-bcm63167-sercomm-h500-s-lowi.dtb.tmp
rm -f /home/mgta29/src/openwrt/build_dir/target-mips_mips32_musl/linux-bmips_bcm63268/image-bcm63168-comtrend-vr-3032u.dtb.tmp
rm -f /home/mgta29/src/openwrt/build_dir/target-mips_mips32_musl/linux-bmips_bcm63268/image-bcm63168-actiontec-t1200h.dtb.tmp
rm -f /home/mgta29/src/openwrt/build_dir/target-mips_mips32_musl/linux-bmips_bcm63268/image-bcm63169-comtrend-vg-8050.dtb.tmp
mkdir -p /home/mgta29/src/openwrt/bin/targets/bmips/bcm63268 /home/mgta29/src/openwrt/build_dir/target-mips_mips32_musl/linux-bmips_bcm63268/tmp
rm -rf /home/mgta29/src/openwrt/build_dir/target-mips_mips32_musl/json_info_files
/home/mgta29/src/openwrt/staging_dir/host/bin/mksquashfs4 /home/mgta29/src/openwrt/build_dir/target-mips_mips32_musl/root-bmips /home/mgta29/src/openwrt/build_dir/target-mips_mips32_musl/linux-bmips_bcm63268/root.squashfs -nopad -noappend -root-owned -comp xz -Xpreset 9 -Xe -Xlc 0 -Xlp 2 -Xpb 2  -b 256k -p '/dev d 755 0 0' -p '/dev/console c 600 0 0 5 1' -no-xattrs -block-readers 4 -small-readers 4
rm -f /home/mgta29/src/openwrt/build_dir/target-mips_mips32_musl/linux-bmips_bcm63268/tmp/openwrt-bmips-bcm63268-actiontec_t1200h-initramfs.elf
rm -f /home/mgta29/src/openwrt/build_dir/target-mips_mips32_musl/linux-bmips_bcm63268/actiontec_t1200h-kernel.bin
rm -f /home/mgta29/src/openwrt/build_dir/target-mips_mips32_musl/linux-bmips_bcm63268/tmp/openwrt-bmips-bcm63268-comtrend_vg-8050-initramfs.elf
rm -f /home/mgta29/src/openwrt/build_dir/target-mips_mips32_musl/linux-bmips_bcm63268/comtrend_vg-8050-kernel.bin
cp /home/mgta29/src/openwrt/build_dir/target-mips_mips32_musl/linux-bmips_bcm63268/vmlinux-initramfs /home/mgta29/src/openwrt/build_dir/target-mips_mips32_musl/linux-bmips_bcm63268/tmp/openwrt-bmips-bcm63268-actiontec_t1200h-initramfs.elf
cp /home/mgta29/src/openwrt/build_dir/target-mips_mips32_musl/linux-bmips_bcm63268/vmlinux /home/mgta29/src/openwrt/build_dir/target-mips_mips32_musl/linux-bmips_bcm63268/actiontec_t1200h-kernel.bin
rm -f /home/mgta29/src/openwrt/build_dir/target-mips_mips32_musl/linux-bmips_bcm63268/tmp/openwrt-bmips-bcm63268-comtrend_vr-3032u-initramfs.elf
cp /home/mgta29/src/openwrt/build_dir/target-mips_mips32_musl/linux-bmips_bcm63268/vmlinux-initramfs /home/mgta29/src/openwrt/build_dir/target-mips_mips32_musl/linux-bmips_bcm63268/tmp/openwrt-bmips-bcm63268-comtrend_vg-8050-initramfs.elf
cp /home/mgta29/src/openwrt/build_dir/target-mips_mips32_musl/linux-bmips_bcm63268/vmlinux /home/mgta29/src/openwrt/build_dir/target-mips_mips32_musl/linux-bmips_bcm63268/comtrend_vg-8050-kernel.bin
rm -f /home/mgta29/src/openwrt/build_dir/target-mips_mips32_musl/linux-bmips_bcm63268/comtrend_vr-3032u-kernel.bin
cp /home/mgta29/src/openwrt/build_dir/target-mips_mips32_musl/linux-bmips_bcm63268/vmlinux-initramfs /home/mgta29/src/openwrt/build_dir/target-mips_mips32_musl/linux-bmips_bcm63268/tmp/openwrt-bmips-bcm63268-comtrend_vr-3032u-initramfs.elf
rm -f /home/mgta29/src/openwrt/build_dir/target-mips_mips32_musl/linux-bmips_bcm63268/sagem_fast-3864-op-kernel.bin
rm -f /home/mgta29/src/openwrt/build_dir/target-mips_mips32_musl/linux-bmips_bcm63268/tmp/openwrt-bmips-bcm63268-sagem_fast-3864-op-initramfs.elf
cp /home/mgta29/src/openwrt/build_dir/target-mips_mips32_musl/linux-bmips_bcm63268/vmlinux /home/mgta29/src/openwrt/build_dir/target-mips_mips32_musl/linux-bmips_bcm63268/comtrend_vr-3032u-kernel.bin
rm -f /home/mgta29/src/openwrt/build_dir/target-mips_mips32_musl/linux-bmips_bcm63268/tmp/openwrt-bmips-bcm63268-sercomm_h500-s-lowi-initramfs.elf
rm -f /home/mgta29/src/openwrt/build_dir/target-mips_mips32_musl/linux-bmips_bcm63268/sercomm_h500-s-lowi-kernel.bin
cp /home/mgta29/src/openwrt/build_dir/target-mips_mips32_musl/linux-bmips_bcm63268/vmlinux /home/mgta29/src/openwrt/build_dir/target-mips_mips32_musl/linux-bmips_bcm63268/sagem_fast-3864-op-kernel.bin
rm -f /home/mgta29/src/openwrt/build_dir/target-mips_mips32_musl/linux-bmips_bcm63268/tmp/openwrt-bmips-bcm63268-sercomm_h500-s-vfes-initramfs.elf
cp /home/mgta29/src/openwrt/build_dir/target-mips_mips32_musl/linux-bmips_bcm63268/vmlinux-initramfs /home/mgta29/src/openwrt/build_dir/target-mips_mips32_musl/linux-bmips_bcm63268/tmp/openwrt-bmips-bcm63268-sagem_fast-3864-op-initramfs.elf
rm -f /home/mgta29/src/openwrt/build_dir/target-mips_mips32_musl/linux-bmips_bcm63268/sercomm_h500-s-vfes-kernel.bin
rm -f /home/mgta29/src/openwrt/build_dir/target-mips_mips32_musl/linux-bmips_bcm63268/tmp/openwrt-bmips-bcm63268-sercomm_shg2500-initramfs.elf
cat /home/mgta29/src/openwrt/build_dir/target-mips_mips32_musl/linux-bmips_bcm63268/image-bcm63168-actiontec-t1200h.dtb >> /home/mgta29/src/openwrt/build_dir/target-mips_mips32_musl/linux-bmips_bcm63268/tmp/openwrt-bmips-bcm63268-actiontec_t1200h-initramfs.elf
cat /home/mgta29/src/openwrt/build_dir/target-mips_mips32_musl/linux-bmips_bcm63268/image-bcm63168-actiontec-t1200h.dtb >> /home/mgta29/src/openwrt/build_dir/target-mips_mips32_musl/linux-bmips_bcm63268/actiontec_t1200h-kernel.bin
cp /home/mgta29/src/openwrt/build_dir/target-mips_mips32_musl/linux-bmips_bcm63268/vmlinux-initramfs /home/mgta29/src/openwrt/build_dir/target-mips_mips32_musl/linux-bmips_bcm63268/tmp/openwrt-bmips-bcm63268-sercomm_h500-s-lowi-initramfs.elf
cp /home/mgta29/src/openwrt/build_dir/target-mips_mips32_musl/linux-bmips_bcm63268/vmlinux /home/mgta29/src/openwrt/build_dir/target-mips_mips32_musl/linux-bmips_bcm63268/sercomm_h500-s-lowi-kernel.bin
cp /home/mgta29/src/openwrt/build_dir/target-mips_mips32_musl/linux-bmips_bcm63268/vmlinux-initramfs /home/mgta29/src/openwrt/build_dir/target-mips_mips32_musl/linux-bmips_bcm63268/tmp/openwrt-bmips-bcm63268-sercomm_h500-s-vfes-initramfs.elf
cat /home/mgta29/src/openwrt/build_dir/target-mips_mips32_musl/linux-bmips_bcm63268/image-bcm63169-comtrend-vg-8050.dtb >> /home/mgta29/src/openwrt/build_dir/target-mips_mips32_musl/linux-bmips_bcm63268/tmp/openwrt-bmips-bcm63268-comtrend_vg-8050-initramfs.elf
cp /home/mgta29/src/openwrt/build_dir/target-mips_mips32_musl/linux-bmips_bcm63268/vmlinux /home/mgta29/src/openwrt/build_dir/target-mips_mips32_musl/linux-bmips_bcm63268/sercomm_h500-s-vfes-kernel.bin
cp /home/mgta29/src/openwrt/build_dir/target-mips_mips32_musl/linux-bmips_bcm63268/vmlinux-initramfs /home/mgta29/src/openwrt/build_dir/target-mips_mips32_musl/linux-bmips_bcm63268/tmp/openwrt-bmips-bcm63268-sercomm_shg2500-initramfs.elf
/home/mgta29/src/openwrt/staging_dir/host/bin/lzma e /home/mgta29/src/openwrt/build_dir/target-mips_mips32_musl/linux-bmips_bcm63268/tmp/openwrt-bmips-bcm63268-actiontec_t1200h-initramfs.elf -lc1 -lp2 -pb2  /home/mgta29/src/openwrt/build_dir/target-mips_mips32_musl/linux-bmips_bcm63268/tmp/openwrt-bmips-bcm63268-actiontec_t1200h-initramfs.elf.new
# CFE only allows ~4 MiB for the uncompressed kernels, but uncompressed
Pseudo file "dev" exists in source filesystem "/home/mgta29/src/openwrt/build_dir/target-mips_mips32_musl/root-bmips/dev".
Ignoring, exclude it (-e/-ef) to override.
Parallel mksquashfs: Using 16 processors
Creating 4.0 filesystem on /home/mgta29/src/openwrt/build_dir/target-mips_mips32_musl/linux-bmips_bcm63268/root.squashfs, block size 262144.
[|                                                               ]   0/644   0%/home/mgta29/src/openwrt/staging_dir/host/bin/lzma e /home/mgta29/src/openwrt/build_dir/target-mips_mips32_musl/linux-bmips_bcm63268/tmp/openwrt-bmips-bcm63268-comtrend_vg-8050-initramfs.elf -lc1 -lp2 -pb2  /home/mgta29/src/openwrt/build_dir/target-mips_mips32_musl/linux-bmips_bcm63268/tmp/openwrt-bmips-bcm63268-comtrend_vg-8050-initramfs.elf.new
cat /home/mgta29/src/openwrt/build_dir/target-mips_mips32_musl/linux-bmips_bcm63268/image-bcm63169-comtrend-vg-8050.dtb >> /home/mgta29/src/openwrt/build_dir/target-mips_mips32_musl/linux-bmips_bcm63268/comtrend_vg-8050-kernel.bin
# kernel might get larger than that, so let CFE unpack and load at a
cat /home/mgta29/src/openwrt/build_dir/target-mips_mips32_musl/linux-bmips_bcm63268/image-bcm63168-comtrend-vr-3032u.dtb >> /home/mgta29/src/openwrt/build_dir/target-mips_mips32_musl/linux-bmips_bcm63268/tmp/openwrt-bmips-bcm63268-comtrend_vr-3032u-initramfs.elf
rm -f /home/mgta29/src/openwrt/build_dir/target-mips_mips32_musl/linux-bmips_bcm63268/sercomm_shg2500-kernel.bin
cat /home/mgta29/src/openwrt/build_dir/target-mips_mips32_musl/linux-bmips_bcm63268/image-bcm63168-comtrend-vr-3032u.dtb >> /home/mgta29/src/openwrt/build_dir/target-mips_mips32_musl/linux-bmips_bcm63268/comtrend_vr-3032u-kernel.bin
# higher address and make the kernel relocate itself to the expected
cat /home/mgta29/src/openwrt/build_dir/target-mips_mips32_musl/linux-bmips_bcm63268/image-bcm63168-sagem-fast-3864-op.dtb >> /home/mgta29/src/openwrt/build_dir/target-mips_mips32_musl/linux-bmips_bcm63268/sagem_fast-3864-op-kernel.bin
# CFE only allows ~4 MiB for the uncompressed kernels, but uncompressed
/home/mgta29/src/openwrt/staging_dir/host/bin/lzma e /home/mgta29/src/openwrt/build_dir/target-mips_mips32_musl/linux-bmips_bcm63268/tmp/openwrt-bmips-bcm63268-comtrend_vr-3032u-initramfs.elf -lc1 -lp2 -pb2  /home/mgta29/src/openwrt/build_dir/target-mips_mips32_musl/linux-bmips_bcm63268/tmp/openwrt-bmips-bcm63268-comtrend_vr-3032u-initramfs.elf.new
cp /home/mgta29/src/openwrt/build_dir/target-mips_mips32_musl/linux-bmips_bcm63268/vmlinux /home/mgta29/src/openwrt/build_dir/target-mips_mips32_musl/linux-bmips_bcm63268/sercomm_shg2500-kernel.bin
cat /home/mgta29/src/openwrt/build_dir/target-mips_mips32_musl/linux-bmips_bcm63268/image-bcm63168-sagem-fast-3864-op.dtb >> /home/mgta29/src/openwrt/build_dir/target-mips_mips32_musl/linux-bmips_bcm63268/tmp/openwrt-bmips-bcm63268-sagem_fast-3864-op-initramfs.elf
# CFE only allows ~4 MiB for the uncompressed kernels, but uncompressed
cat /home/mgta29/src/openwrt/build_dir/target-mips_mips32_musl/linux-bmips_bcm63268/image-bcm63167-sercomm-h500-s-lowi.dtb >> /home/mgta29/src/openwrt/build_dir/target-mips_mips32_musl/linux-bmips_bcm63268/sercomm_h500-s-lowi-kernel.bin
# location.
# CFE only allows ~4 MiB for the uncompressed kernels, but uncompressed
# kernel might get larger than that, so let CFE unpack and load at a
cat /home/mgta29/src/openwrt/build_dir/target-mips_mips32_musl/linux-bmips_bcm63268/image-bcm63167-sercomm-h500-s-vfes.dtb >> /home/mgta29/src/openwrt/build_dir/target-mips_mips32_musl/linux-bmips_bcm63268/sercomm_h500-s-vfes-kernel.bin
/home/mgta29/src/openwrt/staging_dir/host/bin/lzma e /home/mgta29/src/openwrt/build_dir/target-mips_mips32_musl/linux-bmips_bcm63268/tmp/openwrt-bmips-bcm63268-sagem_fast-3864-op-initramfs.elf -lc1 -lp2 -pb2  /home/mgta29/src/openwrt/build_dir/target-mips_mips32_musl/linux-bmips_bcm63268/tmp/openwrt-bmips-bcm63268-sagem_fast-3864-op-initramfs.elf.new
# kernel might get larger than that, so let CFE unpack and load at a
/home/mgta29/src/openwrt/staging_dir/host/bin/lzma e /home/mgta29/src/openwrt/build_dir/target-mips_mips32_musl/linux-bmips_bcm63268/sercomm_h500-s-lowi-kernel.bin -lc1 -lp2 -pb2  /home/mgta29/src/openwrt/build_dir/target-mips_mips32_musl/linux-bmips_bcm63268/sercomm_h500-s-lowi-kernel.bin.new
( dd if=/home/mgta29/src/openwrt/build_dir/target-mips_mips32_musl/linux-bmips_bcm63268/relocate/loader.bin bs=32 conv=sync && perl -e '@s = stat("/home/mgta29/src/openwrt/build_dir/target-mips_mips32_musl/linux-bmips_bcm63268/actiontec_t1200h-kernel.bin"); print pack("N", @s[7])' && cat /home/mgta29/src/openwrt/build_dir/target-mips_mips32_musl/linux-bmips_bcm63268/actiontec_t1200h-kernel.bin ) > /home/mgta29/src/openwrt/build_dir/target-mips_mips32_musl/linux-bmips_bcm63268/actiontec_t1200h-kernel.bin.relocate
# kernel might get larger than that, so let CFE unpack and load at a
cat /home/mgta29/src/openwrt/build_dir/target-mips_mips32_musl/linux-bmips_bcm63268/image-bcm63167-sercomm-h500-s-lowi.dtb >> /home/mgta29/src/openwrt/build_dir/target-mips_mips32_musl/linux-bmips_bcm63268/tmp/openwrt-bmips-bcm63268-sercomm_h500-s-lowi-initramfs.elf
cat /home/mgta29/src/openwrt/build_dir/target-mips_mips32_musl/linux-bmips_bcm63268/image-bcm63167-sercomm-h500-s-vfes.dtb >> /home/mgta29/src/openwrt/build_dir/target-mips_mips32_musl/linux-bmips_bcm63268/tmp/openwrt-bmips-bcm63268-sercomm_h500-s-vfes-initramfs.elf
cat /home/mgta29/src/openwrt/build_dir/target-mips_mips32_musl/linux-bmips_bcm63268/image-bcm63168-sercomm-shg2500.dtb >> /home/mgta29/src/openwrt/build_dir/target-mips_mips32_musl/linux-bmips_bcm63268/tmp/openwrt-bmips-bcm63268-sercomm_shg2500-initramfs.elf
# higher address and make the kernel relocate itself to the expected
rm -f /home/mgta29/src/openwrt/build_dir/target-mips_mips32_musl/linux-bmips_bcm63268/tmp/openwrt-bmips-bcm63268-smartrg_sr505n-initramfs.elf
/home/mgta29/src/openwrt/staging_dir/host/bin/lzma e /home/mgta29/src/openwrt/build_dir/target-mips_mips32_musl/linux-bmips_bcm63268/sercomm_h500-s-vfes-kernel.bin -lc1 -lp2 -pb2  /home/mgta29/src/openwrt/build_dir/target-mips_mips32_musl/linux-bmips_bcm63268/sercomm_h500-s-vfes-kernel.bin.new
# higher address and make the kernel relocate itself to the expected
# higher address and make the kernel relocate itself to the expected
/home/mgta29/src/openwrt/staging_dir/host/bin/lzma e /home/mgta29/src/openwrt/build_dir/target-mips_mips32_musl/linux-bmips_bcm63268/tmp/openwrt-bmips-bcm63268-sercomm_h500-s-lowi-initramfs.elf -lc1 -lp2 -pb2  /home/mgta29/src/openwrt/build_dir/target-mips_mips32_musl/linux-bmips_bcm63268/tmp/openwrt-bmips-bcm63268-sercomm_h500-s-lowi-initramfs.elf.new
/home/mgta29/src/openwrt/staging_dir/host/bin/lzma e /home/mgta29/src/openwrt/build_dir/target-mips_mips32_musl/linux-bmips_bcm63268/tmp/openwrt-bmips-bcm63268-sercomm_h500-s-vfes-initramfs.elf -lc1 -lp2 -pb2  /home/mgta29/src/openwrt/build_dir/target-mips_mips32_musl/linux-bmips_bcm63268/tmp/openwrt-bmips-bcm63268-sercomm_h500-s-vfes-initramfs.elf.new
/home/mgta29/src/openwrt/staging_dir/host/bin/lzma e /home/mgta29/src/openwrt/build_dir/target-mips_mips32_musl/linux-bmips_bcm63268/tmp/openwrt-bmips-bcm63268-sercomm_shg2500-initramfs.elf -lc1 -lp2 -pb2  /home/mgta29/src/openwrt/build_dir/target-mips_mips32_musl/linux-bmips_bcm63268/tmp/openwrt-bmips-bcm63268-sercomm_shg2500-initramfs.elf.new
# location.
cp /home/mgta29/src/openwrt/build_dir/target-mips_mips32_musl/linux-bmips_bcm63268/vmlinux-initramfs /home/mgta29/src/openwrt/build_dir/target-mips_mips32_musl/linux-bmips_bcm63268/tmp/openwrt-bmips-bcm63268-smartrg_sr505n-initramfs.elf
cat /home/mgta29/src/openwrt/build_dir/target-mips_mips32_musl/linux-bmips_bcm63268/image-bcm63168-sercomm-shg2500.dtb >> /home/mgta29/src/openwrt/build_dir/target-mips_mips32_musl/linux-bmips_bcm63268/sercomm_shg2500-kernel.bin
2058+1 records in
2059+0 records out
65888 bytes (66 kB, 64 KiB) copied, 0.00256931 s, 25.6 MB/s
# location.
# location.
( dd if=/home/mgta29/src/openwrt/build_dir/target-mips_mips32_musl/linux-bmips_bcm63268/relocate/loader.bin bs=32 conv=sync && perl -e '@s = stat("/home/mgta29/src/openwrt/build_dir/target-mips_mips32_musl/linux-bmips_bcm63268/comtrend_vg-8050-kernel.bin"); print pack("N", @s[7])' && cat /home/mgta29/src/openwrt/build_dir/target-mips_mips32_musl/linux-bmips_bcm63268/comtrend_vg-8050-kernel.bin ) > /home/mgta29/src/openwrt/build_dir/target-mips_mips32_musl/linux-bmips_bcm63268/comtrend_vg-8050-kernel.bin.relocate
( dd if=/home/mgta29/src/openwrt/build_dir/target-mips_mips32_musl/linux-bmips_bcm63268/relocate/loader.bin bs=32 conv=sync && perl -e '@s = stat("/home/mgta29/src/openwrt/build_dir/target-mips_mips32_musl/linux-bmips_bcm63268/comtrend_vr-3032u-kernel.bin"); print pack("N", @s[7])' && cat /home/mgta29/src/openwrt/build_dir/target-mips_mips32_musl/linux-bmips_bcm63268/comtrend_vr-3032u-kernel.bin ) > /home/mgta29/src/openwrt/build_dir/target-mips_mips32_musl/linux-bmips_bcm63268/comtrend_vr-3032u-kernel.bin.relocate
( dd if=/home/mgta29/src/openwrt/build_dir/target-mips_mips32_musl/linux-bmips_bcm63268/relocate/loader.bin bs=32 conv=sync && perl -e '@s = stat("/home/mgta29/src/openwrt/build_dir/target-mips_mips32_musl/linux-bmips_bcm63268/sagem_fast-3864-op-kernel.bin"); print pack("N", @s[7])' && cat /home/mgta29/src/openwrt/build_dir/target-mips_mips32_musl/linux-bmips_bcm63268/sagem_fast-3864-op-kernel.bin ) > /home/mgta29/src/openwrt/build_dir/target-mips_mips32_musl/linux-bmips_bcm63268/sagem_fast-3864-op-kernel.bin.relocate
/home/mgta29/src/openwrt/staging_dir/host/bin/lzma e /home/mgta29/src/openwrt/build_dir/target-mips_mips32_musl/linux-bmips_bcm63268/sercomm_shg2500-kernel.bin -lc1 -lp2 -pb2  /home/mgta29/src/openwrt/build_dir/target-mips_mips32_musl/linux-bmips_bcm63268/sercomm_shg2500-kernel.bin.new
2058+1 records in
2059+0 records out
65888 bytes (66 kB, 64 KiB) copied, 0.00149 s, 44.2 MB/s
2058+1 records in
2059+0 records out
65888 bytes (66 kB, 64 KiB) copied, 0.00165325 s, 39.9 MB/s
cat /home/mgta29/src/openwrt/build_dir/target-mips_mips32_musl/linux-bmips_bcm63268/image-bcm63168-smartrg-sr505n.dtb >> /home/mgta29/src/openwrt/build_dir/target-mips_mips32_musl/linux-bmips_bcm63268/tmp/openwrt-bmips-bcm63268-smartrg_sr505n-initramfs.elf
2058+1 records in
2059+0 records out
65888 bytes (66 kB, 64 KiB) copied, 0.00172744 s, 38.1 MB/s
/home/mgta29/src/openwrt/staging_dir/host/bin/lzma e /home/mgta29/src/openwrt/build_dir/target-mips_mips32_musl/linux-bmips_bcm63268/tmp/openwrt-bmips-bcm63268-smartrg_sr505n-initramfs.elf -lc1 -lp2 -pb2  /home/mgta29/src/openwrt/build_dir/target-mips_mips32_musl/linux-bmips_bcm63268/tmp/openwrt-bmips-bcm63268-smartrg_sr505n-initramfs.elf.new
/home/mgta29/src/openwrt/staging_dir/host/bin/lzma e /home/mgta29/src/openwrt/build_dir/target-mips_mips32_musl/linux-bmips_bcm63268/actiontec_t1200h-kernel.bin -lc1 -lp2 -pb2  /home/mgta29/src/openwrt/build_dir/target-mips_mips32_musl/linux-bmips_bcm63268/actiontec_t1200h-kernel.bin.new
/home/mgta29/src/openwrt/staging_dir/host/bin/lzma e /home/mgta29/src/openwrt/build_dir/target-mips_mips32_musl/linux-bmips_bcm63268/comtrend_vg-8050-kernel.bin -lc1 -lp2 -pb2  /home/mgta29/src/openwrt/build_dir/target-mips_mips32_musl/linux-bmips_bcm63268/comtrend_vg-8050-kernel.bin.new
/home/mgta29/src/openwrt/staging_dir/host/bin/lzma e /home/mgta29/src/openwrt/build_dir/target-mips_mips32_musl/linux-bmips_bcm63268/sagem_fast-3864-op-kernel.bin -lc1 -lp2 -pb2  /home/mgta29/src/openwrt/build_dir/target-mips_mips32_musl/linux-bmips_bcm63268/sagem_fast-3864-op-kernel.bin.new
/home/mgta29/src/openwrt/staging_dir/host/bin/lzma e /home/mgta29/src/openwrt/build_dir/target-mips_mips32_musl/linux-bmips_bcm63268/comtrend_vr-3032u-kernel.bin -lc1 -lp2 -pb2  /home/mgta29/src/openwrt/build_dir/target-mips_mips32_musl/linux-bmips_bcm63268/comtrend_vr-3032u-kernel.bin.new
[===============================================================\] 677/677 100%

Exportable Squashfs 4.0 filesystem, xz compressed, data block size 262144
	compressed data, compressed metadata, compressed fragments,
	no xattrs, compressed ids
	duplicates are removed
Filesystem size 4020.33 Kbytes (3.93 Mbytes)
	27.17% of uncompressed filesystem size (14795.01 Kbytes)
Inode table size 6580 bytes (6.43 Kbytes)
	21.43% of uncompressed inode table size (30703 bytes)
Directory table size 9438 bytes (9.22 Kbytes)
	51.12% of uncompressed directory table size (18462 bytes)
Number of duplicate files found 6
Number of inodes 915
Number of files 621
Number of fragments 30
Number of symbolic links 204
Number of device nodes 1
Number of fifo nodes 0
Number of socket nodes 0
Number of directories 89
Number of hard-links 0
Number of ids (unique uids + gids) 1
Number of uids 1
	root (0)
Number of gids 1
	root (0)
rm -f /home/mgta29/src/openwrt/build_dir/target-mips_mips32_musl/linux-bmips_bcm63268/smartrg_sr505n-kernel.bin
cp /home/mgta29/src/openwrt/build_dir/target-mips_mips32_musl/linux-bmips_bcm63268/vmlinux /home/mgta29/src/openwrt/build_dir/target-mips_mips32_musl/linux-bmips_bcm63268/smartrg_sr505n-kernel.bin
cat /home/mgta29/src/openwrt/build_dir/target-mips_mips32_musl/linux-bmips_bcm63268/image-bcm63168-smartrg-sr505n.dtb >> /home/mgta29/src/openwrt/build_dir/target-mips_mips32_musl/linux-bmips_bcm63268/smartrg_sr505n-kernel.bin
# CFE only allows ~4 MiB for the uncompressed kernels, but uncompressed
# kernel might get larger than that, so let CFE unpack and load at a
# higher address and make the kernel relocate itself to the expected
# location.
( dd if=/home/mgta29/src/openwrt/build_dir/target-mips_mips32_musl/linux-bmips_bcm63268/relocate/loader.bin bs=32 conv=sync && perl -e '@s = stat("/home/mgta29/src/openwrt/build_dir/target-mips_mips32_musl/linux-bmips_bcm63268/smartrg_sr505n-kernel.bin"); print pack("N", @s[7])' && cat /home/mgta29/src/openwrt/build_dir/target-mips_mips32_musl/linux-bmips_bcm63268/smartrg_sr505n-kernel.bin ) > /home/mgta29/src/openwrt/build_dir/target-mips_mips32_musl/linux-bmips_bcm63268/smartrg_sr505n-kernel.bin.relocate
2058+1 records in
2059+0 records out
65888 bytes (66 kB, 64 KiB) copied, 0.00213712 s, 30.8 MB/s
/home/mgta29/src/openwrt/staging_dir/host/bin/lzma e /home/mgta29/src/openwrt/build_dir/target-mips_mips32_musl/linux-bmips_bcm63268/smartrg_sr505n-kernel.bin -lc1 -lp2 -pb2  /home/mgta29/src/openwrt/build_dir/target-mips_mips32_musl/linux-bmips_bcm63268/smartrg_sr505n-kernel.bin.new
rm -rf /home/mgta29/src/openwrt/build_dir/target-mips_mips32_musl/linux-bmips_bcm63268/sercomm_h500-s-lowi-kernel.bin-kernel
mkdir -p /home/mgta29/src/openwrt/build_dir/target-mips_mips32_musl/linux-bmips_bcm63268/sercomm_h500-s-lowi-kernel.bin-kernel
# CFE RAM checks JFFS2 dirent version of vmlinux.
# If version is not > 0 it will ignore the fs entry.
# JFFS2 sets version 0 to the first fs entry and increments
# it on the following ones, so let's create a dummy file that
# will have version 0 and let cferam be the second (version 1).
touch /home/mgta29/src/openwrt/build_dir/target-mips_mips32_musl/linux-bmips_bcm63268/sercomm_h500-s-lowi-kernel.bin-kernel/1-openwrt
# vmlinux is located on a different JFFS2 partition, but CFE RAM
# ignores it, so let's create another dummy file that will match
# the JFFS2 ino of cferam entry on the first JFFS2 partition.
# CFE RAM won't be able to find vmlinux if cferam has the same
# ino as vmlinux.
touch /home/mgta29/src/openwrt/build_dir/target-mips_mips32_musl/linux-bmips_bcm63268/sercomm_h500-s-lowi-kernel.bin-kernel/2-openwrt
# Add vmlinux as the last file in the JFFS2 partition
/home/mgta29/src/openwrt/scripts/cfe-bin-header.py --input-file /home/mgta29/src/openwrt/build_dir/target-mips_mips32_musl/linux-bmips_bcm63268/sercomm_h500-s-lowi-kernel.bin --output-file /home/mgta29/src/openwrt/build_dir/target-mips_mips32_musl/linux-bmips_bcm63268/sercomm_h500-s-lowi-kernel.bin-kernel/vmlinux.lz --load-addr 0x80010000		 --entry-addr 0x80010000		
b'\x80\x01\x00\x00\x80\x01\x00\x00\x003\x846'
# The JFFS2 partition creation should result in the following
# layout:
# 1) 1-openwrt (version 0, ino 2)
# 2) 2-openwrt (version 1, ino 3)
# 3) vmlinux.lz (version 2, ino 4)
/home/mgta29/src/openwrt/staging_dir/host/bin/mkfs.jffs2 --big-endian --pad --no-cleanmarkers --eraseblock=128KiB --root=/home/mgta29/src/openwrt/build_dir/target-mips_mips32_musl/linux-bmips_bcm63268/sercomm_h500-s-lowi-kernel.bin-kernel --output=/home/mgta29/src/openwrt/build_dir/target-mips_mips32_musl/linux-bmips_bcm63268/sercomm_h500-s-lowi-kernel.bin --compression-mode=none
dd if=/home/mgta29/src/openwrt/build_dir/target-mips_mips32_musl/linux-bmips_bcm63268/sercomm_h500-s-lowi-kernel.bin of=/home/mgta29/src/openwrt/build_dir/target-mips_mips32_musl/linux-bmips_bcm63268/sercomm_h500-s-lowi-kernel.bin.new bs=128k conv=sync
27+0 records in
27+0 records out
3538944 bytes (3.5 MB, 3.4 MiB) copied, 0.00253585 s, 1.4 GB/s
mv /home/mgta29/src/openwrt/build_dir/target-mips_mips32_musl/linux-bmips_bcm63268/sercomm_h500-s-lowi-kernel.bin.new /home/mgta29/src/openwrt/build_dir/target-mips_mips32_musl/linux-bmips_bcm63268/sercomm_h500-s-lowi-kernel.bin
rm -f /home/mgta29/src/openwrt/build_dir/target-mips_mips32_musl/linux-bmips_bcm63268/tmp/openwrt-bmips-bcm63268-technicolor_tc7200u-initramfs.bin
cp /home/mgta29/src/openwrt/build_dir/target-mips_mips32_musl/linux-bmips_bcm63268/vmlinux-initramfs /home/mgta29/src/openwrt/build_dir/target-mips_mips32_musl/linux-bmips_bcm63268/tmp/openwrt-bmips-bcm63268-technicolor_tc7200u-initramfs.bin
cat /home/mgta29/src/openwrt/build_dir/target-mips_mips32_musl/linux-bmips_bcm63268/image-bcm3383-technicolor-tc7200u.dtb >> /home/mgta29/src/openwrt/build_dir/target-mips_mips32_musl/linux-bmips_bcm63268/tmp/openwrt-bmips-bcm63268-technicolor_tc7200u-initramfs.bin
/home/mgta29/src/openwrt/staging_dir/host/bin/lzma e /home/mgta29/src/openwrt/build_dir/target-mips_mips32_musl/linux-bmips_bcm63268/tmp/openwrt-bmips-bcm63268-technicolor_tc7200u-initramfs.bin -lc1 -lp2 -pb2  /home/mgta29/src/openwrt/build_dir/target-mips_mips32_musl/linux-bmips_bcm63268/tmp/openwrt-bmips-bcm63268-technicolor_tc7200u-initramfs.bin.new
rm -rf /home/mgta29/src/openwrt/build_dir/target-mips_mips32_musl/linux-bmips_bcm63268/actiontec_t1200h-kernel.bin-kernel
mkdir -p /home/mgta29/src/openwrt/build_dir/target-mips_mips32_musl/linux-bmips_bcm63268/actiontec_t1200h-kernel.bin-kernel
# CFE RAM checks JFFS2 dirent version of vmlinux.
# If version is not > 0 it will ignore the fs entry.
# JFFS2 sets version 0 to the first fs entry and increments
# it on the following ones, so let's create a dummy file that
# will have version 0 and let cferam be the second (version 1).
touch /home/mgta29/src/openwrt/build_dir/target-mips_mips32_musl/linux-bmips_bcm63268/actiontec_t1200h-kernel.bin-kernel/1-openwrt
# vmlinux is located on a different JFFS2 partition, but CFE RAM
# ignores it, so let's create another dummy file that will match
# the JFFS2 ino of cferam entry on the first JFFS2 partition.
# CFE RAM won't be able to find vmlinux if cferam has the same
# ino as vmlinux.
touch /home/mgta29/src/openwrt/build_dir/target-mips_mips32_musl/linux-bmips_bcm63268/actiontec_t1200h-kernel.bin-kernel/2-openwrt
# Add vmlinux as the last file in the JFFS2 partition
/home/mgta29/src/openwrt/scripts/cfe-bin-header.py --input-file /home/mgta29/src/openwrt/build_dir/target-mips_mips32_musl/linux-bmips_bcm63268/actiontec_t1200h-kernel.bin --output-file /home/mgta29/src/openwrt/build_dir/target-mips_mips32_musl/linux-bmips_bcm63268/actiontec_t1200h-kernel.bin-kernel/vmlinux.lz --load-addr 0x81000000		 --entry-addr 0x81000000		
rm -rf /home/mgta29/src/openwrt/build_dir/target-mips_mips32_musl/linux-bmips_bcm63268/comtrend_vg-8050-kernel.bin-kernel
mkdir -p /home/mgta29/src/openwrt/build_dir/target-mips_mips32_musl/linux-bmips_bcm63268/comtrend_vg-8050-kernel.bin-kernel
b'\x81\x00\x00\x00\x81\x00\x00\x00\x003\x85D'
# CFE RAM checks JFFS2 dirent version of vmlinux.
# If version is not > 0 it will ignore the fs entry.
# JFFS2 sets version 0 to the first fs entry and increments
# The JFFS2 partition creation should result in the following
# it on the following ones, so let's create a dummy file that
# layout:
# will have version 0 and let cferam be the second (version 1).
# 1) 1-openwrt (version 0, ino 2)
touch /home/mgta29/src/openwrt/build_dir/target-mips_mips32_musl/linux-bmips_bcm63268/comtrend_vg-8050-kernel.bin-kernel/1-openwrt
# 2) 2-openwrt (version 1, ino 3)
# 3) vmlinux.lz (version 2, ino 4)
# vmlinux is located on a different JFFS2 partition, but CFE RAM
/home/mgta29/src/openwrt/staging_dir/host/bin/mkfs.jffs2 --big-endian --pad --no-cleanmarkers --eraseblock=128KiB --root=/home/mgta29/src/openwrt/build_dir/target-mips_mips32_musl/linux-bmips_bcm63268/actiontec_t1200h-kernel.bin-kernel --output=/home/mgta29/src/openwrt/build_dir/target-mips_mips32_musl/linux-bmips_bcm63268/actiontec_t1200h-kernel.bin --compression-mode=none
# ignores it, so let's create another dummy file that will match
# the JFFS2 ino of cferam entry on the first JFFS2 partition.
# CFE RAM won't be able to find vmlinux if cferam has the same
# ino as vmlinux.
touch /home/mgta29/src/openwrt/build_dir/target-mips_mips32_musl/linux-bmips_bcm63268/comtrend_vg-8050-kernel.bin-kernel/2-openwrt
# Add vmlinux as the last file in the JFFS2 partition
/home/mgta29/src/openwrt/scripts/cfe-bin-header.py --input-file /home/mgta29/src/openwrt/build_dir/target-mips_mips32_musl/linux-bmips_bcm63268/comtrend_vg-8050-kernel.bin --output-file /home/mgta29/src/openwrt/build_dir/target-mips_mips32_musl/linux-bmips_bcm63268/comtrend_vg-8050-kernel.bin-kernel/vmlinux.lz --load-addr 0x81000000		 --entry-addr 0x81000000		
dd if=/home/mgta29/src/openwrt/build_dir/target-mips_mips32_musl/linux-bmips_bcm63268/actiontec_t1200h-kernel.bin of=/home/mgta29/src/openwrt/build_dir/target-mips_mips32_musl/linux-bmips_bcm63268/actiontec_t1200h-kernel.bin.new bs=128k conv=sync
27+0 records in
27+0 records out
3538944 bytes (3.5 MB, 3.4 MiB) copied, 0.00321205 s, 1.1 GB/s
mv /home/mgta29/src/openwrt/build_dir/target-mips_mips32_musl/linux-bmips_bcm63268/actiontec_t1200h-kernel.bin.new /home/mgta29/src/openwrt/build_dir/target-mips_mips32_musl/linux-bmips_bcm63268/actiontec_t1200h-kernel.bin
b'\x81\x00\x00\x00\x81\x00\x00\x00\x003\x86\xdd'
# The JFFS2 partition creation should result in the following
# layout:
# 1) 1-openwrt (version 0, ino 2)
# 2) 2-openwrt (version 1, ino 3)
# 3) vmlinux.lz (version 2, ino 4)
rm -rf /home/mgta29/src/openwrt/build_dir/target-mips_mips32_musl/linux-bmips_bcm63268/sercomm_shg2500-kernel.bin-kernel
/home/mgta29/src/openwrt/staging_dir/host/bin/mkfs.jffs2 --big-endian --pad --no-cleanmarkers --eraseblock=128KiB --root=/home/mgta29/src/openwrt/build_dir/target-mips_mips32_musl/linux-bmips_bcm63268/comtrend_vg-8050-kernel.bin-kernel --output=/home/mgta29/src/openwrt/build_dir/target-mips_mips32_musl/linux-bmips_bcm63268/comtrend_vg-8050-kernel.bin --compression-mode=none
mkdir -p /home/mgta29/src/openwrt/build_dir/target-mips_mips32_musl/linux-bmips_bcm63268/sercomm_shg2500-kernel.bin-kernel
# CFE RAM checks JFFS2 dirent version of vmlinux.
# If version is not > 0 it will ignore the fs entry.
# JFFS2 sets version 0 to the first fs entry and increments
# it on the following ones, so let's create a dummy file that
# will have version 0 and let cferam be the second (version 1).
touch /home/mgta29/src/openwrt/build_dir/target-mips_mips32_musl/linux-bmips_bcm63268/sercomm_shg2500-kernel.bin-kernel/1-openwrt
dd if=/home/mgta29/src/openwrt/build_dir/target-mips_mips32_musl/linux-bmips_bcm63268/comtrend_vg-8050-kernel.bin of=/home/mgta29/src/openwrt/build_dir/target-mips_mips32_musl/linux-bmips_bcm63268/comtrend_vg-8050-kernel.bin.new bs=128k conv=sync
# vmlinux is located on a different JFFS2 partition, but CFE RAM
# ignores it, so let's create another dummy file that will match
27+0 records in
27+0 records out
3538944 bytes (3.5 MB, 3.4 MiB) copied, 0.00265001 s, 1.3 GB/s
mv /home/mgta29/src/openwrt/build_dir/target-mips_mips32_musl/linux-bmips_bcm63268/comtrend_vg-8050-kernel.bin.new /home/mgta29/src/openwrt/build_dir/target-mips_mips32_musl/linux-bmips_bcm63268/comtrend_vg-8050-kernel.bin
# the JFFS2 ino of cferam entry on the first JFFS2 partition.
# CFE RAM won't be able to find vmlinux if cferam has the same
# ino as vmlinux.
rm -rf /home/mgta29/src/openwrt/build_dir/target-mips_mips32_musl/linux-bmips_bcm63268/sercomm_h500-s-vfes-kernel.bin-kernel
touch /home/mgta29/src/openwrt/build_dir/target-mips_mips32_musl/linux-bmips_bcm63268/sercomm_shg2500-kernel.bin-kernel/2-openwrt
mkdir -p /home/mgta29/src/openwrt/build_dir/target-mips_mips32_musl/linux-bmips_bcm63268/sercomm_h500-s-vfes-kernel.bin-kernel
# Add vmlinux as the last file in the JFFS2 partition
# CFE RAM checks JFFS2 dirent version of vmlinux.
/home/mgta29/src/openwrt/scripts/cfe-bin-header.py --input-file /home/mgta29/src/openwrt/build_dir/target-mips_mips32_musl/linux-bmips_bcm63268/sercomm_shg2500-kernel.bin --output-file /home/mgta29/src/openwrt/build_dir/target-mips_mips32_musl/linux-bmips_bcm63268/sercomm_shg2500-kernel.bin-kernel/vmlinux.lz --load-addr 0x80010000		 --entry-addr 0x80010000		
# If version is not > 0 it will ignore the fs entry.
# JFFS2 sets version 0 to the first fs entry and increments
# it on the following ones, so let's create a dummy file that
# will have version 0 and let cferam be the second (version 1).
touch /home/mgta29/src/openwrt/build_dir/target-mips_mips32_musl/linux-bmips_bcm63268/sercomm_h500-s-vfes-kernel.bin-kernel/1-openwrt
# vmlinux is located on a different JFFS2 partition, but CFE RAM
# ignores it, so let's create another dummy file that will match
# the JFFS2 ino of cferam entry on the first JFFS2 partition.
# CFE RAM won't be able to find vmlinux if cferam has the same
# ino as vmlinux.
touch /home/mgta29/src/openwrt/build_dir/target-mips_mips32_musl/linux-bmips_bcm63268/sercomm_h500-s-vfes-kernel.bin-kernel/2-openwrt
# Add vmlinux as the last file in the JFFS2 partition
/home/mgta29/src/openwrt/scripts/cfe-bin-header.py --input-file /home/mgta29/src/openwrt/build_dir/target-mips_mips32_musl/linux-bmips_bcm63268/sercomm_h500-s-vfes-kernel.bin --output-file /home/mgta29/src/openwrt/build_dir/target-mips_mips32_musl/linux-bmips_bcm63268/sercomm_h500-s-vfes-kernel.bin-kernel/vmlinux.lz --load-addr 0x80010000		 --entry-addr 0x80010000		
b'\x80\x01\x00\x00\x80\x01\x00\x00\x003\x84~'
# The JFFS2 partition creation should result in the following
# layout:
# 1) 1-openwrt (version 0, ino 2)
# 2) 2-openwrt (version 1, ino 3)
# 3) vmlinux.lz (version 2, ino 4)
/home/mgta29/src/openwrt/staging_dir/host/bin/mkfs.jffs2 --big-endian --pad --no-cleanmarkers --eraseblock=128KiB --root=/home/mgta29/src/openwrt/build_dir/target-mips_mips32_musl/linux-bmips_bcm63268/sercomm_shg2500-kernel.bin-kernel --output=/home/mgta29/src/openwrt/build_dir/target-mips_mips32_musl/linux-bmips_bcm63268/sercomm_shg2500-kernel.bin --compression-mode=none
rm -rf /home/mgta29/src/openwrt/build_dir/target-mips_mips32_musl/linux-bmips_bcm63268/comtrend_vr-3032u-kernel.bin-kernel
mkdir -p /home/mgta29/src/openwrt/build_dir/target-mips_mips32_musl/linux-bmips_bcm63268/comtrend_vr-3032u-kernel.bin-kernel
dd if=/home/mgta29/src/openwrt/build_dir/target-mips_mips32_musl/linux-bmips_bcm63268/sercomm_shg2500-kernel.bin of=/home/mgta29/src/openwrt/build_dir/target-mips_mips32_musl/linux-bmips_bcm63268/sercomm_shg2500-kernel.bin.new bs=128k conv=sync
# CFE RAM checks JFFS2 dirent version of vmlinux.
# If version is not > 0 it will ignore the fs entry.
# JFFS2 sets version 0 to the first fs entry and increments
b'\x80\x01\x00\x00\x80\x01\x00\x00\x003\x848'
27+0 records in
27+0 records out
3538944 bytes (3.5 MB, 3.4 MiB) copied, 0.0026755 s, 1.3 GB/s
mv /home/mgta29/src/openwrt/build_dir/target-mips_mips32_musl/linux-bmips_bcm63268/sercomm_shg2500-kernel.bin.new /home/mgta29/src/openwrt/build_dir/target-mips_mips32_musl/linux-bmips_bcm63268/sercomm_shg2500-kernel.bin
# it on the following ones, so let's create a dummy file that
# will have version 0 and let cferam be the second (version 1).
touch /home/mgta29/src/openwrt/build_dir/target-mips_mips32_musl/linux-bmips_bcm63268/comtrend_vr-3032u-kernel.bin-kernel/1-openwrt
# The JFFS2 partition creation should result in the following
# vmlinux is located on a different JFFS2 partition, but CFE RAM
# layout:
# ignores it, so let's create another dummy file that will match
# 1) 1-openwrt (version 0, ino 2)
# the JFFS2 ino of cferam entry on the first JFFS2 partition.
# 2) 2-openwrt (version 1, ino 3)
# CFE RAM won't be able to find vmlinux if cferam has the same
# 3) vmlinux.lz (version 2, ino 4)
# ino as vmlinux.
/home/mgta29/src/openwrt/staging_dir/host/bin/mkfs.jffs2 --big-endian --pad --no-cleanmarkers --eraseblock=128KiB --root=/home/mgta29/src/openwrt/build_dir/target-mips_mips32_musl/linux-bmips_bcm63268/sercomm_h500-s-vfes-kernel.bin-kernel --output=/home/mgta29/src/openwrt/build_dir/target-mips_mips32_musl/linux-bmips_bcm63268/sercomm_h500-s-vfes-kernel.bin --compression-mode=none
touch /home/mgta29/src/openwrt/build_dir/target-mips_mips32_musl/linux-bmips_bcm63268/comtrend_vr-3032u-kernel.bin-kernel/2-openwrt
# Add vmlinux as the last file in the JFFS2 partition
/home/mgta29/src/openwrt/scripts/cfe-bin-header.py --input-file /home/mgta29/src/openwrt/build_dir/target-mips_mips32_musl/linux-bmips_bcm63268/comtrend_vr-3032u-kernel.bin --output-file /home/mgta29/src/openwrt/build_dir/target-mips_mips32_musl/linux-bmips_bcm63268/comtrend_vr-3032u-kernel.bin-kernel/vmlinux.lz --load-addr 0x81000000		 --entry-addr 0x81000000		
dd if=/home/mgta29/src/openwrt/build_dir/target-mips_mips32_musl/linux-bmips_bcm63268/sercomm_h500-s-vfes-kernel.bin of=/home/mgta29/src/openwrt/build_dir/target-mips_mips32_musl/linux-bmips_bcm63268/sercomm_h500-s-vfes-kernel.bin.new bs=128k conv=sync
27+0 records in
27+0 records out
3538944 bytes (3.5 MB, 3.4 MiB) copied, 0.00239392 s, 1.5 GB/s
mv /home/mgta29/src/openwrt/build_dir/target-mips_mips32_musl/linux-bmips_bcm63268/sercomm_h500-s-vfes-kernel.bin.new /home/mgta29/src/openwrt/build_dir/target-mips_mips32_musl/linux-bmips_bcm63268/sercomm_h500-s-vfes-kernel.bin
b'\x81\x00\x00\x00\x81\x00\x00\x00\x003\x85T'
# The JFFS2 partition creation should result in the following
# layout:
# 1) 1-openwrt (version 0, ino 2)
# 2) 2-openwrt (version 1, ino 3)
# 3) vmlinux.lz (version 2, ino 4)
/home/mgta29/src/openwrt/staging_dir/host/bin/mkfs.jffs2 --big-endian --pad --no-cleanmarkers --eraseblock=128KiB --root=/home/mgta29/src/openwrt/build_dir/target-mips_mips32_musl/linux-bmips_bcm63268/comtrend_vr-3032u-kernel.bin-kernel --output=/home/mgta29/src/openwrt/build_dir/target-mips_mips32_musl/linux-bmips_bcm63268/comtrend_vr-3032u-kernel.bin --compression-mode=none
dd if=/home/mgta29/src/openwrt/build_dir/target-mips_mips32_musl/linux-bmips_bcm63268/comtrend_vr-3032u-kernel.bin of=/home/mgta29/src/openwrt/build_dir/target-mips_mips32_musl/linux-bmips_bcm63268/comtrend_vr-3032u-kernel.bin.new bs=128k conv=sync
27+0 records in
27+0 records out
3538944 bytes (3.5 MB, 3.4 MiB) copied, 0.00253184 s, 1.4 GB/s
mv /home/mgta29/src/openwrt/build_dir/target-mips_mips32_musl/linux-bmips_bcm63268/comtrend_vr-3032u-kernel.bin.new /home/mgta29/src/openwrt/build_dir/target-mips_mips32_musl/linux-bmips_bcm63268/comtrend_vr-3032u-kernel.bin
rm -rf /home/mgta29/src/openwrt/build_dir/target-mips_mips32_musl/linux-bmips_bcm63268/sagem_fast-3864-op-kernel.bin-kernel
mkdir -p /home/mgta29/src/openwrt/build_dir/target-mips_mips32_musl/linux-bmips_bcm63268/sagem_fast-3864-op-kernel.bin-kernel
# CFE RAM checks JFFS2 dirent version of vmlinux.
# If version is not > 0 it will ignore the fs entry.
# JFFS2 sets version 0 to the first fs entry and increments
# it on the following ones, so let's create a dummy file that
# will have version 0 and let cferam be the second (version 1).
touch /home/mgta29/src/openwrt/build_dir/target-mips_mips32_musl/linux-bmips_bcm63268/sagem_fast-3864-op-kernel.bin-kernel/1-openwrt
# vmlinux is located on a different JFFS2 partition, but CFE RAM
# ignores it, so let's create another dummy file that will match
# the JFFS2 ino of cferam entry on the first JFFS2 partition.
# CFE RAM won't be able to find vmlinux if cferam has the same
# ino as vmlinux.
touch /home/mgta29/src/openwrt/build_dir/target-mips_mips32_musl/linux-bmips_bcm63268/sagem_fast-3864-op-kernel.bin-kernel/2-openwrt
# Add vmlinux as the last file in the JFFS2 partition
/home/mgta29/src/openwrt/scripts/cfe-bin-header.py --input-file /home/mgta29/src/openwrt/build_dir/target-mips_mips32_musl/linux-bmips_bcm63268/sagem_fast-3864-op-kernel.bin --output-file /home/mgta29/src/openwrt/build_dir/target-mips_mips32_musl/linux-bmips_bcm63268/sagem_fast-3864-op-kernel.bin-kernel/vmlinux.lz --load-addr 0x81000000		 --entry-addr 0x81000000		
b'\x81\x00\x00\x00\x81\x00\x00\x00\x003\x86q'
# The JFFS2 partition creation should result in the following
# layout:
# 1) 1-openwrt (version 0, ino 2)
# 2) 2-openwrt (version 1, ino 3)
# 3) vmlinux.lz (version 2, ino 4)
/home/mgta29/src/openwrt/staging_dir/host/bin/mkfs.jffs2 --big-endian --pad --no-cleanmarkers --eraseblock=128KiB --root=/home/mgta29/src/openwrt/build_dir/target-mips_mips32_musl/linux-bmips_bcm63268/sagem_fast-3864-op-kernel.bin-kernel --output=/home/mgta29/src/openwrt/build_dir/target-mips_mips32_musl/linux-bmips_bcm63268/sagem_fast-3864-op-kernel.bin --compression-mode=none
dd if=/home/mgta29/src/openwrt/build_dir/target-mips_mips32_musl/linux-bmips_bcm63268/sagem_fast-3864-op-kernel.bin of=/home/mgta29/src/openwrt/build_dir/target-mips_mips32_musl/linux-bmips_bcm63268/sagem_fast-3864-op-kernel.bin.new bs=128k conv=sync
27+0 records in
27+0 records out
3538944 bytes (3.5 MB, 3.4 MiB) copied, 0.00202126 s, 1.8 GB/s
mv /home/mgta29/src/openwrt/build_dir/target-mips_mips32_musl/linux-bmips_bcm63268/sagem_fast-3864-op-kernel.bin.new /home/mgta29/src/openwrt/build_dir/target-mips_mips32_musl/linux-bmips_bcm63268/sagem_fast-3864-op-kernel.bin
export MAKEFLAGS= ;make -w -C lzma-loader CHIP_ID=63268 KERNEL_ADDR=0x80010000		 KDIR=/home/mgta29/src/openwrt/build_dir/target-mips_mips32_musl/linux-bmips_bcm63268 LOADER_ADDR=0x80010000		 LOADER_DATA="/home/mgta29/src/openwrt/build_dir/target-mips_mips32_musl/linux-bmips_bcm63268/tmp/openwrt-bmips-bcm63268-sercomm_h500-s-vfes-initramfs.elf" LOADER_NAME="openwrt-bmips-bcm63268-sercomm_h500-s-vfes-initramfs.elf" LZMA_TEXT_START=0x82000000		 PKG_BUILD_DIR="/home/mgta29/src/openwrt/build_dir/target-mips_mips32_musl/linux-bmips_bcm63268/tmp/openwrt-bmips-bcm63268-sercomm_h500-s-vfes-initramfs.elf.src" TARGET_DIR="/home/mgta29/src/openwrt/build_dir/target-mips_mips32_musl/linux-bmips_bcm63268/tmp/" compile loader.elf
make[5]: Entering directory '/home/mgta29/src/openwrt/target/linux/bmips/image/lzma-loader'
mkdir /home/mgta29/src/openwrt/build_dir/target-mips_mips32_musl/linux-bmips_bcm63268/tmp/openwrt-bmips-bcm63268-sercomm_h500-s-vfes-initramfs.elf.src
cp -fpR ./src/* /home/mgta29/src/openwrt/build_dir/target-mips_mips32_musl/linux-bmips_bcm63268/tmp/openwrt-bmips-bcm63268-sercomm_h500-s-vfes-initramfs.elf.src/
touch /home/mgta29/src/openwrt/build_dir/target-mips_mips32_musl/linux-bmips_bcm63268/tmp/openwrt-bmips-bcm63268-sercomm_h500-s-vfes-initramfs.elf.src/.prepared
make -C /home/mgta29/src/openwrt/build_dir/target-mips_mips32_musl/linux-bmips_bcm63268/tmp/openwrt-bmips-bcm63268-sercomm_h500-s-vfes-initramfs.elf.src CROSS_COMPILE="mips-openwrt-linux-musl-" \
	LZMA_TEXT_START=0x82000000 \
	LOADER_DATA=/home/mgta29/src/openwrt/build_dir/target-mips_mips32_musl/linux-bmips_bcm63268/tmp/openwrt-bmips-bcm63268-sercomm_h500-s-vfes-initramfs.elf \
	UART_BASE=0xb0000180 \
	clean all
make[6]: Entering directory '/home/mgta29/src/openwrt/build_dir/target-mips_mips32_musl/linux-bmips_bcm63268/tmp/openwrt-bmips-bcm63268-sercomm_h500-s-vfes-initramfs.elf.src'
rm -f loader *.elf *.bin *.o
mips-openwrt-linux-musl-gcc -D__KERNEL__ -Wall -Wstrict-prototypes -Wno-trigraphs -Os -fno-strict-aliasing -fno-common -fomit-frame-pointer -G 0 -mno-abicalls -fno-pic -ffunction-sections -pipe -ffreestanding -fhonour-copts -mabi=32 -march=mips32 -Wa,-32 -Wa,-march=mips32 -Wa,-mips32 -Wa,--trap -D_LZMA_PROB32 -DUART_BASE=0xb0000180 -DLZMA_WRAPPER=1 -DLOADADDR=0x80010000 -D__ASSEMBLY__ -c -o head.o head.S
mips-openwrt-linux-musl-gcc -D__KERNEL__ -Wall -Wstrict-prototypes -Wno-trigraphs -Os -fno-strict-aliasing -fno-common -fomit-frame-pointer -G 0 -mno-abicalls -fno-pic -ffunction-sections -pipe -ffreestanding -fhonour-copts -mabi=32 -march=mips32 -Wa,-32 -Wa,-march=mips32 -Wa,-mips32 -Wa,--trap -D_LZMA_PROB32 -DUART_BASE=0xb0000180 -DLZMA_WRAPPER=1 -DLOADADDR=0x80010000 -c -o loader.o loader.c
export MAKEFLAGS= ;make -w -C lzma-loader CHIP_ID=63268 KERNEL_ADDR=0x80010000		 KDIR=/home/mgta29/src/openwrt/build_dir/target-mips_mips32_musl/linux-bmips_bcm63268 LOADER_ADDR=0x80010000		 LOADER_DATA="/home/mgta29/src/openwrt/build_dir/target-mips_mips32_musl/linux-bmips_bcm63268/tmp/openwrt-bmips-bcm63268-sercomm_shg2500-initramfs.elf" LOADER_NAME="openwrt-bmips-bcm63268-sercomm_shg2500-initramfs.elf" LZMA_TEXT_START=0x82000000		 PKG_BUILD_DIR="/home/mgta29/src/openwrt/build_dir/target-mips_mips32_musl/linux-bmips_bcm63268/tmp/openwrt-bmips-bcm63268-sercomm_shg2500-initramfs.elf.src" TARGET_DIR="/home/mgta29/src/openwrt/build_dir/target-mips_mips32_musl/linux-bmips_bcm63268/tmp/" compile loader.elf
make[5]: Entering directory '/home/mgta29/src/openwrt/target/linux/bmips/image/lzma-loader'
mkdir /home/mgta29/src/openwrt/build_dir/target-mips_mips32_musl/linux-bmips_bcm63268/tmp/openwrt-bmips-bcm63268-sercomm_shg2500-initramfs.elf.src
cp -fpR ./src/* /home/mgta29/src/openwrt/build_dir/target-mips_mips32_musl/linux-bmips_bcm63268/tmp/openwrt-bmips-bcm63268-sercomm_shg2500-initramfs.elf.src/
touch /home/mgta29/src/openwrt/build_dir/target-mips_mips32_musl/linux-bmips_bcm63268/tmp/openwrt-bmips-bcm63268-sercomm_shg2500-initramfs.elf.src/.prepared
mips-openwrt-linux-musl-gcc -D__KERNEL__ -Wall -Wstrict-prototypes -Wno-trigraphs -Os -fno-strict-aliasing -fno-common -fomit-frame-pointer -G 0 -mno-abicalls -fno-pic -ffunction-sections -pipe -ffreestanding -fhonour-copts -mabi=32 -march=mips32 -Wa,-32 -Wa,-march=mips32 -Wa,-mips32 -Wa,--trap -D_LZMA_PROB32 -DUART_BASE=0xb0000180 -DLZMA_WRAPPER=1 -DLOADADDR=0x80010000 -c -o cache.o cache.c
make -C /home/mgta29/src/openwrt/build_dir/target-mips_mips32_musl/linux-bmips_bcm63268/tmp/openwrt-bmips-bcm63268-sercomm_shg2500-initramfs.elf.src CROSS_COMPILE="mips-openwrt-linux-musl-" \
	LZMA_TEXT_START=0x82000000 \
	LOADER_DATA=/home/mgta29/src/openwrt/build_dir/target-mips_mips32_musl/linux-bmips_bcm63268/tmp/openwrt-bmips-bcm63268-sercomm_shg2500-initramfs.elf \
	UART_BASE=0xb0000180 \
	clean all
make[6]: Entering directory '/home/mgta29/src/openwrt/build_dir/target-mips_mips32_musl/linux-bmips_bcm63268/tmp/openwrt-bmips-bcm63268-sercomm_shg2500-initramfs.elf.src'
rm -f loader *.elf *.bin *.o
mips-openwrt-linux-musl-gcc -D__KERNEL__ -Wall -Wstrict-prototypes -Wno-trigraphs -Os -fno-strict-aliasing -fno-common -fomit-frame-pointer -G 0 -mno-abicalls -fno-pic -ffunction-sections -pipe -ffreestanding -fhonour-copts -mabi=32 -march=mips32 -Wa,-32 -Wa,-march=mips32 -Wa,-mips32 -Wa,--trap -D_LZMA_PROB32 -DUART_BASE=0xb0000180 -DLZMA_WRAPPER=1 -DLOADADDR=0x80010000 -D__ASSEMBLY__ -c -o head.o head.S
mips-openwrt-linux-musl-gcc -D__KERNEL__ -Wall -Wstrict-prototypes -Wno-trigraphs -Os -fno-strict-aliasing -fno-common -fomit-frame-pointer -G 0 -mno-abicalls -fno-pic -ffunction-sections -pipe -ffreestanding -fhonour-copts -mabi=32 -march=mips32 -Wa,-32 -Wa,-march=mips32 -Wa,-mips32 -Wa,--trap -D_LZMA_PROB32 -DUART_BASE=0xb0000180 -DLZMA_WRAPPER=1 -DLOADADDR=0x80010000 -c -o loader.o loader.c
mips-openwrt-linux-musl-gcc -D__KERNEL__ -Wall -Wstrict-prototypes -Wno-trigraphs -Os -fno-strict-aliasing -fno-common -fomit-frame-pointer -G 0 -mno-abicalls -fno-pic -ffunction-sections -pipe -ffreestanding -fhonour-copts -mabi=32 -march=mips32 -Wa,-32 -Wa,-march=mips32 -Wa,-mips32 -Wa,--trap -D_LZMA_PROB32 -DUART_BASE=0xb0000180 -DLZMA_WRAPPER=1 -DLOADADDR=0x80010000 -c -o board.o board.c
mips-openwrt-linux-musl-gcc -D__KERNEL__ -Wall -Wstrict-prototypes -Wno-trigraphs -Os -fno-strict-aliasing -fno-common -fomit-frame-pointer -G 0 -mno-abicalls -fno-pic -ffunction-sections -pipe -ffreestanding -fhonour-copts -mabi=32 -march=mips32 -Wa,-32 -Wa,-march=mips32 -Wa,-mips32 -Wa,--trap -D_LZMA_PROB32 -DUART_BASE=0xb0000180 -DLZMA_WRAPPER=1 -DLOADADDR=0x80010000 -c -o printf.o printf.c
mips-openwrt-linux-musl-gcc -D__KERNEL__ -Wall -Wstrict-prototypes -Wno-trigraphs -Os -fno-strict-aliasing -fno-common -fomit-frame-pointer -G 0 -mno-abicalls -fno-pic -ffunction-sections -pipe -ffreestanding -fhonour-copts -mabi=32 -march=mips32 -Wa,-32 -Wa,-march=mips32 -Wa,-mips32 -Wa,--trap -D_LZMA_PROB32 -DUART_BASE=0xb0000180 -DLZMA_WRAPPER=1 -DLOADADDR=0x80010000 -c -o cache.o cache.c
export MAKEFLAGS= ;make -w -C lzma-loader CHIP_ID=63268 KERNEL_ADDR=0x80010000		 KDIR=/home/mgta29/src/openwrt/build_dir/target-mips_mips32_musl/linux-bmips_bcm63268 LOADER_ADDR=0x81000000		 LOADER_DATA="/home/mgta29/src/openwrt/build_dir/target-mips_mips32_musl/linux-bmips_bcm63268/tmp/openwrt-bmips-bcm63268-actiontec_t1200h-initramfs.elf" LOADER_NAME="openwrt-bmips-bcm63268-actiontec_t1200h-initramfs.elf" LZMA_TEXT_START=0x82000000		 PKG_BUILD_DIR="/home/mgta29/src/openwrt/build_dir/target-mips_mips32_musl/linux-bmips_bcm63268/tmp/openwrt-bmips-bcm63268-actiontec_t1200h-initramfs.elf.src" TARGET_DIR="/home/mgta29/src/openwrt/build_dir/target-mips_mips32_musl/linux-bmips_bcm63268/tmp/" compile loader.elf
mips-openwrt-linux-musl-gcc -D__KERNEL__ -Wall -Wstrict-prototypes -Wno-trigraphs -Os -fno-strict-aliasing -fno-common -fomit-frame-pointer -G 0 -mno-abicalls -fno-pic -ffunction-sections -pipe -ffreestanding -fhonour-copts -mabi=32 -march=mips32 -Wa,-32 -Wa,-march=mips32 -Wa,-mips32 -Wa,--trap -D_LZMA_PROB32 -DUART_BASE=0xb0000180 -DLZMA_WRAPPER=1 -DLOADADDR=0x80010000 -c -o board.o board.c
make[5]: Entering directory '/home/mgta29/src/openwrt/target/linux/bmips/image/lzma-loader'
mkdir /home/mgta29/src/openwrt/build_dir/target-mips_mips32_musl/linux-bmips_bcm63268/tmp/openwrt-bmips-bcm63268-actiontec_t1200h-initramfs.elf.src
cp -fpR ./src/* /home/mgta29/src/openwrt/build_dir/target-mips_mips32_musl/linux-bmips_bcm63268/tmp/openwrt-bmips-bcm63268-actiontec_t1200h-initramfs.elf.src/
touch /home/mgta29/src/openwrt/build_dir/target-mips_mips32_musl/linux-bmips_bcm63268/tmp/openwrt-bmips-bcm63268-actiontec_t1200h-initramfs.elf.src/.prepared
make -C /home/mgta29/src/openwrt/build_dir/target-mips_mips32_musl/linux-bmips_bcm63268/tmp/openwrt-bmips-bcm63268-actiontec_t1200h-initramfs.elf.src CROSS_COMPILE="mips-openwrt-linux-musl-" \
	LZMA_TEXT_START=0x82000000 \
	LOADER_DATA=/home/mgta29/src/openwrt/build_dir/target-mips_mips32_musl/linux-bmips_bcm63268/tmp/openwrt-bmips-bcm63268-actiontec_t1200h-initramfs.elf \
	UART_BASE=0xb0000180 \
	clean all
make[6]: Entering directory '/home/mgta29/src/openwrt/build_dir/target-mips_mips32_musl/linux-bmips_bcm63268/tmp/openwrt-bmips-bcm63268-actiontec_t1200h-initramfs.elf.src'
rm -f loader *.elf *.bin *.o
mips-openwrt-linux-musl-gcc -D__KERNEL__ -Wall -Wstrict-prototypes -Wno-trigraphs -Os -fno-strict-aliasing -fno-common -fomit-frame-pointer -G 0 -mno-abicalls -fno-pic -ffunction-sections -pipe -ffreestanding -fhonour-copts -mabi=32 -march=mips32 -Wa,-32 -Wa,-march=mips32 -Wa,-mips32 -Wa,--trap -D_LZMA_PROB32 -DUART_BASE=0xb0000180 -DLZMA_WRAPPER=1 -DLOADADDR=0x80010000 -D__ASSEMBLY__ -c -o head.o head.S
mips-openwrt-linux-musl-gcc -D__KERNEL__ -Wall -Wstrict-prototypes -Wno-trigraphs -Os -fno-strict-aliasing -fno-common -fomit-frame-pointer -G 0 -mno-abicalls -fno-pic -ffunction-sections -pipe -ffreestanding -fhonour-copts -mabi=32 -march=mips32 -Wa,-32 -Wa,-march=mips32 -Wa,-mips32 -Wa,--trap -D_LZMA_PROB32 -DUART_BASE=0xb0000180 -DLZMA_WRAPPER=1 -DLOADADDR=0x80010000 -c -o printf.o printf.c
mips-openwrt-linux-musl-gcc -D__KERNEL__ -Wall -Wstrict-prototypes -Wno-trigraphs -Os -fno-strict-aliasing -fno-common -fomit-frame-pointer -G 0 -mno-abicalls -fno-pic -ffunction-sections -pipe -ffreestanding -fhonour-copts -mabi=32 -march=mips32 -Wa,-32 -Wa,-march=mips32 -Wa,-mips32 -Wa,--trap -D_LZMA_PROB32 -DUART_BASE=0xb0000180 -DLZMA_WRAPPER=1 -DLOADADDR=0x80010000 -c -o loader.o loader.c
mips-openwrt-linux-musl-gcc -D__KERNEL__ -Wall -Wstrict-prototypes -Wno-trigraphs -Os -fno-strict-aliasing -fno-common -fomit-frame-pointer -G 0 -mno-abicalls -fno-pic -ffunction-sections -pipe -ffreestanding -fhonour-copts -mabi=32 -march=mips32 -Wa,-32 -Wa,-march=mips32 -Wa,-mips32 -Wa,--trap -D_LZMA_PROB32 -DUART_BASE=0xb0000180 -DLZMA_WRAPPER=1 -DLOADADDR=0x80010000 -c -o cache.o cache.c
mips-openwrt-linux-musl-gcc -D__KERNEL__ -Wall -Wstrict-prototypes -Wno-trigraphs -Os -fno-strict-aliasing -fno-common -fomit-frame-pointer -G 0 -mno-abicalls -fno-pic -ffunction-sections -pipe -ffreestanding -fhonour-copts -mabi=32 -march=mips32 -Wa,-32 -Wa,-march=mips32 -Wa,-mips32 -Wa,--trap -D_LZMA_PROB32 -DUART_BASE=0xb0000180 -DLZMA_WRAPPER=1 -DLOADADDR=0x80010000 -c -o LzmaDecode.o LzmaDecode.c
mips-openwrt-linux-musl-gcc -D__KERNEL__ -Wall -Wstrict-prototypes -Wno-trigraphs -Os -fno-strict-aliasing -fno-common -fomit-frame-pointer -G 0 -mno-abicalls -fno-pic -ffunction-sections -pipe -ffreestanding -fhonour-copts -mabi=32 -march=mips32 -Wa,-32 -Wa,-march=mips32 -Wa,-mips32 -Wa,--trap -D_LZMA_PROB32 -DUART_BASE=0xb0000180 -DLZMA_WRAPPER=1 -DLOADADDR=0x80010000 -c -o board.o board.c
export MAKEFLAGS= ;make -w -C lzma-loader CHIP_ID=63268 KERNEL_ADDR=0x80010000		 KDIR=/home/mgta29/src/openwrt/build_dir/target-mips_mips32_musl/linux-bmips_bcm63268 LOADER_ADDR=0x81000000		 LOADER_DATA="/home/mgta29/src/openwrt/build_dir/target-mips_mips32_musl/linux-bmips_bcm63268/tmp/openwrt-bmips-bcm63268-sagem_fast-3864-op-initramfs.elf" LOADER_NAME="openwrt-bmips-bcm63268-sagem_fast-3864-op-initramfs.elf" LZMA_TEXT_START=0x82000000		 PKG_BUILD_DIR="/home/mgta29/src/openwrt/build_dir/target-mips_mips32_musl/linux-bmips_bcm63268/tmp/openwrt-bmips-bcm63268-sagem_fast-3864-op-initramfs.elf.src" TARGET_DIR="/home/mgta29/src/openwrt/build_dir/target-mips_mips32_musl/linux-bmips_bcm63268/tmp/" compile loader.elf
mips-openwrt-linux-musl-gcc -D__KERNEL__ -Wall -Wstrict-prototypes -Wno-trigraphs -Os -fno-strict-aliasing -fno-common -fomit-frame-pointer -G 0 -mno-abicalls -fno-pic -ffunction-sections -pipe -ffreestanding -fhonour-copts -mabi=32 -march=mips32 -Wa,-32 -Wa,-march=mips32 -Wa,-mips32 -Wa,--trap -D_LZMA_PROB32 -DUART_BASE=0xb0000180 -DLZMA_WRAPPER=1 -DLOADADDR=0x80010000 -c -o printf.o printf.c
make[5]: Entering directory '/home/mgta29/src/openwrt/target/linux/bmips/image/lzma-loader'
mkdir /home/mgta29/src/openwrt/build_dir/target-mips_mips32_musl/linux-bmips_bcm63268/tmp/openwrt-bmips-bcm63268-sagem_fast-3864-op-initramfs.elf.src
cp -fpR ./src/* /home/mgta29/src/openwrt/build_dir/target-mips_mips32_musl/linux-bmips_bcm63268/tmp/openwrt-bmips-bcm63268-sagem_fast-3864-op-initramfs.elf.src/
touch /home/mgta29/src/openwrt/build_dir/target-mips_mips32_musl/linux-bmips_bcm63268/tmp/openwrt-bmips-bcm63268-sagem_fast-3864-op-initramfs.elf.src/.prepared
make -C /home/mgta29/src/openwrt/build_dir/target-mips_mips32_musl/linux-bmips_bcm63268/tmp/openwrt-bmips-bcm63268-sagem_fast-3864-op-initramfs.elf.src CROSS_COMPILE="mips-openwrt-linux-musl-" \
	LZMA_TEXT_START=0x82000000 \
	LOADER_DATA=/home/mgta29/src/openwrt/build_dir/target-mips_mips32_musl/linux-bmips_bcm63268/tmp/openwrt-bmips-bcm63268-sagem_fast-3864-op-initramfs.elf \
	UART_BASE=0xb0000180 \
	clean all
mips-openwrt-linux-musl-gcc -D__KERNEL__ -Wall -Wstrict-prototypes -Wno-trigraphs -Os -fno-strict-aliasing -fno-common -fomit-frame-pointer -G 0 -mno-abicalls -fno-pic -ffunction-sections -pipe -ffreestanding -fhonour-copts -mabi=32 -march=mips32 -Wa,-32 -Wa,-march=mips32 -Wa,-mips32 -Wa,--trap -D_LZMA_PROB32 -DUART_BASE=0xb0000180 -DLZMA_WRAPPER=1 -DLOADADDR=0x80010000 -c -o LzmaDecode.o LzmaDecode.c
make[6]: Entering directory '/home/mgta29/src/openwrt/build_dir/target-mips_mips32_musl/linux-bmips_bcm63268/tmp/openwrt-bmips-bcm63268-sagem_fast-3864-op-initramfs.elf.src'
rm -f loader *.elf *.bin *.o
mips-openwrt-linux-musl-gcc -D__KERNEL__ -Wall -Wstrict-prototypes -Wno-trigraphs -Os -fno-strict-aliasing -fno-common -fomit-frame-pointer -G 0 -mno-abicalls -fno-pic -ffunction-sections -pipe -ffreestanding -fhonour-copts -mabi=32 -march=mips32 -Wa,-32 -Wa,-march=mips32 -Wa,-mips32 -Wa,--trap -D_LZMA_PROB32 -DUART_BASE=0xb0000180 -DLZMA_WRAPPER=1 -DLOADADDR=0x80010000 -D__ASSEMBLY__ -c -o head.o head.S
mips-openwrt-linux-musl-gcc -D__KERNEL__ -Wall -Wstrict-prototypes -Wno-trigraphs -Os -fno-strict-aliasing -fno-common -fomit-frame-pointer -G 0 -mno-abicalls -fno-pic -ffunction-sections -pipe -ffreestanding -fhonour-copts -mabi=32 -march=mips32 -Wa,-32 -Wa,-march=mips32 -Wa,-mips32 -Wa,--trap -D_LZMA_PROB32 -DUART_BASE=0xb0000180 -DLZMA_WRAPPER=1 -DLOADADDR=0x80010000 -c -o loader.o loader.c
mips-openwrt-linux-musl-gcc -D__KERNEL__ -Wall -Wstrict-prototypes -Wno-trigraphs -Os -fno-strict-aliasing -fno-common -fomit-frame-pointer -G 0 -mno-abicalls -fno-pic -ffunction-sections -pipe -ffreestanding -fhonour-copts -mabi=32 -march=mips32 -Wa,-32 -Wa,-march=mips32 -Wa,-mips32 -Wa,--trap -D_LZMA_PROB32 -DUART_BASE=0xb0000180 -DLZMA_WRAPPER=1 -DLOADADDR=0x80010000 -c -o cache.o cache.c
mips-openwrt-linux-musl-gcc -D__KERNEL__ -Wall -Wstrict-prototypes -Wno-trigraphs -Os -fno-strict-aliasing -fno-common -fomit-frame-pointer -G 0 -mno-abicalls -fno-pic -ffunction-sections -pipe -ffreestanding -fhonour-copts -mabi=32 -march=mips32 -Wa,-32 -Wa,-march=mips32 -Wa,-mips32 -Wa,--trap -D_LZMA_PROB32 -DUART_BASE=0xb0000180 -DLZMA_WRAPPER=1 -DLOADADDR=0x80010000 -c -o board.o board.c
mips-openwrt-linux-musl-gcc -D__KERNEL__ -Wall -Wstrict-prototypes -Wno-trigraphs -Os -fno-strict-aliasing -fno-common -fomit-frame-pointer -G 0 -mno-abicalls -fno-pic -ffunction-sections -pipe -ffreestanding -fhonour-copts -mabi=32 -march=mips32 -Wa,-32 -Wa,-march=mips32 -Wa,-mips32 -Wa,--trap -D_LZMA_PROB32 -DUART_BASE=0xb0000180 -DLZMA_WRAPPER=1 -DLOADADDR=0x80010000 -c -o LzmaDecode.o LzmaDecode.c
mips-openwrt-linux-musl-gcc -D__KERNEL__ -Wall -Wstrict-prototypes -Wno-trigraphs -Os -fno-strict-aliasing -fno-common -fomit-frame-pointer -G 0 -mno-abicalls -fno-pic -ffunction-sections -pipe -ffreestanding -fhonour-copts -mabi=32 -march=mips32 -Wa,-32 -Wa,-march=mips32 -Wa,-mips32 -Wa,--trap -D_LZMA_PROB32 -DUART_BASE=0xb0000180 -DLZMA_WRAPPER=1 -DLOADADDR=0x80010000 -c -o printf.o printf.c
mips-openwrt-linux-musl-ld -r -b binary --oformat elf32-tradbigmips -T lzma-data.lds -o data.o /home/mgta29/src/openwrt/build_dir/target-mips_mips32_musl/linux-bmips_bcm63268/tmp/openwrt-bmips-bcm63268-sercomm_h500-s-vfes-initramfs.elf
mips-openwrt-linux-musl-ld -static --gc-sections -no-warn-mismatch -e startup -T loader.lds -Ttext 0x82000000 -o loader head.o loader.o cache.o board.o printf.o LzmaDecode.o data.o
mips-openwrt-linux-musl-objcopy -O binary -R .reginfo -R .note -R .comment -R .mdebug -R .MIPS.abiflags -S loader loader.bin
mips-openwrt-linux-musl-ld -r -b binary --oformat elf32-tradbigmips -o loader2.o loader.bin
mips-openwrt-linux-musl-ld -e startup -T loader2.lds -Ttext 0x80010000 -o loader.elf loader2.o
mips-openwrt-linux-musl-ld -r -b binary --oformat elf32-tradbigmips -T lzma-data.lds -o data.o /home/mgta29/src/openwrt/build_dir/target-mips_mips32_musl/linux-bmips_bcm63268/tmp/openwrt-bmips-bcm63268-sercomm_shg2500-initramfs.elf
make[6]: Leaving directory '/home/mgta29/src/openwrt/build_dir/target-mips_mips32_musl/linux-bmips_bcm63268/tmp/openwrt-bmips-bcm63268-sercomm_h500-s-vfes-initramfs.elf.src'
mips-openwrt-linux-musl-ld -static --gc-sections -no-warn-mismatch -e startup -T loader.lds -Ttext 0x82000000 -o loader head.o loader.o cache.o board.o printf.o LzmaDecode.o data.o
make[5]: Leaving directory '/home/mgta29/src/openwrt/target/linux/bmips/image/lzma-loader'
mips-openwrt-linux-musl-gcc -D__KERNEL__ -Wall -Wstrict-prototypes -Wno-trigraphs -Os -fno-strict-aliasing -fno-common -fomit-frame-pointer -G 0 -mno-abicalls -fno-pic -ffunction-sections -pipe -ffreestanding -fhonour-copts -mabi=32 -march=mips32 -Wa,-32 -Wa,-march=mips32 -Wa,-mips32 -Wa,--trap -D_LZMA_PROB32 -DUART_BASE=0xb0000180 -DLZMA_WRAPPER=1 -DLOADADDR=0x80010000 -c -o LzmaDecode.o LzmaDecode.c
mips-openwrt-linux-musl-objcopy -O binary -R .reginfo -R .note -R .comment -R .mdebug -R .MIPS.abiflags -S loader loader.bin
cp /home/mgta29/src/openwrt/build_dir/target-mips_mips32_musl/linux-bmips_bcm63268/tmp/openwrt-bmips-bcm63268-sercomm_h500-s-vfes-initramfs.elf /home/mgta29/src/openwrt/bin/targets/bmips/bcm63268/openwrt-bmips-bcm63268-sercomm_h500-s-vfes-initramfs.elf
mips-openwrt-linux-musl-ld -r -b binary --oformat elf32-tradbigmips -o loader2.o loader.bin
DEVICE_ID="sercomm_h500-s-vfes" SOURCE_DATE_EPOCH=1778630369 FILE_NAME="openwrt-bmips-bcm63268-sercomm_h500-s-vfes-initramfs.elf" FILE_DIR="/home/mgta29/src/openwrt/build_dir/target-mips_mips32_musl/linux-bmips_bcm63268/tmp" FILE_TYPE="kernel" FILE_FILESYSTEM="initramfs" DEVICE_IMG_PREFIX="openwrt-bmips-bcm63268-sercomm_h500-s-vfes" DEVICE_VENDOR="Sercomm" DEVICE_MODEL="H500-s" DEVICE_VARIANT="vfes" DEVICE_ALT0_VENDOR="" DEVICE_ALT0_MODEL="" DEVICE_ALT0_VARIANT="" DEVICE_ALT1_VENDOR="" DEVICE_ALT1_MODEL="" DEVICE_ALT1_VARIANT="" DEVICE_ALT2_VENDOR="" DEVICE_ALT2_MODEL="" DEVICE_ALT2_VARIANT="" DEVICE_ALT3_VENDOR="" DEVICE_ALT3_MODEL="" DEVICE_ALT3_VARIANT="" DEVICE_ALT4_VENDOR="" DEVICE_ALT4_MODEL="" DEVICE_ALT4_VARIANT="" DEVICE_ALT5_VENDOR="" DEVICE_ALT5_MODEL="" DEVICE_ALT5_VARIANT="" DEVICE_TITLE="Sercomm H500-s vfes" DEVICE_PACKAGES="nand-utils kmod-usb-ohci kmod-usb-ledtrig-usbport kmod-usb2 kmod-leds-bcm6328" TARGET="bmips" SUBTARGET="bcm63268" VERSION_NUMBER="SNAPSHOT" VERSION_CODE="r34427-6865d489d2" SUPPORTED_DEVICES="sercomm,h500-s-vfes" KERNEL_SIZE="5120k" IMAGE_SIZE="" /home/mgta29/src/openwrt/scripts/json_add_image_info.py /home/mgta29/src/openwrt/build_dir/target-mips_mips32_musl/json_info_files/openwrt-bmips-bcm63268-sercomm_h500-s-vfes-initramfs.elf.json
mips-openwrt-linux-musl-ld -e startup -T loader2.lds -Ttext 0x80010000 -o loader.elf loader2.o
[ -f /home/mgta29/src/openwrt/build_dir/target-mips_mips32_musl/linux-bmips_bcm63268/sercomm_h500-s-vfes-kernel.bin -a -f /home/mgta29/src/openwrt/build_dir/target-mips_mips32_musl/linux-bmips_bcm63268/root.squashfs ]
[ -f /home/mgta29/src/openwrt/build_dir/target-mips_mips32_musl/linux-bmips_bcm63268/sercomm_h500-s-vfes-kernel.bin -a -f /home/mgta29/src/openwrt/build_dir/target-mips_mips32_musl/linux-bmips_bcm63268/root.squashfs ]
sh /home/mgta29/src/openwrt/scripts/sysupgrade-tar.sh --board sercomm_h500-s-vfes --kernel /home/mgta29/src/openwrt/build_dir/target-mips_mips32_musl/linux-bmips_bcm63268/sercomm_h500-s-vfes-kernel.bin --rootfs /home/mgta29/src/openwrt/build_dir/target-mips_mips32_musl/linux-bmips_bcm63268/root.squashfs  /home/mgta29/src/openwrt/build_dir/target-mips_mips32_musl/linux-bmips_bcm63268/tmp/openwrt-bmips-bcm63268-sercomm_h500-s-vfes-squashfs-sysupgrade.bin
dd if=/home/mgta29/src/openwrt/build_dir/target-mips_mips32_musl/linux-bmips_bcm63268/sercomm_h500-s-vfes-kernel.bin >> /home/mgta29/src/openwrt/build_dir/target-mips_mips32_musl/linux-bmips_bcm63268/tmp/openwrt-bmips-bcm63268-sercomm_h500-s-vfes-squashfs-factory.img
make[6]: Leaving directory '/home/mgta29/src/openwrt/build_dir/target-mips_mips32_musl/linux-bmips_bcm63268/tmp/openwrt-bmips-bcm63268-sercomm_shg2500-initramfs.elf.src'
6912+0 records in
6912+0 records out
3538944 bytes (3.5 MB, 3.4 MiB) copied, 0.00676577 s, 523 MB/s
dd if=/home/mgta29/src/openwrt/build_dir/target-mips_mips32_musl/linux-bmips_bcm63268/tmp/openwrt-bmips-bcm63268-sercomm_h500-s-vfes-squashfs-factory.img of=/home/mgta29/src/openwrt/build_dir/target-mips_mips32_musl/linux-bmips_bcm63268/tmp/openwrt-bmips-bcm63268-sercomm_h500-s-vfes-squashfs-factory.img.new bs=5120k conv=sync
mips-openwrt-linux-musl-ld -r -b binary --oformat elf32-tradbigmips -T lzma-data.lds -o data.o /home/mgta29/src/openwrt/build_dir/target-mips_mips32_musl/linux-bmips_bcm63268/tmp/openwrt-bmips-bcm63268-actiontec_t1200h-initramfs.elf
make[5]: Leaving directory '/home/mgta29/src/openwrt/target/linux/bmips/image/lzma-loader'
4020+1 records in
4021+0 records out
4117504 bytes (4.1 MB, 3.9 MiB) copied, 0.00645761 s, 638 MB/s
0+1 records in
1+0 records out
5242880 bytes (5.2 MB, 5.0 MiB) copied, 0.00797411 s, 657 MB/s
mv /home/mgta29/src/openwrt/build_dir/target-mips_mips32_musl/linux-bmips_bcm63268/tmp/openwrt-bmips-bcm63268-sercomm_h500-s-vfes-squashfs-factory.img.new /home/mgta29/src/openwrt/build_dir/target-mips_mips32_musl/linux-bmips_bcm63268/tmp/openwrt-bmips-bcm63268-sercomm_h500-s-vfes-squashfs-factory.img
tar: Option --mtime: Treating date '@1778630369' as 2026-05-12 23:59:29
sysupgrade-sercomm_h500-s-vfes/
sysupgrade-sercomm_h500-s-vfes/CONTROL
sysupgrade-sercomm_h500-s-vfes/kernel
mips-openwrt-linux-musl-ld -static --gc-sections -no-warn-mismatch -e startup -T loader.lds -Ttext 0x82000000 -o loader head.o loader.o cache.o board.o printf.o LzmaDecode.o data.o
sysupgrade-sercomm_h500-s-vfes/root
sh /home/mgta29/src/openwrt/scripts/ubinize-image.sh    --rootfs /home/mgta29/src/openwrt/build_dir/target-mips_mips32_musl/linux-bmips_bcm63268/root.squashfs /home/mgta29/src/openwrt/build_dir/target-mips_mips32_musl/linux-bmips_bcm63268/tmp/openwrt-bmips-bcm63268-sercomm_h500-s-vfes-squashfs-factory.img.tmp -p 128KiB -m 2048 -s 512 -O 2048 -E 5
cp /home/mgta29/src/openwrt/build_dir/target-mips_mips32_musl/linux-bmips_bcm63268/tmp/openwrt-bmips-bcm63268-sercomm_shg2500-initramfs.elf /home/mgta29/src/openwrt/bin/targets/bmips/bcm63268/openwrt-bmips-bcm63268-sercomm_shg2500-initramfs.elf
mips-openwrt-linux-musl-objcopy -O binary -R .reginfo -R .note -R .comment -R .mdebug -R .MIPS.abiflags -S loader loader.bin
[rootfs]
mode=ubi
vol_id=0
vol_type=dynamic
vol_name=rootfs
image=/home/mgta29/src/openwrt/build_dir/target-mips_mips32_musl/linux-bmips_bcm63268/root.squashfs
vol_size=4117504
[rootfs_data]
mode=ubi
vol_id=1
vol_type=dynamic
vol_name=rootfs_data
vol_size=1MiB
vol_flags=autoresize
echo '{  "metadata_version": "1.1", "compat_version": "1.0",   "supported_devices":["sercomm,h500-s-vfes"], "version": { "dist": "OpenWrt", "version": "SNAPSHOT", "revision": "r34427-6865d489d2", "target": "bmips/bcm63268", "board": "sercomm_h500-s-vfes" } }' | fwtool -I - /home/mgta29/src/openwrt/build_dir/target-mips_mips32_musl/linux-bmips_bcm63268/tmp/openwrt-bmips-bcm63268-sercomm_h500-s-vfes-squashfs-sysupgrade.bin
cat /home/mgta29/src/openwrt/build_dir/target-mips_mips32_musl/linux-bmips_bcm63268/tmp/openwrt-bmips-bcm63268-sercomm_h500-s-vfes-squashfs-factory.img.tmp >> /home/mgta29/src/openwrt/build_dir/target-mips_mips32_musl/linux-bmips_bcm63268/tmp/openwrt-bmips-bcm63268-sercomm_h500-s-vfes-squashfs-factory.img
DEVICE_ID="sercomm_shg2500" SOURCE_DATE_EPOCH=1778630369 FILE_NAME="openwrt-bmips-bcm63268-sercomm_shg2500-initramfs.elf" FILE_DIR="/home/mgta29/src/openwrt/build_dir/target-mips_mips32_musl/linux-bmips_bcm63268/tmp" FILE_TYPE="kernel" FILE_FILESYSTEM="initramfs" DEVICE_IMG_PREFIX="openwrt-bmips-bcm63268-sercomm_shg2500" DEVICE_VENDOR="Sercomm" DEVICE_MODEL="SHG2500" DEVICE_VARIANT="" DEVICE_ALT0_VENDOR="" DEVICE_ALT0_MODEL="" DEVICE_ALT0_VARIANT="" DEVICE_ALT1_VENDOR="" DEVICE_ALT1_MODEL="" DEVICE_ALT1_VARIANT="" DEVICE_ALT2_VENDOR="" DEVICE_ALT2_MODEL="" DEVICE_ALT2_VARIANT="" DEVICE_ALT3_VENDOR="" DEVICE_ALT3_MODEL="" DEVICE_ALT3_VARIANT="" DEVICE_ALT4_VENDOR="" DEVICE_ALT4_MODEL="" DEVICE_ALT4_VARIANT="" DEVICE_ALT5_VENDOR="" DEVICE_ALT5_MODEL="" DEVICE_ALT5_VARIANT="" DEVICE_TITLE="Sercomm SHG2500" DEVICE_PACKAGES="nand-utils kmod-usb-ohci kmod-usb-ledtrig-usbport kmod-usb2 broadcom-4360-sprom kmod-i2c-gpio kmod-leds-sercomm-msp430" TARGET="bmips" SUBTARGET="bcm63268" VERSION_NUMBER="SNAPSHOT" VERSION_CODE="r34427-6865d489d2" SUPPORTED_DEVICES="sercomm,shg2500" KERNEL_SIZE="5120k" IMAGE_SIZE="" /home/mgta29/src/openwrt/scripts/json_add_image_info.py /home/mgta29/src/openwrt/build_dir/target-mips_mips32_musl/json_info_files/openwrt-bmips-bcm63268-sercomm_shg2500-initramfs.elf.json
[ -f /home/mgta29/src/openwrt/build_dir/target-mips_mips32_musl/linux-bmips_bcm63268/sercomm_shg2500-kernel.bin -a -f /home/mgta29/src/openwrt/build_dir/target-mips_mips32_musl/linux-bmips_bcm63268/root.squashfs ]
mips-openwrt-linux-musl-ld -r -b binary --oformat elf32-tradbigmips -o loader2.o loader.bin
[ -f /home/mgta29/src/openwrt/build_dir/target-mips_mips32_musl/linux-bmips_bcm63268/sercomm_shg2500-kernel.bin -a -f /home/mgta29/src/openwrt/build_dir/target-mips_mips32_musl/linux-bmips_bcm63268/root.squashfs ]
sh /home/mgta29/src/openwrt/scripts/sysupgrade-tar.sh --board sercomm_shg2500 --kernel /home/mgta29/src/openwrt/build_dir/target-mips_mips32_musl/linux-bmips_bcm63268/sercomm_shg2500-kernel.bin --rootfs /home/mgta29/src/openwrt/build_dir/target-mips_mips32_musl/linux-bmips_bcm63268/root.squashfs  /home/mgta29/src/openwrt/build_dir/target-mips_mips32_musl/linux-bmips_bcm63268/tmp/openwrt-bmips-bcm63268-sercomm_shg2500-squashfs-sysupgrade.bin
rm /home/mgta29/src/openwrt/build_dir/target-mips_mips32_musl/linux-bmips_bcm63268/tmp/openwrt-bmips-bcm63268-sercomm_h500-s-vfes-squashfs-factory.img.tmp
dd if=/home/mgta29/src/openwrt/build_dir/target-mips_mips32_musl/linux-bmips_bcm63268/sercomm_shg2500-kernel.bin >> /home/mgta29/src/openwrt/build_dir/target-mips_mips32_musl/linux-bmips_bcm63268/tmp/openwrt-bmips-bcm63268-sercomm_shg2500-squashfs-factory.img
/home/mgta29/src/openwrt/scripts/sercomm-partition-tag.py --input-file /home/mgta29/src/openwrt/build_dir/target-mips_mips32_musl/linux-bmips_bcm63268/tmp/openwrt-bmips-bcm63268-sercomm_h500-s-vfes-squashfs-factory.img --output-file /home/mgta29/src/openwrt/build_dir/target-mips_mips32_musl/linux-bmips_bcm63268/tmp/openwrt-bmips-bcm63268-sercomm_h500-s-vfes-squashfs-factory.img.kernel_rootfs --part-name kernel_rootfs --part-version OpenWrt --rootfs-version 1001
mips-openwrt-linux-musl-ld -e startup -T loader2.lds -Ttext 0x81000000 -o loader.elf loader2.o
sha256sum "/home/mgta29/src/openwrt/build_dir/target-mips_mips32_musl/linux-bmips_bcm63268/tmp/openwrt-bmips-bcm63268-sercomm_h500-s-vfes-squashfs-sysupgrade.bin" | cut -d" " -f1 > "/home/mgta29/src/openwrt/build_dir/target-mips_mips32_musl/linux-bmips_bcm63268/tmp/openwrt-bmips-bcm63268-sercomm_h500-s-vfes-squashfs-sysupgrade.bin.sha256sum"
6912+0 records in
6912+0 records out
3538944 bytes (3.5 MB, 3.4 MiB) copied, 0.009628 s, 368 MB/s
dd if=/home/mgta29/src/openwrt/build_dir/target-mips_mips32_musl/linux-bmips_bcm63268/tmp/openwrt-bmips-bcm63268-sercomm_shg2500-squashfs-factory.img of=/home/mgta29/src/openwrt/build_dir/target-mips_mips32_musl/linux-bmips_bcm63268/tmp/openwrt-bmips-bcm63268-sercomm_shg2500-squashfs-factory.img.new bs=5120k conv=sync
4020+1 records in
4021+0 records out
4117504 bytes (4.1 MB, 3.9 MiB) copied, 0.00513401 s, 802 MB/s
tar: Option --mtime: Treating date '@1778630369' as 2026-05-12 23:59:29
sysupgrade-sercomm_shg2500/
sysupgrade-sercomm_shg2500/CONTROL
sysupgrade-sercomm_shg2500/kernel
make[6]: Leaving directory '/home/mgta29/src/openwrt/build_dir/target-mips_mips32_musl/linux-bmips_bcm63268/tmp/openwrt-bmips-bcm63268-actiontec_t1200h-initramfs.elf.src'
sysupgrade-sercomm_shg2500/root
0+1 records in
1+0 records out
5242880 bytes (5.2 MB, 5.0 MiB) copied, 0.00666734 s, 786 MB/s
mv /home/mgta29/src/openwrt/build_dir/target-mips_mips32_musl/linux-bmips_bcm63268/tmp/openwrt-bmips-bcm63268-sercomm_shg2500-squashfs-factory.img.new /home/mgta29/src/openwrt/build_dir/target-mips_mips32_musl/linux-bmips_bcm63268/tmp/openwrt-bmips-bcm63268-sercomm_shg2500-squashfs-factory.img
[ ! -s "/home/mgta29/src/openwrt/key-build" -o ! -s "/home/mgta29/src/openwrt/key-build.ucert" -o ! -s "/home/mgta29/src/openwrt/build_dir/target-mips_mips32_musl/linux-bmips_bcm63268/tmp/openwrt-bmips-bcm63268-sercomm_h500-s-vfes-squashfs-sysupgrade.bin" ] || { cp "/home/mgta29/src/openwrt/key-build.ucert" "/home/mgta29/src/openwrt/build_dir/target-mips_mips32_musl/linux-bmips_bcm63268/tmp/openwrt-bmips-bcm63268-sercomm_h500-s-vfes-squashfs-sysupgrade.bin.ucert" ; usign -S -m "/home/mgta29/src/openwrt/build_dir/target-mips_mips32_musl/linux-bmips_bcm63268/tmp/openwrt-bmips-bcm63268-sercomm_h500-s-vfes-squashfs-sysupgrade.bin" -s "/home/mgta29/src/openwrt/key-build" -x "/home/mgta29/src/openwrt/build_dir/target-mips_mips32_musl/linux-bmips_bcm63268/tmp/openwrt-bmips-bcm63268-sercomm_h500-s-vfes-squashfs-sysupgrade.bin.sig" ; ucert -A -c "/home/mgta29/src/openwrt/build_dir/target-mips_mips32_musl/linux-bmips_bcm63268/tmp/openwrt-bmips-bcm63268-sercomm_h500-s-vfes-squashfs-sysupgrade.bin.ucert" -x "/home/mgta29/src/openwrt/build_dir/target-mips_mips32_musl/linux-bmips_bcm63268/tmp/openwrt-bmips-bcm63268-sercomm_h500-s-vfes-squashfs-sysupgrade.bin.sig" ; fwtool -S "/home/mgta29/src/openwrt/build_dir/target-mips_mips32_musl/linux-bmips_bcm63268/tmp/openwrt-bmips-bcm63268-sercomm_h500-s-vfes-squashfs-sysupgrade.bin.ucert" "/home/mgta29/src/openwrt/build_dir/target-mips_mips32_musl/linux-bmips_bcm63268/tmp/openwrt-bmips-bcm63268-sercomm_h500-s-vfes-squashfs-sysupgrade.bin" ; }
cp /home/mgta29/src/openwrt/build_dir/target-mips_mips32_musl/linux-bmips_bcm63268/tmp/openwrt-bmips-bcm63268-sercomm_h500-s-vfes-squashfs-sysupgrade.bin /home/mgta29/src/openwrt/bin/targets/bmips/bcm63268/openwrt-bmips-bcm63268-sercomm_h500-s-vfes-squashfs-sysupgrade.bin
sh /home/mgta29/src/openwrt/scripts/ubinize-image.sh    --rootfs /home/mgta29/src/openwrt/build_dir/target-mips_mips32_musl/linux-bmips_bcm63268/root.squashfs /home/mgta29/src/openwrt/build_dir/target-mips_mips32_musl/linux-bmips_bcm63268/tmp/openwrt-bmips-bcm63268-sercomm_shg2500-squashfs-factory.img.tmp -p 128KiB -m 2048 -s 512 -O 2048 -E 5
make[5]: Leaving directory '/home/mgta29/src/openwrt/target/linux/bmips/image/lzma-loader'
echo '{  "metadata_version": "1.1", "compat_version": "1.0",   "supported_devices":["sercomm,shg2500"], "version": { "dist": "OpenWrt", "version": "SNAPSHOT", "revision": "r34427-6865d489d2", "target": "bmips/bcm63268", "board": "sercomm_shg2500" } }' | fwtool -I - /home/mgta29/src/openwrt/build_dir/target-mips_mips32_musl/linux-bmips_bcm63268/tmp/openwrt-bmips-bcm63268-sercomm_shg2500-squashfs-sysupgrade.bin
[rootfs]
mode=ubi
vol_id=0
vol_type=dynamic
vol_name=rootfs
image=/home/mgta29/src/openwrt/build_dir/target-mips_mips32_musl/linux-bmips_bcm63268/root.squashfs
vol_size=4117504
[rootfs_data]
mode=ubi
vol_id=1
vol_type=dynamic
vol_name=rootfs_data
vol_size=1MiB
vol_flags=autoresize
DEVICE_ID="sercomm_h500-s-vfes" SOURCE_DATE_EPOCH=1778630369 FILE_NAME="openwrt-bmips-bcm63268-sercomm_h500-s-vfes-squashfs-sysupgrade.bin" FILE_DIR="/home/mgta29/src/openwrt/build_dir/target-mips_mips32_musl/linux-bmips_bcm63268/tmp" FILE_TYPE=sysupgrade FILE_FILESYSTEM="squashfs" DEVICE_IMG_PREFIX="openwrt-bmips-bcm63268-sercomm_h500-s-vfes" DEVICE_VENDOR="Sercomm" DEVICE_MODEL="H500-s" DEVICE_VARIANT="vfes" DEVICE_ALT0_VENDOR="" DEVICE_ALT0_MODEL="" DEVICE_ALT0_VARIANT="" DEVICE_ALT1_VENDOR="" DEVICE_ALT1_MODEL="" DEVICE_ALT1_VARIANT="" DEVICE_ALT2_VENDOR="" DEVICE_ALT2_MODEL="" DEVICE_ALT2_VARIANT="" DEVICE_ALT3_VENDOR="" DEVICE_ALT3_MODEL="" DEVICE_ALT3_VARIANT="" DEVICE_ALT4_VENDOR="" DEVICE_ALT4_MODEL="" DEVICE_ALT4_VARIANT="" DEVICE_ALT5_VENDOR="" DEVICE_ALT5_MODEL="" DEVICE_ALT5_VARIANT="" DEVICE_TITLE="Sercomm H500-s vfes" DEVICE_PACKAGES="nand-utils kmod-usb-ohci kmod-usb-ledtrig-usbport kmod-usb2 kmod-leds-bcm6328" TARGET="bmips" SUBTARGET="bcm63268" VERSION_NUMBER="SNAPSHOT" VERSION_CODE="r34427-6865d489d2" SUPPORTED_DEVICES="sercomm,h500-s-vfes" KERNEL_SIZE="5120k" IMAGE_SIZE="" /home/mgta29/src/openwrt/scripts/json_add_image_info.py /home/mgta29/src/openwrt/build_dir/target-mips_mips32_musl/json_info_files/openwrt-bmips-bcm63268-sercomm_h500-s-vfes-squashfs-sysupgrade.bin.json
cat /home/mgta29/src/openwrt/build_dir/target-mips_mips32_musl/linux-bmips_bcm63268/tmp/openwrt-bmips-bcm63268-sercomm_shg2500-squashfs-factory.img.tmp >> /home/mgta29/src/openwrt/build_dir/target-mips_mips32_musl/linux-bmips_bcm63268/tmp/openwrt-bmips-bcm63268-sercomm_shg2500-squashfs-factory.img
cp /home/mgta29/src/openwrt/build_dir/target-mips_mips32_musl/linux-bmips_bcm63268/tmp/openwrt-bmips-bcm63268-actiontec_t1200h-initramfs.elf /home/mgta29/src/openwrt/bin/targets/bmips/bcm63268/openwrt-bmips-bcm63268-actiontec_t1200h-initramfs.elf
rm /home/mgta29/src/openwrt/build_dir/target-mips_mips32_musl/linux-bmips_bcm63268/tmp/openwrt-bmips-bcm63268-sercomm_shg2500-squashfs-factory.img.tmp
b'kernel_rootfs\x00\x00\x00\x00\x00\x00\x00\x00\x00\x00\x00\x00\x00\x00\x00\x00\x00\x00\x0010485760\x00\x00\x00\x00\x00\x00\x00\x00\x00\x00\x00\x00\x00\x00\x00\x00\x00\x00\x00\x00\x00\x00\x00\x00OpenWrt\x00\x00\x00\x00\x00\x00\x00\x00\x00\x00\x00\x00\x00\x00\x00\x00\x00\x00\x00\x00\x00\x00\x00\x00\x00\x00\x00\x00\x00\x00\x00\x00\x00\x00\x00\x00\x00\x00\x00\x00\x00\x00\x00\x00\x00\x00\x00\x00\x00\x00\x00\x00\x00\x00\x00\x00\x001001\x00\x00\x00\x00\x00\x00\x00\x00\x00\x00\x00\x00\x00\x00\x00\x00\x00\x00\x00\x00\x00\x00\x00\x00\x00\x00\x00\x00'
/home/mgta29/src/openwrt/scripts/sercomm-partition-tag.py --input-file /home/mgta29/src/openwrt/build_dir/target-mips_mips32_musl/linux-bmips_bcm63268/tmp/openwrt-bmips-bcm63268-sercomm_shg2500-squashfs-factory.img --output-file /home/mgta29/src/openwrt/build_dir/target-mips_mips32_musl/linux-bmips_bcm63268/tmp/openwrt-bmips-bcm63268-sercomm_shg2500-squashfs-factory.img.kernel_rootfs --part-name kernel_rootfs --part-version OpenWrt --rootfs-version 1001
rm -rf /home/mgta29/src/openwrt/build_dir/target-mips_mips32_musl/linux-bmips_bcm63268/tmp/openwrt-bmips-bcm63268-sercomm_h500-s-vfes-squashfs-factory.img-rootfs_lib
mkdir -p /home/mgta29/src/openwrt/build_dir/target-mips_mips32_musl/linux-bmips_bcm63268/tmp/openwrt-bmips-bcm63268-sercomm_h500-s-vfes-squashfs-factory.img-rootfs_lib
sha256sum "/home/mgta29/src/openwrt/build_dir/target-mips_mips32_musl/linux-bmips_bcm63268/tmp/openwrt-bmips-bcm63268-sercomm_shg2500-squashfs-sysupgrade.bin" | cut -d" " -f1 > "/home/mgta29/src/openwrt/build_dir/target-mips_mips32_musl/linux-bmips_bcm63268/tmp/openwrt-bmips-bcm63268-sercomm_shg2500-squashfs-sysupgrade.bin.sha256sum"
echo 1001 > /home/mgta29/src/openwrt/build_dir/target-mips_mips32_musl/linux-bmips_bcm63268/tmp/openwrt-bmips-bcm63268-sercomm_h500-s-vfes-squashfs-factory.img-rootfs_lib/lib_ver
DEVICE_ID="actiontec_t1200h" SOURCE_DATE_EPOCH=1778630369 FILE_NAME="openwrt-bmips-bcm63268-actiontec_t1200h-initramfs.elf" FILE_DIR="/home/mgta29/src/openwrt/build_dir/target-mips_mips32_musl/linux-bmips_bcm63268/tmp" FILE_TYPE="kernel" FILE_FILESYSTEM="initramfs" DEVICE_IMG_PREFIX="openwrt-bmips-bcm63268-actiontec_t1200h" DEVICE_VENDOR="Actiontec" DEVICE_MODEL="T1200H" DEVICE_VARIANT="" DEVICE_ALT0_VENDOR="" DEVICE_ALT0_MODEL="" DEVICE_ALT0_VARIANT="" DEVICE_ALT1_VENDOR="" DEVICE_ALT1_MODEL="" DEVICE_ALT1_VARIANT="" DEVICE_ALT2_VENDOR="" DEVICE_ALT2_MODEL="" DEVICE_ALT2_VARIANT="" DEVICE_ALT3_VENDOR="" DEVICE_ALT3_MODEL="" DEVICE_ALT3_VARIANT="" DEVICE_ALT4_VENDOR="" DEVICE_ALT4_MODEL="" DEVICE_ALT4_VARIANT="" DEVICE_ALT5_VENDOR="" DEVICE_ALT5_MODEL="" DEVICE_ALT5_VARIANT="" DEVICE_TITLE="Actiontec T1200H" DEVICE_PACKAGES="nand-utils kmod-usb-ohci kmod-usb-ledtrig-usbport kmod-usb2 kmod-leds-gpio" TARGET="bmips" SUBTARGET="bcm63268" VERSION_NUMBER="SNAPSHOT" VERSION_CODE="r34427-6865d489d2" SUPPORTED_DEVICES="actiontec,t1200h" KERNEL_SIZE="5120k" IMAGE_SIZE="" /home/mgta29/src/openwrt/scripts/json_add_image_info.py /home/mgta29/src/openwrt/build_dir/target-mips_mips32_musl/json_info_files/openwrt-bmips-bcm63268-actiontec_t1200h-initramfs.elf.json
/home/mgta29/src/openwrt/staging_dir/host/bin/mkfs.jffs2 --big-endian --pad --no-cleanmarkers --eraseblock=128KiB --root=/home/mgta29/src/openwrt/build_dir/target-mips_mips32_musl/linux-bmips_bcm63268/tmp/openwrt-bmips-bcm63268-sercomm_h500-s-vfes-squashfs-factory.img-rootfs_lib --output=/home/mgta29/src/openwrt/build_dir/target-mips_mips32_musl/linux-bmips_bcm63268/tmp/openwrt-bmips-bcm63268-sercomm_h500-s-vfes-squashfs-factory.img --compression-mode=none
[ -f /home/mgta29/src/openwrt/build_dir/target-mips_mips32_musl/linux-bmips_bcm63268/actiontec_t1200h-kernel.bin -a -f /home/mgta29/src/openwrt/build_dir/target-mips_mips32_musl/linux-bmips_bcm63268/root.squashfs ]
[ -f /home/mgta29/src/openwrt/build_dir/target-mips_mips32_musl/linux-bmips_bcm63268/actiontec_t1200h-kernel.bin -a -f /home/mgta29/src/openwrt/build_dir/target-mips_mips32_musl/linux-bmips_bcm63268/root.squashfs ]
dd if=/home/mgta29/src/openwrt/build_dir/target-mips_mips32_musl/linux-bmips_bcm63268/actiontec_t1200h-kernel.bin >> /home/mgta29/src/openwrt/build_dir/target-mips_mips32_musl/linux-bmips_bcm63268/tmp/openwrt-bmips-bcm63268-actiontec_t1200h-squashfs-cfe.bin
sh /home/mgta29/src/openwrt/scripts/sysupgrade-tar.sh --board actiontec_t1200h --kernel /home/mgta29/src/openwrt/build_dir/target-mips_mips32_musl/linux-bmips_bcm63268/actiontec_t1200h-kernel.bin --rootfs /home/mgta29/src/openwrt/build_dir/target-mips_mips32_musl/linux-bmips_bcm63268/root.squashfs  /home/mgta29/src/openwrt/build_dir/target-mips_mips32_musl/linux-bmips_bcm63268/tmp/openwrt-bmips-bcm63268-actiontec_t1200h-squashfs-sysupgrade.bin
mips-openwrt-linux-musl-ld -r -b binary --oformat elf32-tradbigmips -T lzma-data.lds -o data.o /home/mgta29/src/openwrt/build_dir/target-mips_mips32_musl/linux-bmips_bcm63268/tmp/openwrt-bmips-bcm63268-sagem_fast-3864-op-initramfs.elf
[ ! -s "/home/mgta29/src/openwrt/key-build" -o ! -s "/home/mgta29/src/openwrt/key-build.ucert" -o ! -s "/home/mgta29/src/openwrt/build_dir/target-mips_mips32_musl/linux-bmips_bcm63268/tmp/openwrt-bmips-bcm63268-sercomm_shg2500-squashfs-sysupgrade.bin" ] || { cp "/home/mgta29/src/openwrt/key-build.ucert" "/home/mgta29/src/openwrt/build_dir/target-mips_mips32_musl/linux-bmips_bcm63268/tmp/openwrt-bmips-bcm63268-sercomm_shg2500-squashfs-sysupgrade.bin.ucert" ; usign -S -m "/home/mgta29/src/openwrt/build_dir/target-mips_mips32_musl/linux-bmips_bcm63268/tmp/openwrt-bmips-bcm63268-sercomm_shg2500-squashfs-sysupgrade.bin" -s "/home/mgta29/src/openwrt/key-build" -x "/home/mgta29/src/openwrt/build_dir/target-mips_mips32_musl/linux-bmips_bcm63268/tmp/openwrt-bmips-bcm63268-sercomm_shg2500-squashfs-sysupgrade.bin.sig" ; ucert -A -c "/home/mgta29/src/openwrt/build_dir/target-mips_mips32_musl/linux-bmips_bcm63268/tmp/openwrt-bmips-bcm63268-sercomm_shg2500-squashfs-sysupgrade.bin.ucert" -x "/home/mgta29/src/openwrt/build_dir/target-mips_mips32_musl/linux-bmips_bcm63268/tmp/openwrt-bmips-bcm63268-sercomm_shg2500-squashfs-sysupgrade.bin.sig" ; fwtool -S "/home/mgta29/src/openwrt/build_dir/target-mips_mips32_musl/linux-bmips_bcm63268/tmp/openwrt-bmips-bcm63268-sercomm_shg2500-squashfs-sysupgrade.bin.ucert" "/home/mgta29/src/openwrt/build_dir/target-mips_mips32_musl/linux-bmips_bcm63268/tmp/openwrt-bmips-bcm63268-sercomm_shg2500-squashfs-sysupgrade.bin" ; }
cp /home/mgta29/src/openwrt/build_dir/target-mips_mips32_musl/linux-bmips_bcm63268/tmp/openwrt-bmips-bcm63268-sercomm_shg2500-squashfs-sysupgrade.bin /home/mgta29/src/openwrt/bin/targets/bmips/bcm63268/openwrt-bmips-bcm63268-sercomm_shg2500-squashfs-sysupgrade.bin
dd if=/home/mgta29/src/openwrt/build_dir/target-mips_mips32_musl/linux-bmips_bcm63268/tmp/openwrt-bmips-bcm63268-sercomm_h500-s-vfes-squashfs-factory.img of=/home/mgta29/src/openwrt/build_dir/target-mips_mips32_musl/linux-bmips_bcm63268/tmp/openwrt-bmips-bcm63268-sercomm_h500-s-vfes-squashfs-factory.img.new bs=128k conv=sync
1+0 records in
1+0 records out
6912+0 records in
6912+0 records out
3538944 bytes (3.5 MB, 3.4 MiB) copied, 0.00804444 s, 440 MB/s
131072 bytes (131 kB, 128 KiB) copied, 0.000191132 s, 686 MB/s
mv /home/mgta29/src/openwrt/build_dir/target-mips_mips32_musl/linux-bmips_bcm63268/tmp/openwrt-bmips-bcm63268-sercomm_h500-s-vfes-squashfs-factory.img.new /home/mgta29/src/openwrt/build_dir/target-mips_mips32_musl/linux-bmips_bcm63268/tmp/openwrt-bmips-bcm63268-sercomm_h500-s-vfes-squashfs-factory.img
dd if=/home/mgta29/src/openwrt/build_dir/target-mips_mips32_musl/linux-bmips_bcm63268/tmp/openwrt-bmips-bcm63268-actiontec_t1200h-squashfs-cfe.bin of=/home/mgta29/src/openwrt/build_dir/target-mips_mips32_musl/linux-bmips_bcm63268/tmp/openwrt-bmips-bcm63268-actiontec_t1200h-squashfs-cfe.bin.new bs=5120k conv=sync
dd if=/home/mgta29/src/openwrt/build_dir/target-mips_mips32_musl/linux-bmips_bcm63268/tmp/openwrt-bmips-bcm63268-sercomm_h500-s-vfes-squashfs-factory.img of=/home/mgta29/src/openwrt/build_dir/target-mips_mips32_musl/linux-bmips_bcm63268/tmp/openwrt-bmips-bcm63268-sercomm_h500-s-vfes-squashfs-factory.img.new bs=128k conv=sync
mips-openwrt-linux-musl-ld -static --gc-sections -no-warn-mismatch -e startup -T loader.lds -Ttext 0x82000000 -o loader head.o loader.o cache.o board.o printf.o LzmaDecode.o data.o
4020+1 records in
4021+0 records out
4117504 bytes (4.1 MB, 3.9 MiB) copied, 0.00514246 s, 801 MB/s
1+0 records in
1+0 records out
131072 bytes (131 kB, 128 KiB) copied, 0.000164876 s, 795 MB/s
mv /home/mgta29/src/openwrt/build_dir/target-mips_mips32_musl/linux-bmips_bcm63268/tmp/openwrt-bmips-bcm63268-sercomm_h500-s-vfes-squashfs-factory.img.new /home/mgta29/src/openwrt/build_dir/target-mips_mips32_musl/linux-bmips_bcm63268/tmp/openwrt-bmips-bcm63268-sercomm_h500-s-vfes-squashfs-factory.img
0+1 records in
1+0 records out
5242880 bytes (5.2 MB, 5.0 MiB) copied, 0.00554223 s, 946 MB/s
mv /home/mgta29/src/openwrt/build_dir/target-mips_mips32_musl/linux-bmips_bcm63268/tmp/openwrt-bmips-bcm63268-actiontec_t1200h-squashfs-cfe.bin.new /home/mgta29/src/openwrt/build_dir/target-mips_mips32_musl/linux-bmips_bcm63268/tmp/openwrt-bmips-bcm63268-actiontec_t1200h-squashfs-cfe.bin
/home/mgta29/src/openwrt/scripts/sercomm-partition-tag.py --input-file /home/mgta29/src/openwrt/build_dir/target-mips_mips32_musl/linux-bmips_bcm63268/tmp/openwrt-bmips-bcm63268-sercomm_h500-s-vfes-squashfs-factory.img --output-file /home/mgta29/src/openwrt/build_dir/target-mips_mips32_musl/linux-bmips_bcm63268/tmp/openwrt-bmips-bcm63268-sercomm_h500-s-vfes-squashfs-factory.img.rootfs_lib --part-name rootfs_lib --part-version 1001
tar: Option --mtime: Treating date '@1778630369' as 2026-05-12 23:59:29
sysupgrade-actiontec_t1200h/
sysupgrade-actiontec_t1200h/CONTROL
sysupgrade-actiontec_t1200h/kernel
sysupgrade-actiontec_t1200h/root
mv /home/mgta29/src/openwrt/build_dir/target-mips_mips32_musl/linux-bmips_bcm63268/tmp/openwrt-bmips-bcm63268-actiontec_t1200h-squashfs-cfe.bin /home/mgta29/src/openwrt/build_dir/target-mips_mips32_musl/linux-bmips_bcm63268/tmp/openwrt-bmips-bcm63268-actiontec_t1200h-squashfs-cfe.bin.kernel
DEVICE_ID="sercomm_shg2500" SOURCE_DATE_EPOCH=1778630369 FILE_NAME="openwrt-bmips-bcm63268-sercomm_shg2500-squashfs-sysupgrade.bin" FILE_DIR="/home/mgta29/src/openwrt/build_dir/target-mips_mips32_musl/linux-bmips_bcm63268/tmp" FILE_TYPE=sysupgrade FILE_FILESYSTEM="squashfs" DEVICE_IMG_PREFIX="openwrt-bmips-bcm63268-sercomm_shg2500" DEVICE_VENDOR="Sercomm" DEVICE_MODEL="SHG2500" DEVICE_VARIANT="" DEVICE_ALT0_VENDOR="" DEVICE_ALT0_MODEL="" DEVICE_ALT0_VARIANT="" DEVICE_ALT1_VENDOR="" DEVICE_ALT1_MODEL="" DEVICE_ALT1_VARIANT="" DEVICE_ALT2_VENDOR="" DEVICE_ALT2_MODEL="" DEVICE_ALT2_VARIANT="" DEVICE_ALT3_VENDOR="" DEVICE_ALT3_MODEL="" DEVICE_ALT3_VARIANT="" DEVICE_ALT4_VENDOR="" DEVICE_ALT4_MODEL="" DEVICE_ALT4_VARIANT="" DEVICE_ALT5_VENDOR="" DEVICE_ALT5_MODEL="" DEVICE_ALT5_VARIANT="" DEVICE_TITLE="Sercomm SHG2500" DEVICE_PACKAGES="nand-utils kmod-usb-ohci kmod-usb-ledtrig-usbport kmod-usb2 broadcom-4360-sprom kmod-i2c-gpio kmod-leds-sercomm-msp430" TARGET="bmips" SUBTARGET="bcm63268" VERSION_NUMBER="SNAPSHOT" VERSION_CODE="r34427-6865d489d2" SUPPORTED_DEVICES="sercomm,shg2500" KERNEL_SIZE="5120k" IMAGE_SIZE="" /home/mgta29/src/openwrt/scripts/json_add_image_info.py /home/mgta29/src/openwrt/build_dir/target-mips_mips32_musl/json_info_files/openwrt-bmips-bcm63268-sercomm_shg2500-squashfs-sysupgrade.bin.json
mips-openwrt-linux-musl-objcopy -O binary -R .reginfo -R .note -R .comment -R .mdebug -R .MIPS.abiflags -S loader loader.bin
rm -rf /home/mgta29/src/openwrt/build_dir/target-mips_mips32_musl/linux-bmips_bcm63268/tmp/openwrt-bmips-bcm63268-actiontec_t1200h-squashfs-cfe.bin-cferam
mkdir -p /home/mgta29/src/openwrt/build_dir/target-mips_mips32_musl/linux-bmips_bcm63268/tmp/openwrt-bmips-bcm63268-actiontec_t1200h-squashfs-cfe.bin-cferam
# CFE ROM checks JFFS2 dirent version of cferam.
# If version is not > 0 it will ignore the fs entry.
# JFFS2 sets version 0 to the first fs entry and increments
echo '{  "metadata_version": "1.1", "compat_version": "1.0",   "supported_devices":["actiontec,t1200h"], "version": { "dist": "OpenWrt", "version": "SNAPSHOT", "revision": "r34427-6865d489d2", "target": "bmips/bcm63268", "board": "actiontec_t1200h" } }' | fwtool -I - /home/mgta29/src/openwrt/build_dir/target-mips_mips32_musl/linux-bmips_bcm63268/tmp/openwrt-bmips-bcm63268-actiontec_t1200h-squashfs-sysupgrade.bin
# it on the following ones, so let's create a dummy file that
b'kernel_rootfs\x00\x00\x00\x00\x00\x00\x00\x00\x00\x00\x00\x00\x00\x00\x00\x00\x00\x00\x0010485760\x00\x00\x00\x00\x00\x00\x00\x00\x00\x00\x00\x00\x00\x00\x00\x00\x00\x00\x00\x00\x00\x00\x00\x00OpenWrt\x00\x00\x00\x00\x00\x00\x00\x00\x00\x00\x00\x00\x00\x00\x00\x00\x00\x00\x00\x00\x00\x00\x00\x00\x00\x00\x00\x00\x00\x00\x00\x00\x00\x00\x00\x00\x00\x00\x00\x00\x00\x00\x00\x00\x00\x00\x00\x00\x00\x00\x00\x00\x00\x00\x00\x00\x001001\x00\x00\x00\x00\x00\x00\x00\x00\x00\x00\x00\x00\x00\x00\x00\x00\x00\x00\x00\x00\x00\x00\x00\x00\x00\x00\x00\x00'
# will have version 0 and let cferam be the second (version 1).
mips-openwrt-linux-musl-ld -r -b binary --oformat elf32-tradbigmips -o loader2.o loader.bin
touch /home/mgta29/src/openwrt/build_dir/target-mips_mips32_musl/linux-bmips_bcm63268/tmp/openwrt-bmips-bcm63268-actiontec_t1200h-squashfs-cfe.bin-cferam/1-openwrt
# Add cferam as the last file in the JFFS2 partition
cp /home/mgta29/src/openwrt/staging_dir/target-mips_mips32_musl/image/bcm63xx-cfe/actiontec,t1200h/cferam.000 /home/mgta29/src/openwrt/build_dir/target-mips_mips32_musl/linux-bmips_bcm63268/tmp/openwrt-bmips-bcm63268-actiontec_t1200h-squashfs-cfe.bin-cferam/cferam.000
rm -rf /home/mgta29/src/openwrt/build_dir/target-mips_mips32_musl/linux-bmips_bcm63268/tmp/openwrt-bmips-bcm63268-sercomm_shg2500-squashfs-factory.img-rootfs_lib
mkdir -p /home/mgta29/src/openwrt/build_dir/target-mips_mips32_musl/linux-bmips_bcm63268/tmp/openwrt-bmips-bcm63268-sercomm_shg2500-squashfs-factory.img-rootfs_lib
# The JFFS2 partition creation should result in the following
mips-openwrt-linux-musl-ld -e startup -T loader2.lds -Ttext 0x81000000 -o loader.elf loader2.o
echo 1001 > /home/mgta29/src/openwrt/build_dir/target-mips_mips32_musl/linux-bmips_bcm63268/tmp/openwrt-bmips-bcm63268-sercomm_shg2500-squashfs-factory.img-rootfs_lib/lib_ver
# layout:
/home/mgta29/src/openwrt/staging_dir/host/bin/mkfs.jffs2 --big-endian --pad --no-cleanmarkers --eraseblock=128KiB --root=/home/mgta29/src/openwrt/build_dir/target-mips_mips32_musl/linux-bmips_bcm63268/tmp/openwrt-bmips-bcm63268-sercomm_shg2500-squashfs-factory.img-rootfs_lib --output=/home/mgta29/src/openwrt/build_dir/target-mips_mips32_musl/linux-bmips_bcm63268/tmp/openwrt-bmips-bcm63268-sercomm_shg2500-squashfs-factory.img --compression-mode=none
# 1) 1-openwrt (version 0, ino 2)
# 2) cferam.000 (version 1, ino 3)
/home/mgta29/src/openwrt/staging_dir/host/bin/mkfs.jffs2 --big-endian --pad --no-cleanmarkers --eraseblock=128KiB --root=/home/mgta29/src/openwrt/build_dir/target-mips_mips32_musl/linux-bmips_bcm63268/tmp/openwrt-bmips-bcm63268-actiontec_t1200h-squashfs-cfe.bin-cferam --output=/home/mgta29/src/openwrt/build_dir/target-mips_mips32_musl/linux-bmips_bcm63268/tmp/openwrt-bmips-bcm63268-actiontec_t1200h-squashfs-cfe.bin --compression-mode=none
b'rootfs_lib\x00\x00\x00\x00\x00\x00\x00\x00\x00\x00\x00\x00\x00\x00\x00\x00\x00\x00\x00\x00\x00\x00131072\x00\x00\x00\x00\x00\x00\x00\x00\x00\x00\x00\x00\x00\x00\x00\x00\x00\x00\x00\x00\x00\x00\x00\x00\x00\x001001\x00\x00\x00\x00\x00\x00\x00\x00\x00\x00\x00\x00\x00\x00\x00\x00\x00\x00\x00\x00\x00\x00\x00\x00\x00\x00\x00\x00\x00\x00\x00\x00\x00\x00\x00\x00\x00\x00\x00\x00\x00\x00\x00\x00\x00\x00\x00\x00\x00\x00\x00\x00\x00\x00\x00\x00\x00\x00\x00\x00\x00\x00\x00\x00\x00\x00\x00\x00\x00\x00\x00\x00\x00\x00\x00\x00\x00\x00\x00\x00\x00\x00\x00\x00\x00\x00\x00\x00\x00\x00\x00\x00'
make[6]: Leaving directory '/home/mgta29/src/openwrt/build_dir/target-mips_mips32_musl/linux-bmips_bcm63268/tmp/openwrt-bmips-bcm63268-sagem_fast-3864-op-initramfs.elf.src'
dd if=/home/mgta29/src/openwrt/build_dir/target-mips_mips32_musl/linux-bmips_bcm63268/tmp/openwrt-bmips-bcm63268-actiontec_t1200h-squashfs-cfe.bin of=/home/mgta29/src/openwrt/build_dir/target-mips_mips32_musl/linux-bmips_bcm63268/tmp/openwrt-bmips-bcm63268-actiontec_t1200h-squashfs-cfe.bin.new bs=128k conv=sync
sha256sum "/home/mgta29/src/openwrt/build_dir/target-mips_mips32_musl/linux-bmips_bcm63268/tmp/openwrt-bmips-bcm63268-actiontec_t1200h-squashfs-sysupgrade.bin" | cut -d" " -f1 > "/home/mgta29/src/openwrt/build_dir/target-mips_mips32_musl/linux-bmips_bcm63268/tmp/openwrt-bmips-bcm63268-actiontec_t1200h-squashfs-sysupgrade.bin.sha256sum"
dd if=/home/mgta29/src/openwrt/build_dir/target-mips_mips32_musl/linux-bmips_bcm63268/tmp/openwrt-bmips-bcm63268-sercomm_shg2500-squashfs-factory.img of=/home/mgta29/src/openwrt/build_dir/target-mips_mips32_musl/linux-bmips_bcm63268/tmp/openwrt-bmips-bcm63268-sercomm_shg2500-squashfs-factory.img.new bs=128k conv=sync
2+0 records in
2+0 records out
262144 bytes (262 kB, 256 KiB) copied, 0.00023993 s, 1.1 GB/s
mv /home/mgta29/src/openwrt/build_dir/target-mips_mips32_musl/linux-bmips_bcm63268/tmp/openwrt-bmips-bcm63268-actiontec_t1200h-squashfs-cfe.bin.new /home/mgta29/src/openwrt/build_dir/target-mips_mips32_musl/linux-bmips_bcm63268/tmp/openwrt-bmips-bcm63268-actiontec_t1200h-squashfs-cfe.bin
mv /home/mgta29/src/openwrt/build_dir/target-mips_mips32_musl/linux-bmips_bcm63268/tmp/openwrt-bmips-bcm63268-sercomm_h500-s-vfes-squashfs-factory.img.kernel_rootfs /home/mgta29/src/openwrt/build_dir/target-mips_mips32_musl/linux-bmips_bcm63268/tmp/openwrt-bmips-bcm63268-sercomm_h500-s-vfes-squashfs-factory.img
1+0 records in
1+0 records out
131072 bytes (131 kB, 128 KiB) copied, 0.000209608 s, 625 MB/s
mv /home/mgta29/src/openwrt/build_dir/target-mips_mips32_musl/linux-bmips_bcm63268/tmp/openwrt-bmips-bcm63268-sercomm_shg2500-squashfs-factory.img.new /home/mgta29/src/openwrt/build_dir/target-mips_mips32_musl/linux-bmips_bcm63268/tmp/openwrt-bmips-bcm63268-sercomm_shg2500-squashfs-factory.img
# Some devices need padding between CFE RAM and kernel
dd if=/home/mgta29/src/openwrt/build_dir/target-mips_mips32_musl/linux-bmips_bcm63268/tmp/openwrt-bmips-bcm63268-sercomm_h500-s-vfes-squashfs-factory.img.rootfs_lib >> /home/mgta29/src/openwrt/build_dir/target-mips_mips32_musl/linux-bmips_bcm63268/tmp/openwrt-bmips-bcm63268-sercomm_h500-s-vfes-squashfs-factory.img
dd if=/home/mgta29/src/openwrt/build_dir/target-mips_mips32_musl/linux-bmips_bcm63268/tmp/openwrt-bmips-bcm63268-sercomm_shg2500-squashfs-factory.img of=/home/mgta29/src/openwrt/build_dir/target-mips_mips32_musl/linux-bmips_bcm63268/tmp/openwrt-bmips-bcm63268-sercomm_shg2500-squashfs-factory.img.new bs=128k conv=sync
# Add CFE partition tag
make[5]: Leaving directory '/home/mgta29/src/openwrt/target/linux/bmips/image/lzma-loader'
# Append kernel
1+0 records in
1+0 records out
131072 bytes (131 kB, 128 KiB) copied, 0.000189692 s, 691 MB/s
256+1 records in
256+1 records out
mv /home/mgta29/src/openwrt/build_dir/target-mips_mips32_musl/linux-bmips_bcm63268/tmp/openwrt-bmips-bcm63268-sercomm_shg2500-squashfs-factory.img.new /home/mgta29/src/openwrt/build_dir/target-mips_mips32_musl/linux-bmips_bcm63268/tmp/openwrt-bmips-bcm63268-sercomm_shg2500-squashfs-factory.img
131232 bytes (131 kB, 128 KiB) copied, 0.000399408 s, 329 MB/s
/home/mgta29/src/openwrt/staging_dir/host/bin/gzip -f -9n -c /home/mgta29/src/openwrt/build_dir/target-mips_mips32_musl/linux-bmips_bcm63268/tmp/openwrt-bmips-bcm63268-sercomm_h500-s-vfes-squashfs-factory.img  > /home/mgta29/src/openwrt/build_dir/target-mips_mips32_musl/linux-bmips_bcm63268/tmp/openwrt-bmips-bcm63268-sercomm_h500-s-vfes-squashfs-factory.img.new
dd if=/home/mgta29/src/openwrt/build_dir/target-mips_mips32_musl/linux-bmips_bcm63268/tmp/openwrt-bmips-bcm63268-actiontec_t1200h-squashfs-cfe.bin.kernel >> /home/mgta29/src/openwrt/build_dir/target-mips_mips32_musl/linux-bmips_bcm63268/tmp/openwrt-bmips-bcm63268-actiontec_t1200h-squashfs-cfe.bin
[ ! -s "/home/mgta29/src/openwrt/key-build" -o ! -s "/home/mgta29/src/openwrt/key-build.ucert" -o ! -s "/home/mgta29/src/openwrt/build_dir/target-mips_mips32_musl/linux-bmips_bcm63268/tmp/openwrt-bmips-bcm63268-actiontec_t1200h-squashfs-sysupgrade.bin" ] || { cp "/home/mgta29/src/openwrt/key-build.ucert" "/home/mgta29/src/openwrt/build_dir/target-mips_mips32_musl/linux-bmips_bcm63268/tmp/openwrt-bmips-bcm63268-actiontec_t1200h-squashfs-sysupgrade.bin.ucert" ; usign -S -m "/home/mgta29/src/openwrt/build_dir/target-mips_mips32_musl/linux-bmips_bcm63268/tmp/openwrt-bmips-bcm63268-actiontec_t1200h-squashfs-sysupgrade.bin" -s "/home/mgta29/src/openwrt/key-build" -x "/home/mgta29/src/openwrt/build_dir/target-mips_mips32_musl/linux-bmips_bcm63268/tmp/openwrt-bmips-bcm63268-actiontec_t1200h-squashfs-sysupgrade.bin.sig" ; ucert -A -c "/home/mgta29/src/openwrt/build_dir/target-mips_mips32_musl/linux-bmips_bcm63268/tmp/openwrt-bmips-bcm63268-actiontec_t1200h-squashfs-sysupgrade.bin.ucert" -x "/home/mgta29/src/openwrt/build_dir/target-mips_mips32_musl/linux-bmips_bcm63268/tmp/openwrt-bmips-bcm63268-actiontec_t1200h-squashfs-sysupgrade.bin.sig" ; fwtool -S "/home/mgta29/src/openwrt/build_dir/target-mips_mips32_musl/linux-bmips_bcm63268/tmp/openwrt-bmips-bcm63268-actiontec_t1200h-squashfs-sysupgrade.bin.ucert" "/home/mgta29/src/openwrt/build_dir/target-mips_mips32_musl/linux-bmips_bcm63268/tmp/openwrt-bmips-bcm63268-actiontec_t1200h-squashfs-sysupgrade.bin" ; }
cp /home/mgta29/src/openwrt/build_dir/target-mips_mips32_musl/linux-bmips_bcm63268/tmp/openwrt-bmips-bcm63268-actiontec_t1200h-squashfs-sysupgrade.bin /home/mgta29/src/openwrt/bin/targets/bmips/bcm63268/openwrt-bmips-bcm63268-actiontec_t1200h-squashfs-sysupgrade.bin
/home/mgta29/src/openwrt/scripts/sercomm-partition-tag.py --input-file /home/mgta29/src/openwrt/build_dir/target-mips_mips32_musl/linux-bmips_bcm63268/tmp/openwrt-bmips-bcm63268-sercomm_shg2500-squashfs-factory.img --output-file /home/mgta29/src/openwrt/build_dir/target-mips_mips32_musl/linux-bmips_bcm63268/tmp/openwrt-bmips-bcm63268-sercomm_shg2500-squashfs-factory.img.rootfs_lib --part-name rootfs_lib --part-version 1001
10240+0 records in
10240+0 records out
5242880 bytes (5.2 MB, 5.0 MiB) copied, 0.00979081 s, 535 MB/s
rm -f /home/mgta29/src/openwrt/build_dir/target-mips_mips32_musl/linux-bmips_bcm63268/tmp/openwrt-bmips-bcm63268-actiontec_t1200h-squashfs-cfe.bin.kernel
cp /home/mgta29/src/openwrt/build_dir/target-mips_mips32_musl/linux-bmips_bcm63268/tmp/openwrt-bmips-bcm63268-sagem_fast-3864-op-initramfs.elf /home/mgta29/src/openwrt/bin/targets/bmips/bcm63268/openwrt-bmips-bcm63268-sagem_fast-3864-op-initramfs.elf
DEVICE_ID="actiontec_t1200h" SOURCE_DATE_EPOCH=1778630369 FILE_NAME="openwrt-bmips-bcm63268-actiontec_t1200h-squashfs-sysupgrade.bin" FILE_DIR="/home/mgta29/src/openwrt/build_dir/target-mips_mips32_musl/linux-bmips_bcm63268/tmp" FILE_TYPE=sysupgrade FILE_FILESYSTEM="squashfs" DEVICE_IMG_PREFIX="openwrt-bmips-bcm63268-actiontec_t1200h" DEVICE_VENDOR="Actiontec" DEVICE_MODEL="T1200H" DEVICE_VARIANT="" DEVICE_ALT0_VENDOR="" DEVICE_ALT0_MODEL="" DEVICE_ALT0_VARIANT="" DEVICE_ALT1_VENDOR="" DEVICE_ALT1_MODEL="" DEVICE_ALT1_VARIANT="" DEVICE_ALT2_VENDOR="" DEVICE_ALT2_MODEL="" DEVICE_ALT2_VARIANT="" DEVICE_ALT3_VENDOR="" DEVICE_ALT3_MODEL="" DEVICE_ALT3_VARIANT="" DEVICE_ALT4_VENDOR="" DEVICE_ALT4_MODEL="" DEVICE_ALT4_VARIANT="" DEVICE_ALT5_VENDOR="" DEVICE_ALT5_MODEL="" DEVICE_ALT5_VARIANT="" DEVICE_TITLE="Actiontec T1200H" DEVICE_PACKAGES="nand-utils kmod-usb-ohci kmod-usb-ledtrig-usbport kmod-usb2 kmod-leds-gpio" TARGET="bmips" SUBTARGET="bcm63268" VERSION_NUMBER="SNAPSHOT" VERSION_CODE="r34427-6865d489d2" SUPPORTED_DEVICES="actiontec,t1200h" KERNEL_SIZE="5120k" IMAGE_SIZE="" /home/mgta29/src/openwrt/scripts/json_add_image_info.py /home/mgta29/src/openwrt/build_dir/target-mips_mips32_musl/json_info_files/openwrt-bmips-bcm63268-actiontec_t1200h-squashfs-sysupgrade.bin.json
sh /home/mgta29/src/openwrt/scripts/ubinize-image.sh    --rootfs /home/mgta29/src/openwrt/build_dir/target-mips_mips32_musl/linux-bmips_bcm63268/root.squashfs /home/mgta29/src/openwrt/build_dir/target-mips_mips32_musl/linux-bmips_bcm63268/tmp/openwrt-bmips-bcm63268-actiontec_t1200h-squashfs-cfe.bin.tmp -p 128KiB -m 2048 -s 512 -O 2048 -E 5
[rootfs]
mode=ubi
vol_id=0
vol_type=dynamic
vol_name=rootfs
image=/home/mgta29/src/openwrt/build_dir/target-mips_mips32_musl/linux-bmips_bcm63268/root.squashfs
vol_size=4117504
[rootfs_data]
mode=ubi
vol_id=1
vol_type=dynamic
vol_name=rootfs_data
vol_size=1MiB
vol_flags=autoresize
[ -f /home/mgta29/src/openwrt/build_dir/target-mips_mips32_musl/linux-bmips_bcm63268/sagem_fast-3864-op-kernel.bin -a -f /home/mgta29/src/openwrt/build_dir/target-mips_mips32_musl/linux-bmips_bcm63268/root.squashfs ]
DEVICE_ID="sagem_fast-3864-op" SOURCE_DATE_EPOCH=1778630369 FILE_NAME="openwrt-bmips-bcm63268-sagem_fast-3864-op-initramfs.elf" FILE_DIR="/home/mgta29/src/openwrt/build_dir/target-mips_mips32_musl/linux-bmips_bcm63268/tmp" FILE_TYPE="kernel" FILE_FILESYSTEM="initramfs" DEVICE_IMG_PREFIX="openwrt-bmips-bcm63268-sagem_fast-3864-op" DEVICE_VENDOR="Sagemcom" DEVICE_MODEL="F@ST 3864" DEVICE_VARIANT="OP" DEVICE_ALT0_VENDOR="" DEVICE_ALT0_MODEL="" DEVICE_ALT0_VARIANT="" DEVICE_ALT1_VENDOR="" DEVICE_ALT1_MODEL="" DEVICE_ALT1_VARIANT="" DEVICE_ALT2_VENDOR="" DEVICE_ALT2_MODEL="" DEVICE_ALT2_VARIANT="" DEVICE_ALT3_VENDOR="" DEVICE_ALT3_MODEL="" DEVICE_ALT3_VARIANT="" DEVICE_ALT4_VENDOR="" DEVICE_ALT4_MODEL="" DEVICE_ALT4_VARIANT="" DEVICE_ALT5_VENDOR="" DEVICE_ALT5_MODEL="" DEVICE_ALT5_VARIANT="" DEVICE_TITLE="Sagemcom F@ST 3864 OP" DEVICE_PACKAGES="nand-utils kmod-usb-ohci kmod-usb-ledtrig-usbport kmod-usb2 kmod-leds-gpio kmod-leds-bcm6328" TARGET="bmips" SUBTARGET="bcm63268" VERSION_NUMBER="SNAPSHOT" VERSION_CODE="r34427-6865d489d2" SUPPORTED_DEVICES="sagem,fast-3864-op" KERNEL_SIZE="5120k" IMAGE_SIZE="" /home/mgta29/src/openwrt/scripts/json_add_image_info.py /home/mgta29/src/openwrt/build_dir/target-mips_mips32_musl/json_info_files/openwrt-bmips-bcm63268-sagem_fast-3864-op-initramfs.elf.json
dd if=/home/mgta29/src/openwrt/build_dir/target-mips_mips32_musl/linux-bmips_bcm63268/sagem_fast-3864-op-kernel.bin >> /home/mgta29/src/openwrt/build_dir/target-mips_mips32_musl/linux-bmips_bcm63268/tmp/openwrt-bmips-bcm63268-sagem_fast-3864-op-squashfs-cfe.bin
[ -f /home/mgta29/src/openwrt/build_dir/target-mips_mips32_musl/linux-bmips_bcm63268/sagem_fast-3864-op-kernel.bin -a -f /home/mgta29/src/openwrt/build_dir/target-mips_mips32_musl/linux-bmips_bcm63268/root.squashfs ]
sh /home/mgta29/src/openwrt/scripts/sysupgrade-tar.sh --board sagem_fast-3864-op --kernel /home/mgta29/src/openwrt/build_dir/target-mips_mips32_musl/linux-bmips_bcm63268/sagem_fast-3864-op-kernel.bin --rootfs /home/mgta29/src/openwrt/build_dir/target-mips_mips32_musl/linux-bmips_bcm63268/root.squashfs  /home/mgta29/src/openwrt/build_dir/target-mips_mips32_musl/linux-bmips_bcm63268/tmp/openwrt-bmips-bcm63268-sagem_fast-3864-op-squashfs-sysupgrade.bin
cat /home/mgta29/src/openwrt/build_dir/target-mips_mips32_musl/linux-bmips_bcm63268/tmp/openwrt-bmips-bcm63268-actiontec_t1200h-squashfs-cfe.bin.tmp >> /home/mgta29/src/openwrt/build_dir/target-mips_mips32_musl/linux-bmips_bcm63268/tmp/openwrt-bmips-bcm63268-actiontec_t1200h-squashfs-cfe.bin
6912+0 records in
6912+0 records out
3538944 bytes (3.5 MB, 3.4 MiB) copied, 0.0072108 s, 491 MB/s
rm /home/mgta29/src/openwrt/build_dir/target-mips_mips32_musl/linux-bmips_bcm63268/tmp/openwrt-bmips-bcm63268-actiontec_t1200h-squashfs-cfe.bin.tmp
b'rootfs_lib\x00\x00\x00\x00\x00\x00\x00\x00\x00\x00\x00\x00\x00\x00\x00\x00\x00\x00\x00\x00\x00\x00131072\x00\x00\x00\x00\x00\x00\x00\x00\x00\x00\x00\x00\x00\x00\x00\x00\x00\x00\x00\x00\x00\x00\x00\x00\x00\x001001\x00\x00\x00\x00\x00\x00\x00\x00\x00\x00\x00\x00\x00\x00\x00\x00\x00\x00\x00\x00\x00\x00\x00\x00\x00\x00\x00\x00\x00\x00\x00\x00\x00\x00\x00\x00\x00\x00\x00\x00\x00\x00\x00\x00\x00\x00\x00\x00\x00\x00\x00\x00\x00\x00\x00\x00\x00\x00\x00\x00\x00\x00\x00\x00\x00\x00\x00\x00\x00\x00\x00\x00\x00\x00\x00\x00\x00\x00\x00\x00\x00\x00\x00\x00\x00\x00\x00\x00\x00\x00\x00\x00'
dd if=/home/mgta29/src/openwrt/build_dir/target-mips_mips32_musl/linux-bmips_bcm63268/tmp/openwrt-bmips-bcm63268-sagem_fast-3864-op-squashfs-cfe.bin of=/home/mgta29/src/openwrt/build_dir/target-mips_mips32_musl/linux-bmips_bcm63268/tmp/openwrt-bmips-bcm63268-sagem_fast-3864-op-squashfs-cfe.bin.new bs=5120k conv=sync
/home/mgta29/src/openwrt/scripts/cfe-wfi-tag.py --input-file /home/mgta29/src/openwrt/build_dir/target-mips_mips32_musl/linux-bmips_bcm63268/tmp/openwrt-bmips-bcm63268-actiontec_t1200h-squashfs-cfe.bin --output-file /home/mgta29/src/openwrt/build_dir/target-mips_mips32_musl/linux-bmips_bcm63268/tmp/openwrt-bmips-bcm63268-actiontec_t1200h-squashfs-cfe.bin.new --version 0x5732 --chip-id 0x63268 --flash-type 3 
mv /home/mgta29/src/openwrt/build_dir/target-mips_mips32_musl/linux-bmips_bcm63268/tmp/openwrt-bmips-bcm63268-sercomm_shg2500-squashfs-factory.img.kernel_rootfs /home/mgta29/src/openwrt/build_dir/target-mips_mips32_musl/linux-bmips_bcm63268/tmp/openwrt-bmips-bcm63268-sercomm_shg2500-squashfs-factory.img
4020+1 records in
4021+0 records out
4117504 bytes (4.1 MB, 3.9 MiB) copied, 0.00589387 s, 699 MB/s
0+1 records in
1+0 records out
5242880 bytes (5.2 MB, 5.0 MiB) copied, 0.00586722 s, 894 MB/s
mv /home/mgta29/src/openwrt/build_dir/target-mips_mips32_musl/linux-bmips_bcm63268/tmp/openwrt-bmips-bcm63268-sagem_fast-3864-op-squashfs-cfe.bin.new /home/mgta29/src/openwrt/build_dir/target-mips_mips32_musl/linux-bmips_bcm63268/tmp/openwrt-bmips-bcm63268-sagem_fast-3864-op-squashfs-cfe.bin
dd if=/home/mgta29/src/openwrt/build_dir/target-mips_mips32_musl/linux-bmips_bcm63268/tmp/openwrt-bmips-bcm63268-sercomm_shg2500-squashfs-factory.img.rootfs_lib >> /home/mgta29/src/openwrt/build_dir/target-mips_mips32_musl/linux-bmips_bcm63268/tmp/openwrt-bmips-bcm63268-sercomm_shg2500-squashfs-factory.img
mv /home/mgta29/src/openwrt/build_dir/target-mips_mips32_musl/linux-bmips_bcm63268/tmp/openwrt-bmips-bcm63268-sagem_fast-3864-op-squashfs-cfe.bin /home/mgta29/src/openwrt/build_dir/target-mips_mips32_musl/linux-bmips_bcm63268/tmp/openwrt-bmips-bcm63268-sagem_fast-3864-op-squashfs-cfe.bin.kernel
256+1 records in
256+1 records out
131232 bytes (131 kB, 128 KiB) copied, 0.000530015 s, 248 MB/s
tar: Option --mtime: Treating date '@1778630369' as 2026-05-12 23:59:29
sysupgrade-sagem_fast-3864-op/
sysupgrade-sagem_fast-3864-op/CONTROL
sysupgrade-sagem_fast-3864-op/kernel
/home/mgta29/src/openwrt/staging_dir/host/bin/gzip -f -9n -c /home/mgta29/src/openwrt/build_dir/target-mips_mips32_musl/linux-bmips_bcm63268/tmp/openwrt-bmips-bcm63268-sercomm_shg2500-squashfs-factory.img  > /home/mgta29/src/openwrt/build_dir/target-mips_mips32_musl/linux-bmips_bcm63268/tmp/openwrt-bmips-bcm63268-sercomm_shg2500-squashfs-factory.img.new
rm -rf /home/mgta29/src/openwrt/build_dir/target-mips_mips32_musl/linux-bmips_bcm63268/tmp/openwrt-bmips-bcm63268-sagem_fast-3864-op-squashfs-cfe.bin-cferam
sysupgrade-sagem_fast-3864-op/root
mkdir -p /home/mgta29/src/openwrt/build_dir/target-mips_mips32_musl/linux-bmips_bcm63268/tmp/openwrt-bmips-bcm63268-sagem_fast-3864-op-squashfs-cfe.bin-cferam
# CFE ROM checks JFFS2 dirent version of cferam.
# If version is not > 0 it will ignore the fs entry.
# JFFS2 sets version 0 to the first fs entry and increments
# it on the following ones, so let's create a dummy file that
# will have version 0 and let cferam be the second (version 1).
echo '{  "metadata_version": "1.1", "compat_version": "1.0",   "supported_devices":["sagem,fast-3864-op"], "version": { "dist": "OpenWrt", "version": "SNAPSHOT", "revision": "r34427-6865d489d2", "target": "bmips/bcm63268", "board": "sagem_fast-3864-op" } }' | fwtool -I - /home/mgta29/src/openwrt/build_dir/target-mips_mips32_musl/linux-bmips_bcm63268/tmp/openwrt-bmips-bcm63268-sagem_fast-3864-op-squashfs-sysupgrade.bin
touch /home/mgta29/src/openwrt/build_dir/target-mips_mips32_musl/linux-bmips_bcm63268/tmp/openwrt-bmips-bcm63268-sagem_fast-3864-op-squashfs-cfe.bin-cferam/1-openwrt
# Add cferam as the last file in the JFFS2 partition
cp /home/mgta29/src/openwrt/staging_dir/target-mips_mips32_musl/image/bcm63xx-cfe/sagem,fast-3864-op/cferam.000 /home/mgta29/src/openwrt/build_dir/target-mips_mips32_musl/linux-bmips_bcm63268/tmp/openwrt-bmips-bcm63268-sagem_fast-3864-op-squashfs-cfe.bin-cferam/cferam.000
# The JFFS2 partition creation should result in the following
# layout:
# 1) 1-openwrt (version 0, ino 2)
# 2) cferam.000 (version 1, ino 3)
/home/mgta29/src/openwrt/staging_dir/host/bin/mkfs.jffs2 --big-endian --pad --no-cleanmarkers --eraseblock=128KiB --root=/home/mgta29/src/openwrt/build_dir/target-mips_mips32_musl/linux-bmips_bcm63268/tmp/openwrt-bmips-bcm63268-sagem_fast-3864-op-squashfs-cfe.bin-cferam --output=/home/mgta29/src/openwrt/build_dir/target-mips_mips32_musl/linux-bmips_bcm63268/tmp/openwrt-bmips-bcm63268-sagem_fast-3864-op-squashfs-cfe.bin --compression-mode=none
sha256sum "/home/mgta29/src/openwrt/build_dir/target-mips_mips32_musl/linux-bmips_bcm63268/tmp/openwrt-bmips-bcm63268-sagem_fast-3864-op-squashfs-sysupgrade.bin" | cut -d" " -f1 > "/home/mgta29/src/openwrt/build_dir/target-mips_mips32_musl/linux-bmips_bcm63268/tmp/openwrt-bmips-bcm63268-sagem_fast-3864-op-squashfs-sysupgrade.bin.sha256sum"
dd if=/home/mgta29/src/openwrt/build_dir/target-mips_mips32_musl/linux-bmips_bcm63268/tmp/openwrt-bmips-bcm63268-sagem_fast-3864-op-squashfs-cfe.bin of=/home/mgta29/src/openwrt/build_dir/target-mips_mips32_musl/linux-bmips_bcm63268/tmp/openwrt-bmips-bcm63268-sagem_fast-3864-op-squashfs-cfe.bin.new bs=128k conv=sync
2+0 records in
2+0 records out
262144 bytes (262 kB, 256 KiB) copied, 0.000407973 s, 643 MB/s
mv /home/mgta29/src/openwrt/build_dir/target-mips_mips32_musl/linux-bmips_bcm63268/tmp/openwrt-bmips-bcm63268-sagem_fast-3864-op-squashfs-cfe.bin.new /home/mgta29/src/openwrt/build_dir/target-mips_mips32_musl/linux-bmips_bcm63268/tmp/openwrt-bmips-bcm63268-sagem_fast-3864-op-squashfs-cfe.bin
# Some devices need padding between CFE RAM and kernel
[ ! -s "/home/mgta29/src/openwrt/key-build" -o ! -s "/home/mgta29/src/openwrt/key-build.ucert" -o ! -s "/home/mgta29/src/openwrt/build_dir/target-mips_mips32_musl/linux-bmips_bcm63268/tmp/openwrt-bmips-bcm63268-sagem_fast-3864-op-squashfs-sysupgrade.bin" ] || { cp "/home/mgta29/src/openwrt/key-build.ucert" "/home/mgta29/src/openwrt/build_dir/target-mips_mips32_musl/linux-bmips_bcm63268/tmp/openwrt-bmips-bcm63268-sagem_fast-3864-op-squashfs-sysupgrade.bin.ucert" ; usign -S -m "/home/mgta29/src/openwrt/build_dir/target-mips_mips32_musl/linux-bmips_bcm63268/tmp/openwrt-bmips-bcm63268-sagem_fast-3864-op-squashfs-sysupgrade.bin" -s "/home/mgta29/src/openwrt/key-build" -x "/home/mgta29/src/openwrt/build_dir/target-mips_mips32_musl/linux-bmips_bcm63268/tmp/openwrt-bmips-bcm63268-sagem_fast-3864-op-squashfs-sysupgrade.bin.sig" ; ucert -A -c "/home/mgta29/src/openwrt/build_dir/target-mips_mips32_musl/linux-bmips_bcm63268/tmp/openwrt-bmips-bcm63268-sagem_fast-3864-op-squashfs-sysupgrade.bin.ucert" -x "/home/mgta29/src/openwrt/build_dir/target-mips_mips32_musl/linux-bmips_bcm63268/tmp/openwrt-bmips-bcm63268-sagem_fast-3864-op-squashfs-sysupgrade.bin.sig" ; fwtool -S "/home/mgta29/src/openwrt/build_dir/target-mips_mips32_musl/linux-bmips_bcm63268/tmp/openwrt-bmips-bcm63268-sagem_fast-3864-op-squashfs-sysupgrade.bin.ucert" "/home/mgta29/src/openwrt/build_dir/target-mips_mips32_musl/linux-bmips_bcm63268/tmp/openwrt-bmips-bcm63268-sagem_fast-3864-op-squashfs-sysupgrade.bin" ; }
# Add CFE partition tag
cp /home/mgta29/src/openwrt/build_dir/target-mips_mips32_musl/linux-bmips_bcm63268/tmp/openwrt-bmips-bcm63268-sagem_fast-3864-op-squashfs-sysupgrade.bin /home/mgta29/src/openwrt/bin/targets/bmips/bcm63268/openwrt-bmips-bcm63268-sagem_fast-3864-op-squashfs-sysupgrade.bin
mv /home/mgta29/src/openwrt/build_dir/target-mips_mips32_musl/linux-bmips_bcm63268/tmp/openwrt-bmips-bcm63268-actiontec_t1200h-squashfs-cfe.bin.new /home/mgta29/src/openwrt/build_dir/target-mips_mips32_musl/linux-bmips_bcm63268/tmp/openwrt-bmips-bcm63268-actiontec_t1200h-squashfs-cfe.bin
# Append kernel
dd if=/home/mgta29/src/openwrt/build_dir/target-mips_mips32_musl/linux-bmips_bcm63268/tmp/openwrt-bmips-bcm63268-sagem_fast-3864-op-squashfs-cfe.bin.kernel >> /home/mgta29/src/openwrt/build_dir/target-mips_mips32_musl/linux-bmips_bcm63268/tmp/openwrt-bmips-bcm63268-sagem_fast-3864-op-squashfs-cfe.bin
cp /home/mgta29/src/openwrt/build_dir/target-mips_mips32_musl/linux-bmips_bcm63268/tmp/openwrt-bmips-bcm63268-actiontec_t1200h-squashfs-cfe.bin /home/mgta29/src/openwrt/bin/targets/bmips/bcm63268/openwrt-bmips-bcm63268-actiontec_t1200h-squashfs-cfe.bin
DEVICE_ID="sagem_fast-3864-op" SOURCE_DATE_EPOCH=1778630369 FILE_NAME="openwrt-bmips-bcm63268-sagem_fast-3864-op-squashfs-sysupgrade.bin" FILE_DIR="/home/mgta29/src/openwrt/build_dir/target-mips_mips32_musl/linux-bmips_bcm63268/tmp" FILE_TYPE=sysupgrade FILE_FILESYSTEM="squashfs" DEVICE_IMG_PREFIX="openwrt-bmips-bcm63268-sagem_fast-3864-op" DEVICE_VENDOR="Sagemcom" DEVICE_MODEL="F@ST 3864" DEVICE_VARIANT="OP" DEVICE_ALT0_VENDOR="" DEVICE_ALT0_MODEL="" DEVICE_ALT0_VARIANT="" DEVICE_ALT1_VENDOR="" DEVICE_ALT1_MODEL="" DEVICE_ALT1_VARIANT="" DEVICE_ALT2_VENDOR="" DEVICE_ALT2_MODEL="" DEVICE_ALT2_VARIANT="" DEVICE_ALT3_VENDOR="" DEVICE_ALT3_MODEL="" DEVICE_ALT3_VARIANT="" DEVICE_ALT4_VENDOR="" DEVICE_ALT4_MODEL="" DEVICE_ALT4_VARIANT="" DEVICE_ALT5_VENDOR="" DEVICE_ALT5_MODEL="" DEVICE_ALT5_VARIANT="" DEVICE_TITLE="Sagemcom F@ST 3864 OP" DEVICE_PACKAGES="nand-utils kmod-usb-ohci kmod-usb-ledtrig-usbport kmod-usb2 kmod-leds-gpio kmod-leds-bcm6328" TARGET="bmips" SUBTARGET="bcm63268" VERSION_NUMBER="SNAPSHOT" VERSION_CODE="r34427-6865d489d2" SUPPORTED_DEVICES="sagem,fast-3864-op" KERNEL_SIZE="5120k" IMAGE_SIZE="" /home/mgta29/src/openwrt/scripts/json_add_image_info.py /home/mgta29/src/openwrt/build_dir/target-mips_mips32_musl/json_info_files/openwrt-bmips-bcm63268-sagem_fast-3864-op-squashfs-sysupgrade.bin.json
10240+0 records in
10240+0 records out
5242880 bytes (5.2 MB, 5.0 MiB) copied, 0.0102719 s, 510 MB/s
rm -f /home/mgta29/src/openwrt/build_dir/target-mips_mips32_musl/linux-bmips_bcm63268/tmp/openwrt-bmips-bcm63268-sagem_fast-3864-op-squashfs-cfe.bin.kernel
sh /home/mgta29/src/openwrt/scripts/ubinize-image.sh    --rootfs /home/mgta29/src/openwrt/build_dir/target-mips_mips32_musl/linux-bmips_bcm63268/root.squashfs /home/mgta29/src/openwrt/build_dir/target-mips_mips32_musl/linux-bmips_bcm63268/tmp/openwrt-bmips-bcm63268-sagem_fast-3864-op-squashfs-cfe.bin.tmp -p 128KiB -m 2048 -s 512 -O 2048 -E 5
DEVICE_ID="actiontec_t1200h" SOURCE_DATE_EPOCH=1778630369 FILE_NAME="openwrt-bmips-bcm63268-actiontec_t1200h-squashfs-cfe.bin" FILE_DIR="/home/mgta29/src/openwrt/build_dir/target-mips_mips32_musl/linux-bmips_bcm63268/tmp" FILE_TYPE=cfe FILE_FILESYSTEM="squashfs" DEVICE_IMG_PREFIX="openwrt-bmips-bcm63268-actiontec_t1200h" DEVICE_VENDOR="Actiontec" DEVICE_MODEL="T1200H" DEVICE_VARIANT="" DEVICE_ALT0_VENDOR="" DEVICE_ALT0_MODEL="" DEVICE_ALT0_VARIANT="" DEVICE_ALT1_VENDOR="" DEVICE_ALT1_MODEL="" DEVICE_ALT1_VARIANT="" DEVICE_ALT2_VENDOR="" DEVICE_ALT2_MODEL="" DEVICE_ALT2_VARIANT="" DEVICE_ALT3_VENDOR="" DEVICE_ALT3_MODEL="" DEVICE_ALT3_VARIANT="" DEVICE_ALT4_VENDOR="" DEVICE_ALT4_MODEL="" DEVICE_ALT4_VARIANT="" DEVICE_ALT5_VENDOR="" DEVICE_ALT5_MODEL="" DEVICE_ALT5_VARIANT="" DEVICE_TITLE="Actiontec T1200H" DEVICE_PACKAGES="nand-utils kmod-usb-ohci kmod-usb-ledtrig-usbport kmod-usb2 kmod-leds-gpio" TARGET="bmips" SUBTARGET="bcm63268" VERSION_NUMBER="SNAPSHOT" VERSION_CODE="r34427-6865d489d2" SUPPORTED_DEVICES="actiontec,t1200h" KERNEL_SIZE="5120k" IMAGE_SIZE="" /home/mgta29/src/openwrt/scripts/json_add_image_info.py /home/mgta29/src/openwrt/build_dir/target-mips_mips32_musl/json_info_files/openwrt-bmips-bcm63268-actiontec_t1200h-squashfs-cfe.bin.json
[rootfs]
mode=ubi
vol_id=0
vol_type=dynamic
vol_name=rootfs
image=/home/mgta29/src/openwrt/build_dir/target-mips_mips32_musl/linux-bmips_bcm63268/root.squashfs
vol_size=4117504
[rootfs_data]
mode=ubi
vol_id=1
vol_type=dynamic
vol_name=rootfs_data
vol_size=1MiB
vol_flags=autoresize
cat /home/mgta29/src/openwrt/build_dir/target-mips_mips32_musl/linux-bmips_bcm63268/tmp/openwrt-bmips-bcm63268-sagem_fast-3864-op-squashfs-cfe.bin.tmp >> /home/mgta29/src/openwrt/build_dir/target-mips_mips32_musl/linux-bmips_bcm63268/tmp/openwrt-bmips-bcm63268-sagem_fast-3864-op-squashfs-cfe.bin
rm /home/mgta29/src/openwrt/build_dir/target-mips_mips32_musl/linux-bmips_bcm63268/tmp/openwrt-bmips-bcm63268-sagem_fast-3864-op-squashfs-cfe.bin.tmp
/home/mgta29/src/openwrt/scripts/cfe-wfi-tag.py --input-file /home/mgta29/src/openwrt/build_dir/target-mips_mips32_musl/linux-bmips_bcm63268/tmp/openwrt-bmips-bcm63268-sagem_fast-3864-op-squashfs-cfe.bin --output-file /home/mgta29/src/openwrt/build_dir/target-mips_mips32_musl/linux-bmips_bcm63268/tmp/openwrt-bmips-bcm63268-sagem_fast-3864-op-squashfs-cfe.bin.new --version 0x5732 --chip-id 0x63268 --flash-type 3 
mv /home/mgta29/src/openwrt/build_dir/target-mips_mips32_musl/linux-bmips_bcm63268/tmp/openwrt-bmips-bcm63268-sagem_fast-3864-op-squashfs-cfe.bin.new /home/mgta29/src/openwrt/build_dir/target-mips_mips32_musl/linux-bmips_bcm63268/tmp/openwrt-bmips-bcm63268-sagem_fast-3864-op-squashfs-cfe.bin
cp /home/mgta29/src/openwrt/build_dir/target-mips_mips32_musl/linux-bmips_bcm63268/tmp/openwrt-bmips-bcm63268-sagem_fast-3864-op-squashfs-cfe.bin /home/mgta29/src/openwrt/bin/targets/bmips/bcm63268/openwrt-bmips-bcm63268-sagem_fast-3864-op-squashfs-cfe.bin
export MAKEFLAGS= ;make -w -C lzma-loader CHIP_ID=63268 KERNEL_ADDR=0x80010000		 KDIR=/home/mgta29/src/openwrt/build_dir/target-mips_mips32_musl/linux-bmips_bcm63268 LOADER_ADDR=0x80010000		 LOADER_DATA="/home/mgta29/src/openwrt/build_dir/target-mips_mips32_musl/linux-bmips_bcm63268/tmp/openwrt-bmips-bcm63268-sercomm_h500-s-lowi-initramfs.elf" LOADER_NAME="openwrt-bmips-bcm63268-sercomm_h500-s-lowi-initramfs.elf" LZMA_TEXT_START=0x82000000		 PKG_BUILD_DIR="/home/mgta29/src/openwrt/build_dir/target-mips_mips32_musl/linux-bmips_bcm63268/tmp/openwrt-bmips-bcm63268-sercomm_h500-s-lowi-initramfs.elf.src" TARGET_DIR="/home/mgta29/src/openwrt/build_dir/target-mips_mips32_musl/linux-bmips_bcm63268/tmp/" compile loader.elf
DEVICE_ID="sagem_fast-3864-op" SOURCE_DATE_EPOCH=1778630369 FILE_NAME="openwrt-bmips-bcm63268-sagem_fast-3864-op-squashfs-cfe.bin" FILE_DIR="/home/mgta29/src/openwrt/build_dir/target-mips_mips32_musl/linux-bmips_bcm63268/tmp" FILE_TYPE=cfe FILE_FILESYSTEM="squashfs" DEVICE_IMG_PREFIX="openwrt-bmips-bcm63268-sagem_fast-3864-op" DEVICE_VENDOR="Sagemcom" DEVICE_MODEL="F@ST 3864" DEVICE_VARIANT="OP" DEVICE_ALT0_VENDOR="" DEVICE_ALT0_MODEL="" DEVICE_ALT0_VARIANT="" DEVICE_ALT1_VENDOR="" DEVICE_ALT1_MODEL="" DEVICE_ALT1_VARIANT="" DEVICE_ALT2_VENDOR="" DEVICE_ALT2_MODEL="" DEVICE_ALT2_VARIANT="" DEVICE_ALT3_VENDOR="" DEVICE_ALT3_MODEL="" DEVICE_ALT3_VARIANT="" DEVICE_ALT4_VENDOR="" DEVICE_ALT4_MODEL="" DEVICE_ALT4_VARIANT="" DEVICE_ALT5_VENDOR="" DEVICE_ALT5_MODEL="" DEVICE_ALT5_VARIANT="" DEVICE_TITLE="Sagemcom F@ST 3864 OP" DEVICE_PACKAGES="nand-utils kmod-usb-ohci kmod-usb-ledtrig-usbport kmod-usb2 kmod-leds-gpio kmod-leds-bcm6328" TARGET="bmips" SUBTARGET="bcm63268" VERSION_NUMBER="SNAPSHOT" VERSION_CODE="r34427-6865d489d2" SUPPORTED_DEVICES="sagem,fast-3864-op" KERNEL_SIZE="5120k" IMAGE_SIZE="" /home/mgta29/src/openwrt/scripts/json_add_image_info.py /home/mgta29/src/openwrt/build_dir/target-mips_mips32_musl/json_info_files/openwrt-bmips-bcm63268-sagem_fast-3864-op-squashfs-cfe.bin.json
make[5]: Entering directory '/home/mgta29/src/openwrt/target/linux/bmips/image/lzma-loader'
mkdir /home/mgta29/src/openwrt/build_dir/target-mips_mips32_musl/linux-bmips_bcm63268/tmp/openwrt-bmips-bcm63268-sercomm_h500-s-lowi-initramfs.elf.src
cp -fpR ./src/* /home/mgta29/src/openwrt/build_dir/target-mips_mips32_musl/linux-bmips_bcm63268/tmp/openwrt-bmips-bcm63268-sercomm_h500-s-lowi-initramfs.elf.src/
touch /home/mgta29/src/openwrt/build_dir/target-mips_mips32_musl/linux-bmips_bcm63268/tmp/openwrt-bmips-bcm63268-sercomm_h500-s-lowi-initramfs.elf.src/.prepared
make -C /home/mgta29/src/openwrt/build_dir/target-mips_mips32_musl/linux-bmips_bcm63268/tmp/openwrt-bmips-bcm63268-sercomm_h500-s-lowi-initramfs.elf.src CROSS_COMPILE="mips-openwrt-linux-musl-" \
	LZMA_TEXT_START=0x82000000 \
	LOADER_DATA=/home/mgta29/src/openwrt/build_dir/target-mips_mips32_musl/linux-bmips_bcm63268/tmp/openwrt-bmips-bcm63268-sercomm_h500-s-lowi-initramfs.elf \
	UART_BASE=0xb0000180 \
	clean all
make[6]: Entering directory '/home/mgta29/src/openwrt/build_dir/target-mips_mips32_musl/linux-bmips_bcm63268/tmp/openwrt-bmips-bcm63268-sercomm_h500-s-lowi-initramfs.elf.src'
rm -f loader *.elf *.bin *.o
export MAKEFLAGS= ;make -w -C lzma-loader CHIP_ID=63268 KERNEL_ADDR=0x80010000		 KDIR=/home/mgta29/src/openwrt/build_dir/target-mips_mips32_musl/linux-bmips_bcm63268 LOADER_ADDR=0x80010000		 LOADER_DATA="/home/mgta29/src/openwrt/build_dir/target-mips_mips32_musl/linux-bmips_bcm63268/tmp/openwrt-bmips-bcm63268-smartrg_sr505n-initramfs.elf" LOADER_NAME="openwrt-bmips-bcm63268-smartrg_sr505n-initramfs.elf" LZMA_TEXT_START=0x82000000		 PKG_BUILD_DIR="/home/mgta29/src/openwrt/build_dir/target-mips_mips32_musl/linux-bmips_bcm63268/tmp/openwrt-bmips-bcm63268-smartrg_sr505n-initramfs.elf.src" TARGET_DIR="/home/mgta29/src/openwrt/build_dir/target-mips_mips32_musl/linux-bmips_bcm63268/tmp/" compile loader.elf
mips-openwrt-linux-musl-gcc -D__KERNEL__ -Wall -Wstrict-prototypes -Wno-trigraphs -Os -fno-strict-aliasing -fno-common -fomit-frame-pointer -G 0 -mno-abicalls -fno-pic -ffunction-sections -pipe -ffreestanding -fhonour-copts -mabi=32 -march=mips32 -Wa,-32 -Wa,-march=mips32 -Wa,-mips32 -Wa,--trap -D_LZMA_PROB32 -DUART_BASE=0xb0000180 -DLZMA_WRAPPER=1 -DLOADADDR=0x80010000 -D__ASSEMBLY__ -c -o head.o head.S
make[5]: Entering directory '/home/mgta29/src/openwrt/target/linux/bmips/image/lzma-loader'
mkdir /home/mgta29/src/openwrt/build_dir/target-mips_mips32_musl/linux-bmips_bcm63268/tmp/openwrt-bmips-bcm63268-smartrg_sr505n-initramfs.elf.src
cp -fpR ./src/* /home/mgta29/src/openwrt/build_dir/target-mips_mips32_musl/linux-bmips_bcm63268/tmp/openwrt-bmips-bcm63268-smartrg_sr505n-initramfs.elf.src/
mips-openwrt-linux-musl-gcc -D__KERNEL__ -Wall -Wstrict-prototypes -Wno-trigraphs -Os -fno-strict-aliasing -fno-common -fomit-frame-pointer -G 0 -mno-abicalls -fno-pic -ffunction-sections -pipe -ffreestanding -fhonour-copts -mabi=32 -march=mips32 -Wa,-32 -Wa,-march=mips32 -Wa,-mips32 -Wa,--trap -D_LZMA_PROB32 -DUART_BASE=0xb0000180 -DLZMA_WRAPPER=1 -DLOADADDR=0x80010000 -c -o loader.o loader.c
touch /home/mgta29/src/openwrt/build_dir/target-mips_mips32_musl/linux-bmips_bcm63268/tmp/openwrt-bmips-bcm63268-smartrg_sr505n-initramfs.elf.src/.prepared
make -C /home/mgta29/src/openwrt/build_dir/target-mips_mips32_musl/linux-bmips_bcm63268/tmp/openwrt-bmips-bcm63268-smartrg_sr505n-initramfs.elf.src CROSS_COMPILE="mips-openwrt-linux-musl-" \
	LZMA_TEXT_START=0x82000000 \
	LOADER_DATA=/home/mgta29/src/openwrt/build_dir/target-mips_mips32_musl/linux-bmips_bcm63268/tmp/openwrt-bmips-bcm63268-smartrg_sr505n-initramfs.elf \
	UART_BASE=0xb0000180 \
	clean all
make[6]: Entering directory '/home/mgta29/src/openwrt/build_dir/target-mips_mips32_musl/linux-bmips_bcm63268/tmp/openwrt-bmips-bcm63268-smartrg_sr505n-initramfs.elf.src'
rm -f loader *.elf *.bin *.o
mips-openwrt-linux-musl-gcc -D__KERNEL__ -Wall -Wstrict-prototypes -Wno-trigraphs -Os -fno-strict-aliasing -fno-common -fomit-frame-pointer -G 0 -mno-abicalls -fno-pic -ffunction-sections -pipe -ffreestanding -fhonour-copts -mabi=32 -march=mips32 -Wa,-32 -Wa,-march=mips32 -Wa,-mips32 -Wa,--trap -D_LZMA_PROB32 -DUART_BASE=0xb0000180 -DLZMA_WRAPPER=1 -DLOADADDR=0x80010000 -D__ASSEMBLY__ -c -o head.o head.S
mips-openwrt-linux-musl-gcc -D__KERNEL__ -Wall -Wstrict-prototypes -Wno-trigraphs -Os -fno-strict-aliasing -fno-common -fomit-frame-pointer -G 0 -mno-abicalls -fno-pic -ffunction-sections -pipe -ffreestanding -fhonour-copts -mabi=32 -march=mips32 -Wa,-32 -Wa,-march=mips32 -Wa,-mips32 -Wa,--trap -D_LZMA_PROB32 -DUART_BASE=0xb0000180 -DLZMA_WRAPPER=1 -DLOADADDR=0x80010000 -c -o loader.o loader.c
/home/mgta29/src/openwrt/scripts/sercomm-pid.py --hw-version 142584b --sw-version 3417 --extra-padding-size 0x10 --pid-file /home/mgta29/src/openwrt/build_dir/target-mips_mips32_musl/linux-bmips_bcm63268/tmp/openwrt-bmips-bcm63268-sercomm_h500-s-vfes-squashfs-factory.img.pid
mips-openwrt-linux-musl-gcc -D__KERNEL__ -Wall -Wstrict-prototypes -Wno-trigraphs -Os -fno-strict-aliasing -fno-common -fomit-frame-pointer -G 0 -mno-abicalls -fno-pic -ffunction-sections -pipe -ffreestanding -fhonour-copts -mabi=32 -march=mips32 -Wa,-32 -Wa,-march=mips32 -Wa,-mips32 -Wa,--trap -D_LZMA_PROB32 -DUART_BASE=0xb0000180 -DLZMA_WRAPPER=1 -DLOADADDR=0x80010000 -c -o cache.o cache.c
mips-openwrt-linux-musl-gcc -D__KERNEL__ -Wall -Wstrict-prototypes -Wno-trigraphs -Os -fno-strict-aliasing -fno-common -fomit-frame-pointer -G 0 -mno-abicalls -fno-pic -ffunction-sections -pipe -ffreestanding -fhonour-copts -mabi=32 -march=mips32 -Wa,-32 -Wa,-march=mips32 -Wa,-mips32 -Wa,--trap -D_LZMA_PROB32 -DUART_BASE=0xb0000180 -DLZMA_WRAPPER=1 -DLOADADDR=0x80010000 -c -o cache.o cache.c
mips-openwrt-linux-musl-gcc -D__KERNEL__ -Wall -Wstrict-prototypes -Wno-trigraphs -Os -fno-strict-aliasing -fno-common -fomit-frame-pointer -G 0 -mno-abicalls -fno-pic -ffunction-sections -pipe -ffreestanding -fhonour-copts -mabi=32 -march=mips32 -Wa,-32 -Wa,-march=mips32 -Wa,-mips32 -Wa,--trap -D_LZMA_PROB32 -DUART_BASE=0xb0000180 -DLZMA_WRAPPER=1 -DLOADADDR=0x80010000 -c -o board.o board.c
mips-openwrt-linux-musl-gcc -D__KERNEL__ -Wall -Wstrict-prototypes -Wno-trigraphs -Os -fno-strict-aliasing -fno-common -fomit-frame-pointer -G 0 -mno-abicalls -fno-pic -ffunction-sections -pipe -ffreestanding -fhonour-copts -mabi=32 -march=mips32 -Wa,-32 -Wa,-march=mips32 -Wa,-mips32 -Wa,--trap -D_LZMA_PROB32 -DUART_BASE=0xb0000180 -DLZMA_WRAPPER=1 -DLOADADDR=0x80010000 -c -o board.o board.c
mips-openwrt-linux-musl-gcc -D__KERNEL__ -Wall -Wstrict-prototypes -Wno-trigraphs -Os -fno-strict-aliasing -fno-common -fomit-frame-pointer -G 0 -mno-abicalls -fno-pic -ffunction-sections -pipe -ffreestanding -fhonour-copts -mabi=32 -march=mips32 -Wa,-32 -Wa,-march=mips32 -Wa,-mips32 -Wa,--trap -D_LZMA_PROB32 -DUART_BASE=0xb0000180 -DLZMA_WRAPPER=1 -DLOADADDR=0x80010000 -c -o printf.o printf.c
/home/mgta29/src/openwrt/scripts/sercomm-payload.py --input-file /home/mgta29/src/openwrt/build_dir/target-mips_mips32_musl/linux-bmips_bcm63268/tmp/openwrt-bmips-bcm63268-sercomm_h500-s-vfes-squashfs-factory.img --output-file /home/mgta29/src/openwrt/build_dir/target-mips_mips32_musl/linux-bmips_bcm63268/tmp/openwrt-bmips-bcm63268-sercomm_h500-s-vfes-squashfs-factory.img.new --pid-file /home/mgta29/src/openwrt/build_dir/target-mips_mips32_musl/linux-bmips_bcm63268/tmp/openwrt-bmips-bcm63268-sercomm_h500-s-vfes-squashfs-factory.img.pid
/home/mgta29/src/openwrt/scripts/sercomm-pid.py --hw-version 1424e4a --sw-version 3207 --extra-padding-size 0x10 --pid-file /home/mgta29/src/openwrt/build_dir/target-mips_mips32_musl/linux-bmips_bcm63268/tmp/openwrt-bmips-bcm63268-sercomm_shg2500-squashfs-factory.img.pid
mips-openwrt-linux-musl-gcc -D__KERNEL__ -Wall -Wstrict-prototypes -Wno-trigraphs -Os -fno-strict-aliasing -fno-common -fomit-frame-pointer -G 0 -mno-abicalls -fno-pic -ffunction-sections -pipe -ffreestanding -fhonour-copts -mabi=32 -march=mips32 -Wa,-32 -Wa,-march=mips32 -Wa,-mips32 -Wa,--trap -D_LZMA_PROB32 -DUART_BASE=0xb0000180 -DLZMA_WRAPPER=1 -DLOADADDR=0x80010000 -c -o printf.o printf.c
mv /home/mgta29/src/openwrt/build_dir/target-mips_mips32_musl/linux-bmips_bcm63268/tmp/openwrt-bmips-bcm63268-sercomm_h500-s-vfes-squashfs-factory.img.new /home/mgta29/src/openwrt/build_dir/target-mips_mips32_musl/linux-bmips_bcm63268/tmp/openwrt-bmips-bcm63268-sercomm_h500-s-vfes-squashfs-factory.img
/home/mgta29/src/openwrt/scripts/sercomm-payload.py --input-file /home/mgta29/src/openwrt/build_dir/target-mips_mips32_musl/linux-bmips_bcm63268/tmp/openwrt-bmips-bcm63268-sercomm_shg2500-squashfs-factory.img --output-file /home/mgta29/src/openwrt/build_dir/target-mips_mips32_musl/linux-bmips_bcm63268/tmp/openwrt-bmips-bcm63268-sercomm_shg2500-squashfs-factory.img.new --pid-file /home/mgta29/src/openwrt/build_dir/target-mips_mips32_musl/linux-bmips_bcm63268/tmp/openwrt-bmips-bcm63268-sercomm_shg2500-squashfs-factory.img.pid
rm -f /home/mgta29/src/openwrt/build_dir/target-mips_mips32_musl/linux-bmips_bcm63268/tmp/openwrt-bmips-bcm63268-sercomm_h500-s-vfes-squashfs-factory.img.pid
/home/mgta29/src/openwrt/scripts/sercomm-crypto.py --input-file /home/mgta29/src/openwrt/build_dir/target-mips_mips32_musl/linux-bmips_bcm63268/tmp/openwrt-bmips-bcm63268-sercomm_h500-s-vfes-squashfs-factory.img --key-file /home/mgta29/src/openwrt/build_dir/target-mips_mips32_musl/linux-bmips_bcm63268/tmp/openwrt-bmips-bcm63268-sercomm_h500-s-vfes-squashfs-factory.img.key --output-file /home/mgta29/src/openwrt/build_dir/target-mips_mips32_musl/linux-bmips_bcm63268/tmp/openwrt-bmips-bcm63268-sercomm_h500-s-vfes-squashfs-factory.img.ser --version OpenWrt
mips-openwrt-linux-musl-gcc -D__KERNEL__ -Wall -Wstrict-prototypes -Wno-trigraphs -Os -fno-strict-aliasing -fno-common -fomit-frame-pointer -G 0 -mno-abicalls -fno-pic -ffunction-sections -pipe -ffreestanding -fhonour-copts -mabi=32 -march=mips32 -Wa,-32 -Wa,-march=mips32 -Wa,-mips32 -Wa,--trap -D_LZMA_PROB32 -DUART_BASE=0xb0000180 -DLZMA_WRAPPER=1 -DLOADADDR=0x80010000 -c -o LzmaDecode.o LzmaDecode.c
AES 256 CBC Key: b'f1cd207305a8bcfbaac33caa56bd68222219c80197e58a2af7db5b2d684e73ff'
mips-openwrt-linux-musl-gcc -D__KERNEL__ -Wall -Wstrict-prototypes -Wno-trigraphs -Os -fno-strict-aliasing -fno-common -fomit-frame-pointer -G 0 -mno-abicalls -fno-pic -ffunction-sections -pipe -ffreestanding -fhonour-copts -mabi=32 -march=mips32 -Wa,-32 -Wa,-march=mips32 -Wa,-mips32 -Wa,--trap -D_LZMA_PROB32 -DUART_BASE=0xb0000180 -DLZMA_WRAPPER=1 -DLOADADDR=0x80010000 -c -o LzmaDecode.o LzmaDecode.c
/home/mgta29/src/openwrt/staging_dir/host/bin/openssl enc -md md5 -aes-256-cbc -in /home/mgta29/src/openwrt/build_dir/target-mips_mips32_musl/linux-bmips_bcm63268/tmp/openwrt-bmips-bcm63268-sercomm_h500-s-vfes-squashfs-factory.img -out /home/mgta29/src/openwrt/build_dir/target-mips_mips32_musl/linux-bmips_bcm63268/tmp/openwrt-bmips-bcm63268-sercomm_h500-s-vfes-squashfs-factory.img.enc -K `cat /home/mgta29/src/openwrt/build_dir/target-mips_mips32_musl/linux-bmips_bcm63268/tmp/openwrt-bmips-bcm63268-sercomm_h500-s-vfes-squashfs-factory.img.key` -iv 00000000000000000000000000000000
mv /home/mgta29/src/openwrt/build_dir/target-mips_mips32_musl/linux-bmips_bcm63268/tmp/openwrt-bmips-bcm63268-sercomm_shg2500-squashfs-factory.img.new /home/mgta29/src/openwrt/build_dir/target-mips_mips32_musl/linux-bmips_bcm63268/tmp/openwrt-bmips-bcm63268-sercomm_shg2500-squashfs-factory.img
rm -f /home/mgta29/src/openwrt/build_dir/target-mips_mips32_musl/linux-bmips_bcm63268/tmp/openwrt-bmips-bcm63268-sercomm_shg2500-squashfs-factory.img.pid
/home/mgta29/src/openwrt/scripts/sercomm-crypto.py --input-file /home/mgta29/src/openwrt/build_dir/target-mips_mips32_musl/linux-bmips_bcm63268/tmp/openwrt-bmips-bcm63268-sercomm_shg2500-squashfs-factory.img --key-file /home/mgta29/src/openwrt/build_dir/target-mips_mips32_musl/linux-bmips_bcm63268/tmp/openwrt-bmips-bcm63268-sercomm_shg2500-squashfs-factory.img.key --output-file /home/mgta29/src/openwrt/build_dir/target-mips_mips32_musl/linux-bmips_bcm63268/tmp/openwrt-bmips-bcm63268-sercomm_shg2500-squashfs-factory.img.ser --version OpenWrt
export MAKEFLAGS= ;make -w -C lzma-loader CHIP_ID=63268 KERNEL_ADDR=0x80010000		 KDIR=/home/mgta29/src/openwrt/build_dir/target-mips_mips32_musl/linux-bmips_bcm63268 LOADER_ADDR=0x81000000		 LOADER_DATA="/home/mgta29/src/openwrt/build_dir/target-mips_mips32_musl/linux-bmips_bcm63268/tmp/openwrt-bmips-bcm63268-comtrend_vg-8050-initramfs.elf" LOADER_NAME="openwrt-bmips-bcm63268-comtrend_vg-8050-initramfs.elf" LZMA_TEXT_START=0x82000000		 PKG_BUILD_DIR="/home/mgta29/src/openwrt/build_dir/target-mips_mips32_musl/linux-bmips_bcm63268/tmp/openwrt-bmips-bcm63268-comtrend_vg-8050-initramfs.elf.src" TARGET_DIR="/home/mgta29/src/openwrt/build_dir/target-mips_mips32_musl/linux-bmips_bcm63268/tmp/" compile loader.elf
export MAKEFLAGS= ;make -w -C lzma-loader CHIP_ID=63268 KERNEL_ADDR=0x80010000		 KDIR=/home/mgta29/src/openwrt/build_dir/target-mips_mips32_musl/linux-bmips_bcm63268 LOADER_ADDR=0x81000000		 LOADER_DATA="/home/mgta29/src/openwrt/build_dir/target-mips_mips32_musl/linux-bmips_bcm63268/tmp/openwrt-bmips-bcm63268-comtrend_vr-3032u-initramfs.elf" LOADER_NAME="openwrt-bmips-bcm63268-comtrend_vr-3032u-initramfs.elf" LZMA_TEXT_START=0x82000000		 PKG_BUILD_DIR="/home/mgta29/src/openwrt/build_dir/target-mips_mips32_musl/linux-bmips_bcm63268/tmp/openwrt-bmips-bcm63268-comtrend_vr-3032u-initramfs.elf.src" TARGET_DIR="/home/mgta29/src/openwrt/build_dir/target-mips_mips32_musl/linux-bmips_bcm63268/tmp/" compile loader.elf
make[5]: Entering directory '/home/mgta29/src/openwrt/target/linux/bmips/image/lzma-loader'
mkdir /home/mgta29/src/openwrt/build_dir/target-mips_mips32_musl/linux-bmips_bcm63268/tmp/openwrt-bmips-bcm63268-comtrend_vg-8050-initramfs.elf.src
cp -fpR ./src/* /home/mgta29/src/openwrt/build_dir/target-mips_mips32_musl/linux-bmips_bcm63268/tmp/openwrt-bmips-bcm63268-comtrend_vg-8050-initramfs.elf.src/
make[5]: Entering directory '/home/mgta29/src/openwrt/target/linux/bmips/image/lzma-loader'
mkdir /home/mgta29/src/openwrt/build_dir/target-mips_mips32_musl/linux-bmips_bcm63268/tmp/openwrt-bmips-bcm63268-comtrend_vr-3032u-initramfs.elf.src
touch /home/mgta29/src/openwrt/build_dir/target-mips_mips32_musl/linux-bmips_bcm63268/tmp/openwrt-bmips-bcm63268-comtrend_vg-8050-initramfs.elf.src/.prepared
cp -fpR ./src/* /home/mgta29/src/openwrt/build_dir/target-mips_mips32_musl/linux-bmips_bcm63268/tmp/openwrt-bmips-bcm63268-comtrend_vr-3032u-initramfs.elf.src/
make -C /home/mgta29/src/openwrt/build_dir/target-mips_mips32_musl/linux-bmips_bcm63268/tmp/openwrt-bmips-bcm63268-comtrend_vg-8050-initramfs.elf.src CROSS_COMPILE="mips-openwrt-linux-musl-" \
	LZMA_TEXT_START=0x82000000 \
	LOADER_DATA=/home/mgta29/src/openwrt/build_dir/target-mips_mips32_musl/linux-bmips_bcm63268/tmp/openwrt-bmips-bcm63268-comtrend_vg-8050-initramfs.elf \
	UART_BASE=0xb0000180 \
	clean all
AES 256 CBC Key: b'f1cd207305a8bcfbaac33caa56bd6822813f96da27073bb2010a7b5aaa18b2e7'
touch /home/mgta29/src/openwrt/build_dir/target-mips_mips32_musl/linux-bmips_bcm63268/tmp/openwrt-bmips-bcm63268-comtrend_vr-3032u-initramfs.elf.src/.prepared
make[6]: Entering directory '/home/mgta29/src/openwrt/build_dir/target-mips_mips32_musl/linux-bmips_bcm63268/tmp/openwrt-bmips-bcm63268-comtrend_vg-8050-initramfs.elf.src'
rm -f loader *.elf *.bin *.o
mips-openwrt-linux-musl-gcc -D__KERNEL__ -Wall -Wstrict-prototypes -Wno-trigraphs -Os -fno-strict-aliasing -fno-common -fomit-frame-pointer -G 0 -mno-abicalls -fno-pic -ffunction-sections -pipe -ffreestanding -fhonour-copts -mabi=32 -march=mips32 -Wa,-32 -Wa,-march=mips32 -Wa,-mips32 -Wa,--trap -D_LZMA_PROB32 -DUART_BASE=0xb0000180 -DLZMA_WRAPPER=1 -DLOADADDR=0x80010000 -D__ASSEMBLY__ -c -o head.o head.S
make -C /home/mgta29/src/openwrt/build_dir/target-mips_mips32_musl/linux-bmips_bcm63268/tmp/openwrt-bmips-bcm63268-comtrend_vr-3032u-initramfs.elf.src CROSS_COMPILE="mips-openwrt-linux-musl-" \
	LZMA_TEXT_START=0x82000000 \
	LOADER_DATA=/home/mgta29/src/openwrt/build_dir/target-mips_mips32_musl/linux-bmips_bcm63268/tmp/openwrt-bmips-bcm63268-comtrend_vr-3032u-initramfs.elf \
	UART_BASE=0xb0000180 \
	clean all
make[6]: Entering directory '/home/mgta29/src/openwrt/build_dir/target-mips_mips32_musl/linux-bmips_bcm63268/tmp/openwrt-bmips-bcm63268-comtrend_vr-3032u-initramfs.elf.src'
rm -f loader *.elf *.bin *.o
/home/mgta29/src/openwrt/staging_dir/host/bin/openssl enc -md md5 -aes-256-cbc -in /home/mgta29/src/openwrt/build_dir/target-mips_mips32_musl/linux-bmips_bcm63268/tmp/openwrt-bmips-bcm63268-sercomm_shg2500-squashfs-factory.img -out /home/mgta29/src/openwrt/build_dir/target-mips_mips32_musl/linux-bmips_bcm63268/tmp/openwrt-bmips-bcm63268-sercomm_shg2500-squashfs-factory.img.enc -K `cat /home/mgta29/src/openwrt/build_dir/target-mips_mips32_musl/linux-bmips_bcm63268/tmp/openwrt-bmips-bcm63268-sercomm_shg2500-squashfs-factory.img.key` -iv 00000000000000000000000000000000
mips-openwrt-linux-musl-gcc -D__KERNEL__ -Wall -Wstrict-prototypes -Wno-trigraphs -Os -fno-strict-aliasing -fno-common -fomit-frame-pointer -G 0 -mno-abicalls -fno-pic -ffunction-sections -pipe -ffreestanding -fhonour-copts -mabi=32 -march=mips32 -Wa,-32 -Wa,-march=mips32 -Wa,-mips32 -Wa,--trap -D_LZMA_PROB32 -DUART_BASE=0xb0000180 -DLZMA_WRAPPER=1 -DLOADADDR=0x80010000 -D__ASSEMBLY__ -c -o head.o head.S
mips-openwrt-linux-musl-gcc -D__KERNEL__ -Wall -Wstrict-prototypes -Wno-trigraphs -Os -fno-strict-aliasing -fno-common -fomit-frame-pointer -G 0 -mno-abicalls -fno-pic -ffunction-sections -pipe -ffreestanding -fhonour-copts -mabi=32 -march=mips32 -Wa,-32 -Wa,-march=mips32 -Wa,-mips32 -Wa,--trap -D_LZMA_PROB32 -DUART_BASE=0xb0000180 -DLZMA_WRAPPER=1 -DLOADADDR=0x80010000 -c -o loader.o loader.c
mips-openwrt-linux-musl-gcc -D__KERNEL__ -Wall -Wstrict-prototypes -Wno-trigraphs -Os -fno-strict-aliasing -fno-common -fomit-frame-pointer -G 0 -mno-abicalls -fno-pic -ffunction-sections -pipe -ffreestanding -fhonour-copts -mabi=32 -march=mips32 -Wa,-32 -Wa,-march=mips32 -Wa,-mips32 -Wa,--trap -D_LZMA_PROB32 -DUART_BASE=0xb0000180 -DLZMA_WRAPPER=1 -DLOADADDR=0x80010000 -c -o loader.o loader.c
dd if=/home/mgta29/src/openwrt/build_dir/target-mips_mips32_musl/linux-bmips_bcm63268/tmp/openwrt-bmips-bcm63268-sercomm_h500-s-vfes-squashfs-factory.img.enc >> /home/mgta29/src/openwrt/build_dir/target-mips_mips32_musl/linux-bmips_bcm63268/tmp/openwrt-bmips-bcm63268-sercomm_h500-s-vfes-squashfs-factory.img.ser
14697+1 records in
14697+1 records out
7525040 bytes (7.5 MB, 7.2 MiB) copied, 0.0126895 s, 593 MB/s
mv /home/mgta29/src/openwrt/build_dir/target-mips_mips32_musl/linux-bmips_bcm63268/tmp/openwrt-bmips-bcm63268-sercomm_h500-s-vfes-squashfs-factory.img.ser /home/mgta29/src/openwrt/build_dir/target-mips_mips32_musl/linux-bmips_bcm63268/tmp/openwrt-bmips-bcm63268-sercomm_h500-s-vfes-squashfs-factory.img
rm -f /home/mgta29/src/openwrt/build_dir/target-mips_mips32_musl/linux-bmips_bcm63268/tmp/openwrt-bmips-bcm63268-sercomm_h500-s-vfes-squashfs-factory.img.enc /home/mgta29/src/openwrt/build_dir/target-mips_mips32_musl/linux-bmips_bcm63268/tmp/openwrt-bmips-bcm63268-sercomm_h500-s-vfes-squashfs-factory.img.key
mips-openwrt-linux-musl-gcc -D__KERNEL__ -Wall -Wstrict-prototypes -Wno-trigraphs -Os -fno-strict-aliasing -fno-common -fomit-frame-pointer -G 0 -mno-abicalls -fno-pic -ffunction-sections -pipe -ffreestanding -fhonour-copts -mabi=32 -march=mips32 -Wa,-32 -Wa,-march=mips32 -Wa,-mips32 -Wa,--trap -D_LZMA_PROB32 -DUART_BASE=0xb0000180 -DLZMA_WRAPPER=1 -DLOADADDR=0x80010000 -c -o cache.o cache.c
cp /home/mgta29/src/openwrt/build_dir/target-mips_mips32_musl/linux-bmips_bcm63268/tmp/openwrt-bmips-bcm63268-sercomm_h500-s-vfes-squashfs-factory.img /home/mgta29/src/openwrt/bin/targets/bmips/bcm63268/openwrt-bmips-bcm63268-sercomm_h500-s-vfes-squashfs-factory.img
mips-openwrt-linux-musl-gcc -D__KERNEL__ -Wall -Wstrict-prototypes -Wno-trigraphs -Os -fno-strict-aliasing -fno-common -fomit-frame-pointer -G 0 -mno-abicalls -fno-pic -ffunction-sections -pipe -ffreestanding -fhonour-copts -mabi=32 -march=mips32 -Wa,-32 -Wa,-march=mips32 -Wa,-mips32 -Wa,--trap -D_LZMA_PROB32 -DUART_BASE=0xb0000180 -DLZMA_WRAPPER=1 -DLOADADDR=0x80010000 -c -o cache.o cache.c
mips-openwrt-linux-musl-gcc -D__KERNEL__ -Wall -Wstrict-prototypes -Wno-trigraphs -Os -fno-strict-aliasing -fno-common -fomit-frame-pointer -G 0 -mno-abicalls -fno-pic -ffunction-sections -pipe -ffreestanding -fhonour-copts -mabi=32 -march=mips32 -Wa,-32 -Wa,-march=mips32 -Wa,-mips32 -Wa,--trap -D_LZMA_PROB32 -DUART_BASE=0xb0000180 -DLZMA_WRAPPER=1 -DLOADADDR=0x80010000 -c -o board.o board.c
mips-openwrt-linux-musl-gcc -D__KERNEL__ -Wall -Wstrict-prototypes -Wno-trigraphs -Os -fno-strict-aliasing -fno-common -fomit-frame-pointer -G 0 -mno-abicalls -fno-pic -ffunction-sections -pipe -ffreestanding -fhonour-copts -mabi=32 -march=mips32 -Wa,-32 -Wa,-march=mips32 -Wa,-mips32 -Wa,--trap -D_LZMA_PROB32 -DUART_BASE=0xb0000180 -DLZMA_WRAPPER=1 -DLOADADDR=0x80010000 -c -o board.o board.c
DEVICE_ID="sercomm_h500-s-vfes" SOURCE_DATE_EPOCH=1778630369 FILE_NAME="openwrt-bmips-bcm63268-sercomm_h500-s-vfes-squashfs-factory.img" FILE_DIR="/home/mgta29/src/openwrt/build_dir/target-mips_mips32_musl/linux-bmips_bcm63268/tmp" FILE_TYPE=factory FILE_FILESYSTEM="squashfs" DEVICE_IMG_PREFIX="openwrt-bmips-bcm63268-sercomm_h500-s-vfes" DEVICE_VENDOR="Sercomm" DEVICE_MODEL="H500-s" DEVICE_VARIANT="vfes" DEVICE_ALT0_VENDOR="" DEVICE_ALT0_MODEL="" DEVICE_ALT0_VARIANT="" DEVICE_ALT1_VENDOR="" DEVICE_ALT1_MODEL="" DEVICE_ALT1_VARIANT="" DEVICE_ALT2_VENDOR="" DEVICE_ALT2_MODEL="" DEVICE_ALT2_VARIANT="" DEVICE_ALT3_VENDOR="" DEVICE_ALT3_MODEL="" DEVICE_ALT3_VARIANT="" DEVICE_ALT4_VENDOR="" DEVICE_ALT4_MODEL="" DEVICE_ALT4_VARIANT="" DEVICE_ALT5_VENDOR="" DEVICE_ALT5_MODEL="" DEVICE_ALT5_VARIANT="" DEVICE_TITLE="Sercomm H500-s vfes" DEVICE_PACKAGES="nand-utils kmod-usb-ohci kmod-usb-ledtrig-usbport kmod-usb2 kmod-leds-bcm6328" TARGET="bmips" SUBTARGET="bcm63268" VERSION_NUMBER="SNAPSHOT" VERSION_CODE="r34427-6865d489d2" SUPPORTED_DEVICES="sercomm,h500-s-vfes" KERNEL_SIZE="5120k" IMAGE_SIZE="" /home/mgta29/src/openwrt/scripts/json_add_image_info.py /home/mgta29/src/openwrt/build_dir/target-mips_mips32_musl/json_info_files/openwrt-bmips-bcm63268-sercomm_h500-s-vfes-squashfs-factory.img.json
dd if=/home/mgta29/src/openwrt/build_dir/target-mips_mips32_musl/linux-bmips_bcm63268/tmp/openwrt-bmips-bcm63268-sercomm_shg2500-squashfs-factory.img.enc >> /home/mgta29/src/openwrt/build_dir/target-mips_mips32_musl/linux-bmips_bcm63268/tmp/openwrt-bmips-bcm63268-sercomm_shg2500-squashfs-factory.img.ser
mips-openwrt-linux-musl-ld -r -b binary --oformat elf32-tradbigmips -T lzma-data.lds -o data.o /home/mgta29/src/openwrt/build_dir/target-mips_mips32_musl/linux-bmips_bcm63268/tmp/openwrt-bmips-bcm63268-sercomm_h500-s-lowi-initramfs.elf
mips-openwrt-linux-musl-gcc -D__KERNEL__ -Wall -Wstrict-prototypes -Wno-trigraphs -Os -fno-strict-aliasing -fno-common -fomit-frame-pointer -G 0 -mno-abicalls -fno-pic -ffunction-sections -pipe -ffreestanding -fhonour-copts -mabi=32 -march=mips32 -Wa,-32 -Wa,-march=mips32 -Wa,-mips32 -Wa,--trap -D_LZMA_PROB32 -DUART_BASE=0xb0000180 -DLZMA_WRAPPER=1 -DLOADADDR=0x80010000 -c -o printf.o printf.c
mips-openwrt-linux-musl-gcc -D__KERNEL__ -Wall -Wstrict-prototypes -Wno-trigraphs -Os -fno-strict-aliasing -fno-common -fomit-frame-pointer -G 0 -mno-abicalls -fno-pic -ffunction-sections -pipe -ffreestanding -fhonour-copts -mabi=32 -march=mips32 -Wa,-32 -Wa,-march=mips32 -Wa,-mips32 -Wa,--trap -D_LZMA_PROB32 -DUART_BASE=0xb0000180 -DLZMA_WRAPPER=1 -DLOADADDR=0x80010000 -c -o printf.o printf.c
mips-openwrt-linux-musl-ld -static --gc-sections -no-warn-mismatch -e startup -T loader.lds -Ttext 0x82000000 -o loader head.o loader.o cache.o board.o printf.o LzmaDecode.o data.o
14697+1 records in
14697+1 records out
7525072 bytes (7.5 MB, 7.2 MiB) copied, 0.0150499 s, 500 MB/s
mv /home/mgta29/src/openwrt/build_dir/target-mips_mips32_musl/linux-bmips_bcm63268/tmp/openwrt-bmips-bcm63268-sercomm_shg2500-squashfs-factory.img.ser /home/mgta29/src/openwrt/build_dir/target-mips_mips32_musl/linux-bmips_bcm63268/tmp/openwrt-bmips-bcm63268-sercomm_shg2500-squashfs-factory.img
mips-openwrt-linux-musl-ld -r -b binary --oformat elf32-tradbigmips -T lzma-data.lds -o data.o /home/mgta29/src/openwrt/build_dir/target-mips_mips32_musl/linux-bmips_bcm63268/tmp/openwrt-bmips-bcm63268-smartrg_sr505n-initramfs.elf
rm -f /home/mgta29/src/openwrt/build_dir/target-mips_mips32_musl/linux-bmips_bcm63268/tmp/openwrt-bmips-bcm63268-sercomm_shg2500-squashfs-factory.img.enc /home/mgta29/src/openwrt/build_dir/target-mips_mips32_musl/linux-bmips_bcm63268/tmp/openwrt-bmips-bcm63268-sercomm_shg2500-squashfs-factory.img.key
mips-openwrt-linux-musl-objcopy -O binary -R .reginfo -R .note -R .comment -R .mdebug -R .MIPS.abiflags -S loader loader.bin
cp /home/mgta29/src/openwrt/build_dir/target-mips_mips32_musl/linux-bmips_bcm63268/tmp/openwrt-bmips-bcm63268-sercomm_shg2500-squashfs-factory.img /home/mgta29/src/openwrt/bin/targets/bmips/bcm63268/openwrt-bmips-bcm63268-sercomm_shg2500-squashfs-factory.img
mips-openwrt-linux-musl-ld -static --gc-sections -no-warn-mismatch -e startup -T loader.lds -Ttext 0x82000000 -o loader head.o loader.o cache.o board.o printf.o LzmaDecode.o data.o
DEVICE_ID="sercomm_shg2500" SOURCE_DATE_EPOCH=1778630369 FILE_NAME="openwrt-bmips-bcm63268-sercomm_shg2500-squashfs-factory.img" FILE_DIR="/home/mgta29/src/openwrt/build_dir/target-mips_mips32_musl/linux-bmips_bcm63268/tmp" FILE_TYPE=factory FILE_FILESYSTEM="squashfs" DEVICE_IMG_PREFIX="openwrt-bmips-bcm63268-sercomm_shg2500" DEVICE_VENDOR="Sercomm" DEVICE_MODEL="SHG2500" DEVICE_VARIANT="" DEVICE_ALT0_VENDOR="" DEVICE_ALT0_MODEL="" DEVICE_ALT0_VARIANT="" DEVICE_ALT1_VENDOR="" DEVICE_ALT1_MODEL="" DEVICE_ALT1_VARIANT="" DEVICE_ALT2_VENDOR="" DEVICE_ALT2_MODEL="" DEVICE_ALT2_VARIANT="" DEVICE_ALT3_VENDOR="" DEVICE_ALT3_MODEL="" DEVICE_ALT3_VARIANT="" DEVICE_ALT4_VENDOR="" DEVICE_ALT4_MODEL="" DEVICE_ALT4_VARIANT="" DEVICE_ALT5_VENDOR="" DEVICE_ALT5_MODEL="" DEVICE_ALT5_VARIANT="" DEVICE_TITLE="Sercomm SHG2500" DEVICE_PACKAGES="nand-utils kmod-usb-ohci kmod-usb-ledtrig-usbport kmod-usb2 broadcom-4360-sprom kmod-i2c-gpio kmod-leds-sercomm-msp430" TARGET="bmips" SUBTARGET="bcm63268" VERSION_NUMBER="SNAPSHOT" VERSION_CODE="r34427-6865d489d2" SUPPORTED_DEVICES="sercomm,shg2500" KERNEL_SIZE="5120k" IMAGE_SIZE="" /home/mgta29/src/openwrt/scripts/json_add_image_info.py /home/mgta29/src/openwrt/build_dir/target-mips_mips32_musl/json_info_files/openwrt-bmips-bcm63268-sercomm_shg2500-squashfs-factory.img.json
mips-openwrt-linux-musl-ld -r -b binary --oformat elf32-tradbigmips -o loader2.o loader.bin
mips-openwrt-linux-musl-objcopy -O binary -R .reginfo -R .note -R .comment -R .mdebug -R .MIPS.abiflags -S loader loader.bin
mips-openwrt-linux-musl-ld -e startup -T loader2.lds -Ttext 0x80010000 -o loader.elf loader2.o
mips-openwrt-linux-musl-ld -r -b binary --oformat elf32-tradbigmips -o loader2.o loader.bin
make[6]: Leaving directory '/home/mgta29/src/openwrt/build_dir/target-mips_mips32_musl/linux-bmips_bcm63268/tmp/openwrt-bmips-bcm63268-sercomm_h500-s-lowi-initramfs.elf.src'
mips-openwrt-linux-musl-ld -e startup -T loader2.lds -Ttext 0x80010000 -o loader.elf loader2.o
make[5]: Leaving directory '/home/mgta29/src/openwrt/target/linux/bmips/image/lzma-loader'
make[6]: Leaving directory '/home/mgta29/src/openwrt/build_dir/target-mips_mips32_musl/linux-bmips_bcm63268/tmp/openwrt-bmips-bcm63268-smartrg_sr505n-initramfs.elf.src'
make[5]: Leaving directory '/home/mgta29/src/openwrt/target/linux/bmips/image/lzma-loader'
cp /home/mgta29/src/openwrt/build_dir/target-mips_mips32_musl/linux-bmips_bcm63268/tmp/openwrt-bmips-bcm63268-sercomm_h500-s-lowi-initramfs.elf /home/mgta29/src/openwrt/bin/targets/bmips/bcm63268/openwrt-bmips-bcm63268-sercomm_h500-s-lowi-initramfs.elf
mips-openwrt-linux-musl-gcc -D__KERNEL__ -Wall -Wstrict-prototypes -Wno-trigraphs -Os -fno-strict-aliasing -fno-common -fomit-frame-pointer -G 0 -mno-abicalls -fno-pic -ffunction-sections -pipe -ffreestanding -fhonour-copts -mabi=32 -march=mips32 -Wa,-32 -Wa,-march=mips32 -Wa,-mips32 -Wa,--trap -D_LZMA_PROB32 -DUART_BASE=0xb0000180 -DLZMA_WRAPPER=1 -DLOADADDR=0x80010000 -c -o LzmaDecode.o LzmaDecode.c
mips-openwrt-linux-musl-gcc -D__KERNEL__ -Wall -Wstrict-prototypes -Wno-trigraphs -Os -fno-strict-aliasing -fno-common -fomit-frame-pointer -G 0 -mno-abicalls -fno-pic -ffunction-sections -pipe -ffreestanding -fhonour-copts -mabi=32 -march=mips32 -Wa,-32 -Wa,-march=mips32 -Wa,-mips32 -Wa,--trap -D_LZMA_PROB32 -DUART_BASE=0xb0000180 -DLZMA_WRAPPER=1 -DLOADADDR=0x80010000 -c -o LzmaDecode.o LzmaDecode.c
DEVICE_ID="sercomm_h500-s-lowi" SOURCE_DATE_EPOCH=1778630369 FILE_NAME="openwrt-bmips-bcm63268-sercomm_h500-s-lowi-initramfs.elf" FILE_DIR="/home/mgta29/src/openwrt/build_dir/target-mips_mips32_musl/linux-bmips_bcm63268/tmp" FILE_TYPE="kernel" FILE_FILESYSTEM="initramfs" DEVICE_IMG_PREFIX="openwrt-bmips-bcm63268-sercomm_h500-s-lowi" DEVICE_VENDOR="Sercomm" DEVICE_MODEL="H500-s" DEVICE_VARIANT="lowi" DEVICE_ALT0_VENDOR="" DEVICE_ALT0_MODEL="" DEVICE_ALT0_VARIANT="" DEVICE_ALT1_VENDOR="" DEVICE_ALT1_MODEL="" DEVICE_ALT1_VARIANT="" DEVICE_ALT2_VENDOR="" DEVICE_ALT2_MODEL="" DEVICE_ALT2_VARIANT="" DEVICE_ALT3_VENDOR="" DEVICE_ALT3_MODEL="" DEVICE_ALT3_VARIANT="" DEVICE_ALT4_VENDOR="" DEVICE_ALT4_MODEL="" DEVICE_ALT4_VARIANT="" DEVICE_ALT5_VENDOR="" DEVICE_ALT5_MODEL="" DEVICE_ALT5_VARIANT="" DEVICE_TITLE="Sercomm H500-s lowi" DEVICE_PACKAGES="nand-utils kmod-usb-ohci kmod-usb-ledtrig-usbport kmod-usb2 kmod-leds-bcm6328" TARGET="bmips" SUBTARGET="bcm63268" VERSION_NUMBER="SNAPSHOT" VERSION_CODE="r34427-6865d489d2" SUPPORTED_DEVICES="sercomm,h500-s-lowi" KERNEL_SIZE="5120k" IMAGE_SIZE="" /home/mgta29/src/openwrt/scripts/json_add_image_info.py /home/mgta29/src/openwrt/build_dir/target-mips_mips32_musl/json_info_files/openwrt-bmips-bcm63268-sercomm_h500-s-lowi-initramfs.elf.json
cp /home/mgta29/src/openwrt/build_dir/target-mips_mips32_musl/linux-bmips_bcm63268/tmp/openwrt-bmips-bcm63268-smartrg_sr505n-initramfs.elf /home/mgta29/src/openwrt/bin/targets/bmips/bcm63268/openwrt-bmips-bcm63268-smartrg_sr505n-initramfs.elf
[ -f /home/mgta29/src/openwrt/build_dir/target-mips_mips32_musl/linux-bmips_bcm63268/sercomm_h500-s-lowi-kernel.bin -a -f /home/mgta29/src/openwrt/build_dir/target-mips_mips32_musl/linux-bmips_bcm63268/root.squashfs ]
[ -f /home/mgta29/src/openwrt/build_dir/target-mips_mips32_musl/linux-bmips_bcm63268/sercomm_h500-s-lowi-kernel.bin -a -f /home/mgta29/src/openwrt/build_dir/target-mips_mips32_musl/linux-bmips_bcm63268/root.squashfs ]
dd if=/home/mgta29/src/openwrt/build_dir/target-mips_mips32_musl/linux-bmips_bcm63268/sercomm_h500-s-lowi-kernel.bin >> /home/mgta29/src/openwrt/build_dir/target-mips_mips32_musl/linux-bmips_bcm63268/tmp/openwrt-bmips-bcm63268-sercomm_h500-s-lowi-squashfs-factory.img
sh /home/mgta29/src/openwrt/scripts/sysupgrade-tar.sh --board sercomm_h500-s-lowi --kernel /home/mgta29/src/openwrt/build_dir/target-mips_mips32_musl/linux-bmips_bcm63268/sercomm_h500-s-lowi-kernel.bin --rootfs /home/mgta29/src/openwrt/build_dir/target-mips_mips32_musl/linux-bmips_bcm63268/root.squashfs  /home/mgta29/src/openwrt/build_dir/target-mips_mips32_musl/linux-bmips_bcm63268/tmp/openwrt-bmips-bcm63268-sercomm_h500-s-lowi-squashfs-sysupgrade.bin
6912+0 records in
6912+0 records out
3538944 bytes (3.5 MB, 3.4 MiB) copied, 0.00627034 s, 564 MB/s
DEVICE_ID="smartrg_sr505n" SOURCE_DATE_EPOCH=1778630369 FILE_NAME="openwrt-bmips-bcm63268-smartrg_sr505n-initramfs.elf" FILE_DIR="/home/mgta29/src/openwrt/build_dir/target-mips_mips32_musl/linux-bmips_bcm63268/tmp" FILE_TYPE="kernel" FILE_FILESYSTEM="initramfs" DEVICE_IMG_PREFIX="openwrt-bmips-bcm63268-smartrg_sr505n" DEVICE_VENDOR="SmartRG" DEVICE_MODEL="SR505n" DEVICE_VARIANT="" DEVICE_ALT0_VENDOR="" DEVICE_ALT0_MODEL="" DEVICE_ALT0_VARIANT="" DEVICE_ALT1_VENDOR="" DEVICE_ALT1_MODEL="" DEVICE_ALT1_VARIANT="" DEVICE_ALT2_VENDOR="" DEVICE_ALT2_MODEL="" DEVICE_ALT2_VARIANT="" DEVICE_ALT3_VENDOR="" DEVICE_ALT3_MODEL="" DEVICE_ALT3_VARIANT="" DEVICE_ALT4_VENDOR="" DEVICE_ALT4_MODEL="" DEVICE_ALT4_VARIANT="" DEVICE_ALT5_VENDOR="" DEVICE_ALT5_MODEL="" DEVICE_ALT5_VARIANT="" DEVICE_TITLE="SmartRG SR505n" DEVICE_PACKAGES="kmod-usb-ohci kmod-usb-ledtrig-usbport kmod-usb2 kmod-leds-bcm6328" TARGET="bmips" SUBTARGET="bcm63268" VERSION_NUMBER="SNAPSHOT" VERSION_CODE="r34427-6865d489d2" SUPPORTED_DEVICES="smartrg,sr505n" KERNEL_SIZE="" IMAGE_SIZE="" /home/mgta29/src/openwrt/scripts/json_add_image_info.py /home/mgta29/src/openwrt/build_dir/target-mips_mips32_musl/json_info_files/openwrt-bmips-bcm63268-smartrg_sr505n-initramfs.elf.json
dd if=/home/mgta29/src/openwrt/build_dir/target-mips_mips32_musl/linux-bmips_bcm63268/tmp/openwrt-bmips-bcm63268-sercomm_h500-s-lowi-squashfs-factory.img of=/home/mgta29/src/openwrt/build_dir/target-mips_mips32_musl/linux-bmips_bcm63268/tmp/openwrt-bmips-bcm63268-sercomm_h500-s-lowi-squashfs-factory.img.new bs=5120k conv=sync
4020+1 records in
4021+0 records out
4117504 bytes (4.1 MB, 3.9 MiB) copied, 0.00601174 s, 685 MB/s
0+1 records in
1+0 records out
5242880 bytes (5.2 MB, 5.0 MiB) copied, 0.00495827 s, 1.1 GB/s
mv /home/mgta29/src/openwrt/build_dir/target-mips_mips32_musl/linux-bmips_bcm63268/tmp/openwrt-bmips-bcm63268-sercomm_h500-s-lowi-squashfs-factory.img.new /home/mgta29/src/openwrt/build_dir/target-mips_mips32_musl/linux-bmips_bcm63268/tmp/openwrt-bmips-bcm63268-sercomm_h500-s-lowi-squashfs-factory.img
[ -f /home/mgta29/src/openwrt/build_dir/target-mips_mips32_musl/linux-bmips_bcm63268/smartrg_sr505n-kernel.bin -a -f /home/mgta29/src/openwrt/build_dir/target-mips_mips32_musl/linux-bmips_bcm63268/root.squashfs ]
tar: Option --mtime: Treating date '@1778630369' as 2026-05-12 23:59:29
sysupgrade-sercomm_h500-s-lowi/
sysupgrade-sercomm_h500-s-lowi/CONTROL
sysupgrade-sercomm_h500-s-lowi/kernel
/home/mgta29/src/openwrt/staging_dir/host/bin/imagetag -i /home/mgta29/src/openwrt/build_dir/target-mips_mips32_musl/linux-bmips_bcm63268/smartrg_sr505n-kernel.bin -f /home/mgta29/src/openwrt/build_dir/target-mips_mips32_musl/linux-bmips_bcm63268/root.squashfs --output /home/mgta29/src/openwrt/build_dir/target-mips_mips32_musl/linux-bmips_bcm63268/tmp/openwrt-bmips-bcm63268-smartrg_sr505n-squashfs-cfe.bin --boardid 963168MBV_17AZZ --chipid 63268 --entry 0x81000000		 --load-addr 0x81000000		 --info1 "sr505n" --info2 "squashfs"  --block-size 0x10000 --image-offset 0x10000 --pad 8
sh /home/mgta29/src/openwrt/scripts/ubinize-image.sh    --rootfs /home/mgta29/src/openwrt/build_dir/target-mips_mips32_musl/linux-bmips_bcm63268/root.squashfs /home/mgta29/src/openwrt/build_dir/target-mips_mips32_musl/linux-bmips_bcm63268/tmp/openwrt-bmips-bcm63268-sercomm_h500-s-lowi-squashfs-factory.img.tmp -p 128KiB -m 2048 -s 512 -O 2048 -E 5
[ -f /home/mgta29/src/openwrt/build_dir/target-mips_mips32_musl/linux-bmips_bcm63268/smartrg_sr505n-kernel.bin -a -f /home/mgta29/src/openwrt/build_dir/target-mips_mips32_musl/linux-bmips_bcm63268/root.squashfs ]
sysupgrade-sercomm_h500-s-lowi/root
/home/mgta29/src/openwrt/staging_dir/host/bin/imagetag -i /home/mgta29/src/openwrt/build_dir/target-mips_mips32_musl/linux-bmips_bcm63268/smartrg_sr505n-kernel.bin -f /home/mgta29/src/openwrt/build_dir/target-mips_mips32_musl/linux-bmips_bcm63268/root.squashfs --output /home/mgta29/src/openwrt/build_dir/target-mips_mips32_musl/linux-bmips_bcm63268/tmp/openwrt-bmips-bcm63268-smartrg_sr505n-squashfs-sysupgrade.bin --boardid 963168MBV_17AZZ --chipid 63268 --entry 0x81000000		 --load-addr 0x81000000		 --info1 "sr505n" --info2 "squashfs"  --block-size 0x10000 --image-offset 0x10000 
[rootfs]
mode=ubi
vol_id=0
vol_type=dynamic
vol_name=rootfs
image=/home/mgta29/src/openwrt/build_dir/target-mips_mips32_musl/linux-bmips_bcm63268/root.squashfs
vol_size=4117504
[rootfs_data]
mode=ubi
vol_id=1
vol_type=dynamic
vol_name=rootfs_data
vol_size=1MiB
vol_flags=autoresize
echo '{  "metadata_version": "1.1", "compat_version": "1.0",   "supported_devices":["sercomm,h500-s-lowi"], "version": { "dist": "OpenWrt", "version": "SNAPSHOT", "revision": "r34427-6865d489d2", "target": "bmips/bcm63268", "board": "sercomm_h500-s-lowi" } }' | fwtool -I - /home/mgta29/src/openwrt/build_dir/target-mips_mips32_musl/linux-bmips_bcm63268/tmp/openwrt-bmips-bcm63268-sercomm_h500-s-lowi-squashfs-sysupgrade.bin
cat /home/mgta29/src/openwrt/build_dir/target-mips_mips32_musl/linux-bmips_bcm63268/tmp/openwrt-bmips-bcm63268-sercomm_h500-s-lowi-squashfs-factory.img.tmp >> /home/mgta29/src/openwrt/build_dir/target-mips_mips32_musl/linux-bmips_bcm63268/tmp/openwrt-bmips-bcm63268-sercomm_h500-s-lowi-squashfs-factory.img
rm /home/mgta29/src/openwrt/build_dir/target-mips_mips32_musl/linux-bmips_bcm63268/tmp/openwrt-bmips-bcm63268-sercomm_h500-s-lowi-squashfs-factory.img.tmp
/home/mgta29/src/openwrt/scripts/sercomm-partition-tag.py --input-file /home/mgta29/src/openwrt/build_dir/target-mips_mips32_musl/linux-bmips_bcm63268/tmp/openwrt-bmips-bcm63268-sercomm_h500-s-lowi-squashfs-factory.img --output-file /home/mgta29/src/openwrt/build_dir/target-mips_mips32_musl/linux-bmips_bcm63268/tmp/openwrt-bmips-bcm63268-sercomm_h500-s-lowi-squashfs-factory.img.kernel_rootfs --part-name kernel_rootfs --part-version OpenWrt --rootfs-version 1001
sha256sum "/home/mgta29/src/openwrt/build_dir/target-mips_mips32_musl/linux-bmips_bcm63268/tmp/openwrt-bmips-bcm63268-sercomm_h500-s-lowi-squashfs-sysupgrade.bin" | cut -d" " -f1 > "/home/mgta29/src/openwrt/build_dir/target-mips_mips32_musl/linux-bmips_bcm63268/tmp/openwrt-bmips-bcm63268-sercomm_h500-s-lowi-squashfs-sysupgrade.bin.sha256sum"
[ ! -s "/home/mgta29/src/openwrt/key-build" -o ! -s "/home/mgta29/src/openwrt/key-build.ucert" -o ! -s "/home/mgta29/src/openwrt/build_dir/target-mips_mips32_musl/linux-bmips_bcm63268/tmp/openwrt-bmips-bcm63268-sercomm_h500-s-lowi-squashfs-sysupgrade.bin" ] || { cp "/home/mgta29/src/openwrt/key-build.ucert" "/home/mgta29/src/openwrt/build_dir/target-mips_mips32_musl/linux-bmips_bcm63268/tmp/openwrt-bmips-bcm63268-sercomm_h500-s-lowi-squashfs-sysupgrade.bin.ucert" ; usign -S -m "/home/mgta29/src/openwrt/build_dir/target-mips_mips32_musl/linux-bmips_bcm63268/tmp/openwrt-bmips-bcm63268-sercomm_h500-s-lowi-squashfs-sysupgrade.bin" -s "/home/mgta29/src/openwrt/key-build" -x "/home/mgta29/src/openwrt/build_dir/target-mips_mips32_musl/linux-bmips_bcm63268/tmp/openwrt-bmips-bcm63268-sercomm_h500-s-lowi-squashfs-sysupgrade.bin.sig" ; ucert -A -c "/home/mgta29/src/openwrt/build_dir/target-mips_mips32_musl/linux-bmips_bcm63268/tmp/openwrt-bmips-bcm63268-sercomm_h500-s-lowi-squashfs-sysupgrade.bin.ucert" -x "/home/mgta29/src/openwrt/build_dir/target-mips_mips32_musl/linux-bmips_bcm63268/tmp/openwrt-bmips-bcm63268-sercomm_h500-s-lowi-squashfs-sysupgrade.bin.sig" ; fwtool -S "/home/mgta29/src/openwrt/build_dir/target-mips_mips32_musl/linux-bmips_bcm63268/tmp/openwrt-bmips-bcm63268-sercomm_h500-s-lowi-squashfs-sysupgrade.bin.ucert" "/home/mgta29/src/openwrt/build_dir/target-mips_mips32_musl/linux-bmips_bcm63268/tmp/openwrt-bmips-bcm63268-sercomm_h500-s-lowi-squashfs-sysupgrade.bin" ; }
cp /home/mgta29/src/openwrt/build_dir/target-mips_mips32_musl/linux-bmips_bcm63268/tmp/openwrt-bmips-bcm63268-sercomm_h500-s-lowi-squashfs-sysupgrade.bin /home/mgta29/src/openwrt/bin/targets/bmips/bcm63268/openwrt-bmips-bcm63268-sercomm_h500-s-lowi-squashfs-sysupgrade.bin
DEVICE_ID="sercomm_h500-s-lowi" SOURCE_DATE_EPOCH=1778630369 FILE_NAME="openwrt-bmips-bcm63268-sercomm_h500-s-lowi-squashfs-sysupgrade.bin" FILE_DIR="/home/mgta29/src/openwrt/build_dir/target-mips_mips32_musl/linux-bmips_bcm63268/tmp" FILE_TYPE=sysupgrade FILE_FILESYSTEM="squashfs" DEVICE_IMG_PREFIX="openwrt-bmips-bcm63268-sercomm_h500-s-lowi" DEVICE_VENDOR="Sercomm" DEVICE_MODEL="H500-s" DEVICE_VARIANT="lowi" DEVICE_ALT0_VENDOR="" DEVICE_ALT0_MODEL="" DEVICE_ALT0_VARIANT="" DEVICE_ALT1_VENDOR="" DEVICE_ALT1_MODEL="" DEVICE_ALT1_VARIANT="" DEVICE_ALT2_VENDOR="" DEVICE_ALT2_MODEL="" DEVICE_ALT2_VARIANT="" DEVICE_ALT3_VENDOR="" DEVICE_ALT3_MODEL="" DEVICE_ALT3_VARIANT="" DEVICE_ALT4_VENDOR="" DEVICE_ALT4_MODEL="" DEVICE_ALT4_VARIANT="" DEVICE_ALT5_VENDOR="" DEVICE_ALT5_MODEL="" DEVICE_ALT5_VARIANT="" DEVICE_TITLE="Sercomm H500-s lowi" DEVICE_PACKAGES="nand-utils kmod-usb-ohci kmod-usb-ledtrig-usbport kmod-usb2 kmod-leds-bcm6328" TARGET="bmips" SUBTARGET="bcm63268" VERSION_NUMBER="SNAPSHOT" VERSION_CODE="r34427-6865d489d2" SUPPORTED_DEVICES="sercomm,h500-s-lowi" KERNEL_SIZE="5120k" IMAGE_SIZE="" /home/mgta29/src/openwrt/scripts/json_add_image_info.py /home/mgta29/src/openwrt/build_dir/target-mips_mips32_musl/json_info_files/openwrt-bmips-bcm63268-sercomm_h500-s-lowi-squashfs-sysupgrade.bin.json
Broadcom 63xx image tagger - v2.0.0
Copyright (C) 2008 Axel Gembe
Copyright (C) 2009-2010 Daniel Dickinson
Licensed under the terms of the Gnu General Public License
Data alignment to 64k with 'deadc0de' appended
echo '{  "metadata_version": "1.1", "compat_version": "1.0",   "supported_devices":["smartrg,sr505n"], "version": { "dist": "OpenWrt", "version": "SNAPSHOT", "revision": "r34427-6865d489d2", "target": "bmips/bcm63268", "board": "smartrg_sr505n" } }' | fwtool -I - /home/mgta29/src/openwrt/build_dir/target-mips_mips32_musl/linux-bmips_bcm63268/tmp/openwrt-bmips-bcm63268-smartrg_sr505n-squashfs-sysupgrade.bin
b'kernel_rootfs\x00\x00\x00\x00\x00\x00\x00\x00\x00\x00\x00\x00\x00\x00\x00\x00\x00\x00\x0010485760\x00\x00\x00\x00\x00\x00\x00\x00\x00\x00\x00\x00\x00\x00\x00\x00\x00\x00\x00\x00\x00\x00\x00\x00OpenWrt\x00\x00\x00\x00\x00\x00\x00\x00\x00\x00\x00\x00\x00\x00\x00\x00\x00\x00\x00\x00\x00\x00\x00\x00\x00\x00\x00\x00\x00\x00\x00\x00\x00\x00\x00\x00\x00\x00\x00\x00\x00\x00\x00\x00\x00\x00\x00\x00\x00\x00\x00\x00\x00\x00\x00\x00\x001001\x00\x00\x00\x00\x00\x00\x00\x00\x00\x00\x00\x00\x00\x00\x00\x00\x00\x00\x00\x00\x00\x00\x00\x00\x00\x00\x00\x00'
rm -rf /home/mgta29/src/openwrt/build_dir/target-mips_mips32_musl/linux-bmips_bcm63268/tmp/openwrt-bmips-bcm63268-sercomm_h500-s-lowi-squashfs-factory.img-rootfs_lib
mkdir -p /home/mgta29/src/openwrt/build_dir/target-mips_mips32_musl/linux-bmips_bcm63268/tmp/openwrt-bmips-bcm63268-sercomm_h500-s-lowi-squashfs-factory.img-rootfs_lib
Broadcom 63xx image tagger - v2.0.0
Copyright (C) 2008 Axel Gembe
Copyright (C) 2009-2010 Daniel Dickinson
Licensed under the terms of the Gnu General Public License
Data alignment to 64k with 'deadc0de' appended
Padding image to 8388608 bytes ...
cp /home/mgta29/src/openwrt/build_dir/target-mips_mips32_musl/linux-bmips_bcm63268/tmp/openwrt-bmips-bcm63268-smartrg_sr505n-squashfs-cfe.bin /home/mgta29/src/openwrt/bin/targets/bmips/bcm63268/openwrt-bmips-bcm63268-smartrg_sr505n-squashfs-cfe.bin
echo 1001 > /home/mgta29/src/openwrt/build_dir/target-mips_mips32_musl/linux-bmips_bcm63268/tmp/openwrt-bmips-bcm63268-sercomm_h500-s-lowi-squashfs-factory.img-rootfs_lib/lib_ver
/home/mgta29/src/openwrt/staging_dir/host/bin/mkfs.jffs2 --big-endian --pad --no-cleanmarkers --eraseblock=128KiB --root=/home/mgta29/src/openwrt/build_dir/target-mips_mips32_musl/linux-bmips_bcm63268/tmp/openwrt-bmips-bcm63268-sercomm_h500-s-lowi-squashfs-factory.img-rootfs_lib --output=/home/mgta29/src/openwrt/build_dir/target-mips_mips32_musl/linux-bmips_bcm63268/tmp/openwrt-bmips-bcm63268-sercomm_h500-s-lowi-squashfs-factory.img --compression-mode=none
sha256sum "/home/mgta29/src/openwrt/build_dir/target-mips_mips32_musl/linux-bmips_bcm63268/tmp/openwrt-bmips-bcm63268-smartrg_sr505n-squashfs-sysupgrade.bin" | cut -d" " -f1 > "/home/mgta29/src/openwrt/build_dir/target-mips_mips32_musl/linux-bmips_bcm63268/tmp/openwrt-bmips-bcm63268-smartrg_sr505n-squashfs-sysupgrade.bin.sha256sum"
dd if=/home/mgta29/src/openwrt/build_dir/target-mips_mips32_musl/linux-bmips_bcm63268/tmp/openwrt-bmips-bcm63268-sercomm_h500-s-lowi-squashfs-factory.img of=/home/mgta29/src/openwrt/build_dir/target-mips_mips32_musl/linux-bmips_bcm63268/tmp/openwrt-bmips-bcm63268-sercomm_h500-s-lowi-squashfs-factory.img.new bs=128k conv=sync
mips-openwrt-linux-musl-ld -r -b binary --oformat elf32-tradbigmips -T lzma-data.lds -o data.o /home/mgta29/src/openwrt/build_dir/target-mips_mips32_musl/linux-bmips_bcm63268/tmp/openwrt-bmips-bcm63268-comtrend_vg-8050-initramfs.elf
1+0 records in
1+0 records out
131072 bytes (131 kB, 128 KiB) copied, 0.000113441 s, 1.2 GB/s
mv /home/mgta29/src/openwrt/build_dir/target-mips_mips32_musl/linux-bmips_bcm63268/tmp/openwrt-bmips-bcm63268-sercomm_h500-s-lowi-squashfs-factory.img.new /home/mgta29/src/openwrt/build_dir/target-mips_mips32_musl/linux-bmips_bcm63268/tmp/openwrt-bmips-bcm63268-sercomm_h500-s-lowi-squashfs-factory.img
DEVICE_ID="smartrg_sr505n" SOURCE_DATE_EPOCH=1778630369 FILE_NAME="openwrt-bmips-bcm63268-smartrg_sr505n-squashfs-cfe.bin" FILE_DIR="/home/mgta29/src/openwrt/build_dir/target-mips_mips32_musl/linux-bmips_bcm63268/tmp" FILE_TYPE=cfe FILE_FILESYSTEM="squashfs" DEVICE_IMG_PREFIX="openwrt-bmips-bcm63268-smartrg_sr505n" DEVICE_VENDOR="SmartRG" DEVICE_MODEL="SR505n" DEVICE_VARIANT="" DEVICE_ALT0_VENDOR="" DEVICE_ALT0_MODEL="" DEVICE_ALT0_VARIANT="" DEVICE_ALT1_VENDOR="" DEVICE_ALT1_MODEL="" DEVICE_ALT1_VARIANT="" DEVICE_ALT2_VENDOR="" DEVICE_ALT2_MODEL="" DEVICE_ALT2_VARIANT="" DEVICE_ALT3_VENDOR="" DEVICE_ALT3_MODEL="" DEVICE_ALT3_VARIANT="" DEVICE_ALT4_VENDOR="" DEVICE_ALT4_MODEL="" DEVICE_ALT4_VARIANT="" DEVICE_ALT5_VENDOR="" DEVICE_ALT5_MODEL="" DEVICE_ALT5_VARIANT="" DEVICE_TITLE="SmartRG SR505n" DEVICE_PACKAGES="kmod-usb-ohci kmod-usb-ledtrig-usbport kmod-usb2 kmod-leds-bcm6328" TARGET="bmips" SUBTARGET="bcm63268" VERSION_NUMBER="SNAPSHOT" VERSION_CODE="r34427-6865d489d2" SUPPORTED_DEVICES="smartrg,sr505n" KERNEL_SIZE="" IMAGE_SIZE="" /home/mgta29/src/openwrt/scripts/json_add_image_info.py /home/mgta29/src/openwrt/build_dir/target-mips_mips32_musl/json_info_files/openwrt-bmips-bcm63268-smartrg_sr505n-squashfs-cfe.bin.json
mips-openwrt-linux-musl-ld -r -b binary --oformat elf32-tradbigmips -T lzma-data.lds -o data.o /home/mgta29/src/openwrt/build_dir/target-mips_mips32_musl/linux-bmips_bcm63268/tmp/openwrt-bmips-bcm63268-comtrend_vr-3032u-initramfs.elf
dd if=/home/mgta29/src/openwrt/build_dir/target-mips_mips32_musl/linux-bmips_bcm63268/tmp/openwrt-bmips-bcm63268-sercomm_h500-s-lowi-squashfs-factory.img of=/home/mgta29/src/openwrt/build_dir/target-mips_mips32_musl/linux-bmips_bcm63268/tmp/openwrt-bmips-bcm63268-sercomm_h500-s-lowi-squashfs-factory.img.new bs=128k conv=sync
1+0 records in
1+0 records out
131072 bytes (131 kB, 128 KiB) copied, 0.000150184 s, 873 MB/s
mv /home/mgta29/src/openwrt/build_dir/target-mips_mips32_musl/linux-bmips_bcm63268/tmp/openwrt-bmips-bcm63268-sercomm_h500-s-lowi-squashfs-factory.img.new /home/mgta29/src/openwrt/build_dir/target-mips_mips32_musl/linux-bmips_bcm63268/tmp/openwrt-bmips-bcm63268-sercomm_h500-s-lowi-squashfs-factory.img
[ ! -s "/home/mgta29/src/openwrt/key-build" -o ! -s "/home/mgta29/src/openwrt/key-build.ucert" -o ! -s "/home/mgta29/src/openwrt/build_dir/target-mips_mips32_musl/linux-bmips_bcm63268/tmp/openwrt-bmips-bcm63268-smartrg_sr505n-squashfs-sysupgrade.bin" ] || { cp "/home/mgta29/src/openwrt/key-build.ucert" "/home/mgta29/src/openwrt/build_dir/target-mips_mips32_musl/linux-bmips_bcm63268/tmp/openwrt-bmips-bcm63268-smartrg_sr505n-squashfs-sysupgrade.bin.ucert" ; usign -S -m "/home/mgta29/src/openwrt/build_dir/target-mips_mips32_musl/linux-bmips_bcm63268/tmp/openwrt-bmips-bcm63268-smartrg_sr505n-squashfs-sysupgrade.bin" -s "/home/mgta29/src/openwrt/key-build" -x "/home/mgta29/src/openwrt/build_dir/target-mips_mips32_musl/linux-bmips_bcm63268/tmp/openwrt-bmips-bcm63268-smartrg_sr505n-squashfs-sysupgrade.bin.sig" ; ucert -A -c "/home/mgta29/src/openwrt/build_dir/target-mips_mips32_musl/linux-bmips_bcm63268/tmp/openwrt-bmips-bcm63268-smartrg_sr505n-squashfs-sysupgrade.bin.ucert" -x "/home/mgta29/src/openwrt/build_dir/target-mips_mips32_musl/linux-bmips_bcm63268/tmp/openwrt-bmips-bcm63268-smartrg_sr505n-squashfs-sysupgrade.bin.sig" ; fwtool -S "/home/mgta29/src/openwrt/build_dir/target-mips_mips32_musl/linux-bmips_bcm63268/tmp/openwrt-bmips-bcm63268-smartrg_sr505n-squashfs-sysupgrade.bin.ucert" "/home/mgta29/src/openwrt/build_dir/target-mips_mips32_musl/linux-bmips_bcm63268/tmp/openwrt-bmips-bcm63268-smartrg_sr505n-squashfs-sysupgrade.bin" ; }
/home/mgta29/src/openwrt/scripts/sercomm-partition-tag.py --input-file /home/mgta29/src/openwrt/build_dir/target-mips_mips32_musl/linux-bmips_bcm63268/tmp/openwrt-bmips-bcm63268-sercomm_h500-s-lowi-squashfs-factory.img --output-file /home/mgta29/src/openwrt/build_dir/target-mips_mips32_musl/linux-bmips_bcm63268/tmp/openwrt-bmips-bcm63268-sercomm_h500-s-lowi-squashfs-factory.img.rootfs_lib --part-name rootfs_lib --part-version 1001
cp /home/mgta29/src/openwrt/build_dir/target-mips_mips32_musl/linux-bmips_bcm63268/tmp/openwrt-bmips-bcm63268-smartrg_sr505n-squashfs-sysupgrade.bin /home/mgta29/src/openwrt/bin/targets/bmips/bcm63268/openwrt-bmips-bcm63268-smartrg_sr505n-squashfs-sysupgrade.bin
mips-openwrt-linux-musl-ld -static --gc-sections -no-warn-mismatch -e startup -T loader.lds -Ttext 0x82000000 -o loader head.o loader.o cache.o board.o printf.o LzmaDecode.o data.o
mips-openwrt-linux-musl-ld -static --gc-sections -no-warn-mismatch -e startup -T loader.lds -Ttext 0x82000000 -o loader head.o loader.o cache.o board.o printf.o LzmaDecode.o data.o
mips-openwrt-linux-musl-objcopy -O binary -R .reginfo -R .note -R .comment -R .mdebug -R .MIPS.abiflags -S loader loader.bin
DEVICE_ID="smartrg_sr505n" SOURCE_DATE_EPOCH=1778630369 FILE_NAME="openwrt-bmips-bcm63268-smartrg_sr505n-squashfs-sysupgrade.bin" FILE_DIR="/home/mgta29/src/openwrt/build_dir/target-mips_mips32_musl/linux-bmips_bcm63268/tmp" FILE_TYPE=sysupgrade FILE_FILESYSTEM="squashfs" DEVICE_IMG_PREFIX="openwrt-bmips-bcm63268-smartrg_sr505n" DEVICE_VENDOR="SmartRG" DEVICE_MODEL="SR505n" DEVICE_VARIANT="" DEVICE_ALT0_VENDOR="" DEVICE_ALT0_MODEL="" DEVICE_ALT0_VARIANT="" DEVICE_ALT1_VENDOR="" DEVICE_ALT1_MODEL="" DEVICE_ALT1_VARIANT="" DEVICE_ALT2_VENDOR="" DEVICE_ALT2_MODEL="" DEVICE_ALT2_VARIANT="" DEVICE_ALT3_VENDOR="" DEVICE_ALT3_MODEL="" DEVICE_ALT3_VARIANT="" DEVICE_ALT4_VENDOR="" DEVICE_ALT4_MODEL="" DEVICE_ALT4_VARIANT="" DEVICE_ALT5_VENDOR="" DEVICE_ALT5_MODEL="" DEVICE_ALT5_VARIANT="" DEVICE_TITLE="SmartRG SR505n" DEVICE_PACKAGES="kmod-usb-ohci kmod-usb-ledtrig-usbport kmod-usb2 kmod-leds-bcm6328" TARGET="bmips" SUBTARGET="bcm63268" VERSION_NUMBER="SNAPSHOT" VERSION_CODE="r34427-6865d489d2" SUPPORTED_DEVICES="smartrg,sr505n" KERNEL_SIZE="" IMAGE_SIZE="" /home/mgta29/src/openwrt/scripts/json_add_image_info.py /home/mgta29/src/openwrt/build_dir/target-mips_mips32_musl/json_info_files/openwrt-bmips-bcm63268-smartrg_sr505n-squashfs-sysupgrade.bin.json
mips-openwrt-linux-musl-objcopy -O binary -R .reginfo -R .note -R .comment -R .mdebug -R .MIPS.abiflags -S loader loader.bin
mips-openwrt-linux-musl-ld -r -b binary --oformat elf32-tradbigmips -o loader2.o loader.bin
mips-openwrt-linux-musl-ld -r -b binary --oformat elf32-tradbigmips -o loader2.o loader.bin
b'rootfs_lib\x00\x00\x00\x00\x00\x00\x00\x00\x00\x00\x00\x00\x00\x00\x00\x00\x00\x00\x00\x00\x00\x00131072\x00\x00\x00\x00\x00\x00\x00\x00\x00\x00\x00\x00\x00\x00\x00\x00\x00\x00\x00\x00\x00\x00\x00\x00\x00\x001001\x00\x00\x00\x00\x00\x00\x00\x00\x00\x00\x00\x00\x00\x00\x00\x00\x00\x00\x00\x00\x00\x00\x00\x00\x00\x00\x00\x00\x00\x00\x00\x00\x00\x00\x00\x00\x00\x00\x00\x00\x00\x00\x00\x00\x00\x00\x00\x00\x00\x00\x00\x00\x00\x00\x00\x00\x00\x00\x00\x00\x00\x00\x00\x00\x00\x00\x00\x00\x00\x00\x00\x00\x00\x00\x00\x00\x00\x00\x00\x00\x00\x00\x00\x00\x00\x00\x00\x00\x00\x00\x00\x00'
mv /home/mgta29/src/openwrt/build_dir/target-mips_mips32_musl/linux-bmips_bcm63268/tmp/openwrt-bmips-bcm63268-sercomm_h500-s-lowi-squashfs-factory.img.kernel_rootfs /home/mgta29/src/openwrt/build_dir/target-mips_mips32_musl/linux-bmips_bcm63268/tmp/openwrt-bmips-bcm63268-sercomm_h500-s-lowi-squashfs-factory.img
mips-openwrt-linux-musl-ld -e startup -T loader2.lds -Ttext 0x81000000 -o loader.elf loader2.o
dd if=/home/mgta29/src/openwrt/build_dir/target-mips_mips32_musl/linux-bmips_bcm63268/tmp/openwrt-bmips-bcm63268-sercomm_h500-s-lowi-squashfs-factory.img.rootfs_lib >> /home/mgta29/src/openwrt/build_dir/target-mips_mips32_musl/linux-bmips_bcm63268/tmp/openwrt-bmips-bcm63268-sercomm_h500-s-lowi-squashfs-factory.img
mips-openwrt-linux-musl-ld -e startup -T loader2.lds -Ttext 0x81000000 -o loader.elf loader2.o
256+1 records in
256+1 records out
131232 bytes (131 kB, 128 KiB) copied, 0.000247806 s, 530 MB/s
/home/mgta29/src/openwrt/staging_dir/host/bin/gzip -f -9n -c /home/mgta29/src/openwrt/build_dir/target-mips_mips32_musl/linux-bmips_bcm63268/tmp/openwrt-bmips-bcm63268-sercomm_h500-s-lowi-squashfs-factory.img  > /home/mgta29/src/openwrt/build_dir/target-mips_mips32_musl/linux-bmips_bcm63268/tmp/openwrt-bmips-bcm63268-sercomm_h500-s-lowi-squashfs-factory.img.new
make[6]: Leaving directory '/home/mgta29/src/openwrt/build_dir/target-mips_mips32_musl/linux-bmips_bcm63268/tmp/openwrt-bmips-bcm63268-comtrend_vg-8050-initramfs.elf.src'
make[6]: Leaving directory '/home/mgta29/src/openwrt/build_dir/target-mips_mips32_musl/linux-bmips_bcm63268/tmp/openwrt-bmips-bcm63268-comtrend_vr-3032u-initramfs.elf.src'
make[5]: Leaving directory '/home/mgta29/src/openwrt/target/linux/bmips/image/lzma-loader'
make[5]: Leaving directory '/home/mgta29/src/openwrt/target/linux/bmips/image/lzma-loader'
cp /home/mgta29/src/openwrt/build_dir/target-mips_mips32_musl/linux-bmips_bcm63268/tmp/openwrt-bmips-bcm63268-comtrend_vg-8050-initramfs.elf /home/mgta29/src/openwrt/bin/targets/bmips/bcm63268/openwrt-bmips-bcm63268-comtrend_vg-8050-initramfs.elf
cp /home/mgta29/src/openwrt/build_dir/target-mips_mips32_musl/linux-bmips_bcm63268/tmp/openwrt-bmips-bcm63268-comtrend_vr-3032u-initramfs.elf /home/mgta29/src/openwrt/bin/targets/bmips/bcm63268/openwrt-bmips-bcm63268-comtrend_vr-3032u-initramfs.elf
DEVICE_ID="comtrend_vg-8050" SOURCE_DATE_EPOCH=1778630369 FILE_NAME="openwrt-bmips-bcm63268-comtrend_vg-8050-initramfs.elf" FILE_DIR="/home/mgta29/src/openwrt/build_dir/target-mips_mips32_musl/linux-bmips_bcm63268/tmp" FILE_TYPE="kernel" FILE_FILESYSTEM="initramfs" DEVICE_IMG_PREFIX="openwrt-bmips-bcm63268-comtrend_vg-8050" DEVICE_VENDOR="Comtrend" DEVICE_MODEL="VG-8050" DEVICE_VARIANT="" DEVICE_ALT0_VENDOR="" DEVICE_ALT0_MODEL="" DEVICE_ALT0_VARIANT="" DEVICE_ALT1_VENDOR="" DEVICE_ALT1_MODEL="" DEVICE_ALT1_VARIANT="" DEVICE_ALT2_VENDOR="" DEVICE_ALT2_MODEL="" DEVICE_ALT2_VARIANT="" DEVICE_ALT3_VENDOR="" DEVICE_ALT3_MODEL="" DEVICE_ALT3_VARIANT="" DEVICE_ALT4_VENDOR="" DEVICE_ALT4_MODEL="" DEVICE_ALT4_VARIANT="" DEVICE_ALT5_VENDOR="" DEVICE_ALT5_MODEL="" DEVICE_ALT5_VARIANT="" DEVICE_TITLE="Comtrend VG-8050" DEVICE_PACKAGES="nand-utils kmod-usb-ohci kmod-usb-ledtrig-usbport kmod-usb2 kmod-leds-bcm6328" TARGET="bmips" SUBTARGET="bcm63268" VERSION_NUMBER="SNAPSHOT" VERSION_CODE="r34427-6865d489d2" SUPPORTED_DEVICES="comtrend,vg-8050" KERNEL_SIZE="5120k" IMAGE_SIZE="" /home/mgta29/src/openwrt/scripts/json_add_image_info.py /home/mgta29/src/openwrt/build_dir/target-mips_mips32_musl/json_info_files/openwrt-bmips-bcm63268-comtrend_vg-8050-initramfs.elf.json
[ -f /home/mgta29/src/openwrt/build_dir/target-mips_mips32_musl/linux-bmips_bcm63268/comtrend_vg-8050-kernel.bin -a -f /home/mgta29/src/openwrt/build_dir/target-mips_mips32_musl/linux-bmips_bcm63268/root.squashfs ]
[ -f /home/mgta29/src/openwrt/build_dir/target-mips_mips32_musl/linux-bmips_bcm63268/comtrend_vg-8050-kernel.bin -a -f /home/mgta29/src/openwrt/build_dir/target-mips_mips32_musl/linux-bmips_bcm63268/root.squashfs ]
dd if=/home/mgta29/src/openwrt/build_dir/target-mips_mips32_musl/linux-bmips_bcm63268/comtrend_vg-8050-kernel.bin >> /home/mgta29/src/openwrt/build_dir/target-mips_mips32_musl/linux-bmips_bcm63268/tmp/openwrt-bmips-bcm63268-comtrend_vg-8050-squashfs-cfe.bin
sh /home/mgta29/src/openwrt/scripts/sysupgrade-tar.sh --board comtrend_vg-8050 --kernel /home/mgta29/src/openwrt/build_dir/target-mips_mips32_musl/linux-bmips_bcm63268/comtrend_vg-8050-kernel.bin --rootfs /home/mgta29/src/openwrt/build_dir/target-mips_mips32_musl/linux-bmips_bcm63268/root.squashfs  /home/mgta29/src/openwrt/build_dir/target-mips_mips32_musl/linux-bmips_bcm63268/tmp/openwrt-bmips-bcm63268-comtrend_vg-8050-squashfs-sysupgrade.bin
DEVICE_ID="comtrend_vr-3032u" SOURCE_DATE_EPOCH=1778630369 FILE_NAME="openwrt-bmips-bcm63268-comtrend_vr-3032u-initramfs.elf" FILE_DIR="/home/mgta29/src/openwrt/build_dir/target-mips_mips32_musl/linux-bmips_bcm63268/tmp" FILE_TYPE="kernel" FILE_FILESYSTEM="initramfs" DEVICE_IMG_PREFIX="openwrt-bmips-bcm63268-comtrend_vr-3032u" DEVICE_VENDOR="Comtrend" DEVICE_MODEL="VR-3032u" DEVICE_VARIANT="" DEVICE_ALT0_VENDOR="" DEVICE_ALT0_MODEL="" DEVICE_ALT0_VARIANT="" DEVICE_ALT1_VENDOR="" DEVICE_ALT1_MODEL="" DEVICE_ALT1_VARIANT="" DEVICE_ALT2_VENDOR="" DEVICE_ALT2_MODEL="" DEVICE_ALT2_VARIANT="" DEVICE_ALT3_VENDOR="" DEVICE_ALT3_MODEL="" DEVICE_ALT3_VARIANT="" DEVICE_ALT4_VENDOR="" DEVICE_ALT4_MODEL="" DEVICE_ALT4_VARIANT="" DEVICE_ALT5_VENDOR="" DEVICE_ALT5_MODEL="" DEVICE_ALT5_VARIANT="" DEVICE_TITLE="Comtrend VR-3032u" DEVICE_PACKAGES="nand-utils kmod-usb-ohci kmod-usb-ledtrig-usbport kmod-usb2 kmod-leds-bcm6328" TARGET="bmips" SUBTARGET="bcm63268" VERSION_NUMBER="SNAPSHOT" VERSION_CODE="r34427-6865d489d2" SUPPORTED_DEVICES="comtrend,vr-3032u" KERNEL_SIZE="5120k" IMAGE_SIZE="" /home/mgta29/src/openwrt/scripts/json_add_image_info.py /home/mgta29/src/openwrt/build_dir/target-mips_mips32_musl/json_info_files/openwrt-bmips-bcm63268-comtrend_vr-3032u-initramfs.elf.json
[ -f /home/mgta29/src/openwrt/build_dir/target-mips_mips32_musl/linux-bmips_bcm63268/comtrend_vr-3032u-kernel.bin -a -f /home/mgta29/src/openwrt/build_dir/target-mips_mips32_musl/linux-bmips_bcm63268/root.squashfs ]
dd if=/home/mgta29/src/openwrt/build_dir/target-mips_mips32_musl/linux-bmips_bcm63268/comtrend_vr-3032u-kernel.bin >> /home/mgta29/src/openwrt/build_dir/target-mips_mips32_musl/linux-bmips_bcm63268/tmp/openwrt-bmips-bcm63268-comtrend_vr-3032u-squashfs-cfe.bin
[ -f /home/mgta29/src/openwrt/build_dir/target-mips_mips32_musl/linux-bmips_bcm63268/comtrend_vr-3032u-kernel.bin -a -f /home/mgta29/src/openwrt/build_dir/target-mips_mips32_musl/linux-bmips_bcm63268/root.squashfs ]
sh /home/mgta29/src/openwrt/scripts/sysupgrade-tar.sh --board comtrend_vr-3032u --kernel /home/mgta29/src/openwrt/build_dir/target-mips_mips32_musl/linux-bmips_bcm63268/comtrend_vr-3032u-kernel.bin --rootfs /home/mgta29/src/openwrt/build_dir/target-mips_mips32_musl/linux-bmips_bcm63268/root.squashfs  /home/mgta29/src/openwrt/build_dir/target-mips_mips32_musl/linux-bmips_bcm63268/tmp/openwrt-bmips-bcm63268-comtrend_vr-3032u-squashfs-sysupgrade.bin
6912+0 records in
6912+0 records out
3538944 bytes (3.5 MB, 3.4 MiB) copied, 0.00628894 s, 563 MB/s
dd if=/home/mgta29/src/openwrt/build_dir/target-mips_mips32_musl/linux-bmips_bcm63268/tmp/openwrt-bmips-bcm63268-comtrend_vg-8050-squashfs-cfe.bin of=/home/mgta29/src/openwrt/build_dir/target-mips_mips32_musl/linux-bmips_bcm63268/tmp/openwrt-bmips-bcm63268-comtrend_vg-8050-squashfs-cfe.bin.new bs=5120k conv=sync
4020+1 records in
4021+0 records out
4117504 bytes (4.1 MB, 3.9 MiB) copied, 0.00474466 s, 868 MB/s
6912+0 records in
6912+0 records out
3538944 bytes (3.5 MB, 3.4 MiB) copied, 0.00839436 s, 422 MB/s
dd if=/home/mgta29/src/openwrt/build_dir/target-mips_mips32_musl/linux-bmips_bcm63268/tmp/openwrt-bmips-bcm63268-comtrend_vr-3032u-squashfs-cfe.bin of=/home/mgta29/src/openwrt/build_dir/target-mips_mips32_musl/linux-bmips_bcm63268/tmp/openwrt-bmips-bcm63268-comtrend_vr-3032u-squashfs-cfe.bin.new bs=5120k conv=sync
0+1 records in
1+0 records out
5242880 bytes (5.2 MB, 5.0 MiB) copied, 0.00446466 s, 1.2 GB/s
mv /home/mgta29/src/openwrt/build_dir/target-mips_mips32_musl/linux-bmips_bcm63268/tmp/openwrt-bmips-bcm63268-comtrend_vg-8050-squashfs-cfe.bin.new /home/mgta29/src/openwrt/build_dir/target-mips_mips32_musl/linux-bmips_bcm63268/tmp/openwrt-bmips-bcm63268-comtrend_vg-8050-squashfs-cfe.bin
tar: Option --mtime: Treating date '@1778630369' as 2026-05-12 23:59:29
sysupgrade-comtrend_vg-8050/
sysupgrade-comtrend_vg-8050/CONTROL
sysupgrade-comtrend_vg-8050/kernel
4020+1 records in
4021+0 records out
4117504 bytes (4.1 MB, 3.9 MiB) copied, 0.00520519 s, 791 MB/s
sysupgrade-comtrend_vg-8050/root
mv /home/mgta29/src/openwrt/build_dir/target-mips_mips32_musl/linux-bmips_bcm63268/tmp/openwrt-bmips-bcm63268-comtrend_vg-8050-squashfs-cfe.bin /home/mgta29/src/openwrt/build_dir/target-mips_mips32_musl/linux-bmips_bcm63268/tmp/openwrt-bmips-bcm63268-comtrend_vg-8050-squashfs-cfe.bin.kernel
0+1 records in
1+0 records out
5242880 bytes (5.2 MB, 5.0 MiB) copied, 0.00512534 s, 1.0 GB/s
mv /home/mgta29/src/openwrt/build_dir/target-mips_mips32_musl/linux-bmips_bcm63268/tmp/openwrt-bmips-bcm63268-comtrend_vr-3032u-squashfs-cfe.bin.new /home/mgta29/src/openwrt/build_dir/target-mips_mips32_musl/linux-bmips_bcm63268/tmp/openwrt-bmips-bcm63268-comtrend_vr-3032u-squashfs-cfe.bin
rm -rf /home/mgta29/src/openwrt/build_dir/target-mips_mips32_musl/linux-bmips_bcm63268/tmp/openwrt-bmips-bcm63268-comtrend_vg-8050-squashfs-cfe.bin-cferam
tar: Option --mtime: Treating date '@1778630369' as 2026-05-12 23:59:29
sysupgrade-comtrend_vr-3032u/
sysupgrade-comtrend_vr-3032u/CONTROL
sysupgrade-comtrend_vr-3032u/kernel
sysupgrade-comtrend_vr-3032u/root
mv /home/mgta29/src/openwrt/build_dir/target-mips_mips32_musl/linux-bmips_bcm63268/tmp/openwrt-bmips-bcm63268-comtrend_vr-3032u-squashfs-cfe.bin /home/mgta29/src/openwrt/build_dir/target-mips_mips32_musl/linux-bmips_bcm63268/tmp/openwrt-bmips-bcm63268-comtrend_vr-3032u-squashfs-cfe.bin.kernel
mkdir -p /home/mgta29/src/openwrt/build_dir/target-mips_mips32_musl/linux-bmips_bcm63268/tmp/openwrt-bmips-bcm63268-comtrend_vg-8050-squashfs-cfe.bin-cferam
rm -rf /home/mgta29/src/openwrt/build_dir/target-mips_mips32_musl/linux-bmips_bcm63268/tmp/openwrt-bmips-bcm63268-comtrend_vr-3032u-squashfs-cfe.bin-cferam
# CFE ROM checks JFFS2 dirent version of cferam.
echo '{  "metadata_version": "1.1", "compat_version": "1.0",   "supported_devices":["comtrend,vg-8050"], "version": { "dist": "OpenWrt", "version": "SNAPSHOT", "revision": "r34427-6865d489d2", "target": "bmips/bcm63268", "board": "comtrend_vg-8050" } }' | fwtool -I - /home/mgta29/src/openwrt/build_dir/target-mips_mips32_musl/linux-bmips_bcm63268/tmp/openwrt-bmips-bcm63268-comtrend_vg-8050-squashfs-sysupgrade.bin
mkdir -p /home/mgta29/src/openwrt/build_dir/target-mips_mips32_musl/linux-bmips_bcm63268/tmp/openwrt-bmips-bcm63268-comtrend_vr-3032u-squashfs-cfe.bin-cferam
# If version is not > 0 it will ignore the fs entry.
# JFFS2 sets version 0 to the first fs entry and increments
# CFE ROM checks JFFS2 dirent version of cferam.
# it on the following ones, so let's create a dummy file that
# If version is not > 0 it will ignore the fs entry.
echo '{  "metadata_version": "1.1", "compat_version": "1.0",   "supported_devices":["comtrend,vr-3032u"], "version": { "dist": "OpenWrt", "version": "SNAPSHOT", "revision": "r34427-6865d489d2", "target": "bmips/bcm63268", "board": "comtrend_vr-3032u" } }' | fwtool -I - /home/mgta29/src/openwrt/build_dir/target-mips_mips32_musl/linux-bmips_bcm63268/tmp/openwrt-bmips-bcm63268-comtrend_vr-3032u-squashfs-sysupgrade.bin
# will have version 0 and let cferam be the second (version 1).
# JFFS2 sets version 0 to the first fs entry and increments
# it on the following ones, so let's create a dummy file that
touch /home/mgta29/src/openwrt/build_dir/target-mips_mips32_musl/linux-bmips_bcm63268/tmp/openwrt-bmips-bcm63268-comtrend_vg-8050-squashfs-cfe.bin-cferam/1-openwrt
# will have version 0 and let cferam be the second (version 1).
# Add cferam as the last file in the JFFS2 partition
touch /home/mgta29/src/openwrt/build_dir/target-mips_mips32_musl/linux-bmips_bcm63268/tmp/openwrt-bmips-bcm63268-comtrend_vr-3032u-squashfs-cfe.bin-cferam/1-openwrt
cp /home/mgta29/src/openwrt/staging_dir/target-mips_mips32_musl/image/bcm63xx-cfe/comtrend,vg-8050/cferam.000 /home/mgta29/src/openwrt/build_dir/target-mips_mips32_musl/linux-bmips_bcm63268/tmp/openwrt-bmips-bcm63268-comtrend_vg-8050-squashfs-cfe.bin-cferam/cferam.000
# Add cferam as the last file in the JFFS2 partition
cp /home/mgta29/src/openwrt/staging_dir/target-mips_mips32_musl/image/bcm63xx-cfe/comtrend,vr-3032u/cferam.000 /home/mgta29/src/openwrt/build_dir/target-mips_mips32_musl/linux-bmips_bcm63268/tmp/openwrt-bmips-bcm63268-comtrend_vr-3032u-squashfs-cfe.bin-cferam/cferam.000
# The JFFS2 partition creation should result in the following
# layout:
# 1) 1-openwrt (version 0, ino 2)
# The JFFS2 partition creation should result in the following
# 2) cferam.000 (version 1, ino 3)
# layout:
/home/mgta29/src/openwrt/staging_dir/host/bin/mkfs.jffs2 --big-endian --pad --no-cleanmarkers --eraseblock=128KiB --root=/home/mgta29/src/openwrt/build_dir/target-mips_mips32_musl/linux-bmips_bcm63268/tmp/openwrt-bmips-bcm63268-comtrend_vg-8050-squashfs-cfe.bin-cferam --output=/home/mgta29/src/openwrt/build_dir/target-mips_mips32_musl/linux-bmips_bcm63268/tmp/openwrt-bmips-bcm63268-comtrend_vg-8050-squashfs-cfe.bin --compression-mode=none
# 1) 1-openwrt (version 0, ino 2)
# 2) cferam.000 (version 1, ino 3)
sha256sum "/home/mgta29/src/openwrt/build_dir/target-mips_mips32_musl/linux-bmips_bcm63268/tmp/openwrt-bmips-bcm63268-comtrend_vg-8050-squashfs-sysupgrade.bin" | cut -d" " -f1 > "/home/mgta29/src/openwrt/build_dir/target-mips_mips32_musl/linux-bmips_bcm63268/tmp/openwrt-bmips-bcm63268-comtrend_vg-8050-squashfs-sysupgrade.bin.sha256sum"
/home/mgta29/src/openwrt/staging_dir/host/bin/mkfs.jffs2 --big-endian --pad --no-cleanmarkers --eraseblock=128KiB --root=/home/mgta29/src/openwrt/build_dir/target-mips_mips32_musl/linux-bmips_bcm63268/tmp/openwrt-bmips-bcm63268-comtrend_vr-3032u-squashfs-cfe.bin-cferam --output=/home/mgta29/src/openwrt/build_dir/target-mips_mips32_musl/linux-bmips_bcm63268/tmp/openwrt-bmips-bcm63268-comtrend_vr-3032u-squashfs-cfe.bin --compression-mode=none
dd if=/home/mgta29/src/openwrt/build_dir/target-mips_mips32_musl/linux-bmips_bcm63268/tmp/openwrt-bmips-bcm63268-comtrend_vg-8050-squashfs-cfe.bin of=/home/mgta29/src/openwrt/build_dir/target-mips_mips32_musl/linux-bmips_bcm63268/tmp/openwrt-bmips-bcm63268-comtrend_vg-8050-squashfs-cfe.bin.new bs=128k conv=sync
2+0 records in
2+0 records out
262144 bytes (262 kB, 256 KiB) copied, 0.000180583 s, 1.5 GB/s
mv /home/mgta29/src/openwrt/build_dir/target-mips_mips32_musl/linux-bmips_bcm63268/tmp/openwrt-bmips-bcm63268-comtrend_vg-8050-squashfs-cfe.bin.new /home/mgta29/src/openwrt/build_dir/target-mips_mips32_musl/linux-bmips_bcm63268/tmp/openwrt-bmips-bcm63268-comtrend_vg-8050-squashfs-cfe.bin
dd if=/home/mgta29/src/openwrt/build_dir/target-mips_mips32_musl/linux-bmips_bcm63268/tmp/openwrt-bmips-bcm63268-comtrend_vr-3032u-squashfs-cfe.bin of=/home/mgta29/src/openwrt/build_dir/target-mips_mips32_musl/linux-bmips_bcm63268/tmp/openwrt-bmips-bcm63268-comtrend_vr-3032u-squashfs-cfe.bin.new bs=128k conv=sync
# Some devices need padding between CFE RAM and kernel
2+0 records in
2+0 records out
262144 bytes (262 kB, 256 KiB) copied, 0.000184998 s, 1.4 GB/s
mv /home/mgta29/src/openwrt/build_dir/target-mips_mips32_musl/linux-bmips_bcm63268/tmp/openwrt-bmips-bcm63268-comtrend_vr-3032u-squashfs-cfe.bin.new /home/mgta29/src/openwrt/build_dir/target-mips_mips32_musl/linux-bmips_bcm63268/tmp/openwrt-bmips-bcm63268-comtrend_vr-3032u-squashfs-cfe.bin
sha256sum "/home/mgta29/src/openwrt/build_dir/target-mips_mips32_musl/linux-bmips_bcm63268/tmp/openwrt-bmips-bcm63268-comtrend_vr-3032u-squashfs-sysupgrade.bin" | cut -d" " -f1 > "/home/mgta29/src/openwrt/build_dir/target-mips_mips32_musl/linux-bmips_bcm63268/tmp/openwrt-bmips-bcm63268-comtrend_vr-3032u-squashfs-sysupgrade.bin.sha256sum"
# Add CFE partition tag
[ ! -s "/home/mgta29/src/openwrt/key-build" -o ! -s "/home/mgta29/src/openwrt/key-build.ucert" -o ! -s "/home/mgta29/src/openwrt/build_dir/target-mips_mips32_musl/linux-bmips_bcm63268/tmp/openwrt-bmips-bcm63268-comtrend_vg-8050-squashfs-sysupgrade.bin" ] || { cp "/home/mgta29/src/openwrt/key-build.ucert" "/home/mgta29/src/openwrt/build_dir/target-mips_mips32_musl/linux-bmips_bcm63268/tmp/openwrt-bmips-bcm63268-comtrend_vg-8050-squashfs-sysupgrade.bin.ucert" ; usign -S -m "/home/mgta29/src/openwrt/build_dir/target-mips_mips32_musl/linux-bmips_bcm63268/tmp/openwrt-bmips-bcm63268-comtrend_vg-8050-squashfs-sysupgrade.bin" -s "/home/mgta29/src/openwrt/key-build" -x "/home/mgta29/src/openwrt/build_dir/target-mips_mips32_musl/linux-bmips_bcm63268/tmp/openwrt-bmips-bcm63268-comtrend_vg-8050-squashfs-sysupgrade.bin.sig" ; ucert -A -c "/home/mgta29/src/openwrt/build_dir/target-mips_mips32_musl/linux-bmips_bcm63268/tmp/openwrt-bmips-bcm63268-comtrend_vg-8050-squashfs-sysupgrade.bin.ucert" -x "/home/mgta29/src/openwrt/build_dir/target-mips_mips32_musl/linux-bmips_bcm63268/tmp/openwrt-bmips-bcm63268-comtrend_vg-8050-squashfs-sysupgrade.bin.sig" ; fwtool -S "/home/mgta29/src/openwrt/build_dir/target-mips_mips32_musl/linux-bmips_bcm63268/tmp/openwrt-bmips-bcm63268-comtrend_vg-8050-squashfs-sysupgrade.bin.ucert" "/home/mgta29/src/openwrt/build_dir/target-mips_mips32_musl/linux-bmips_bcm63268/tmp/openwrt-bmips-bcm63268-comtrend_vg-8050-squashfs-sysupgrade.bin" ; }
# Some devices need padding between CFE RAM and kernel
# Append kernel
cp /home/mgta29/src/openwrt/build_dir/target-mips_mips32_musl/linux-bmips_bcm63268/tmp/openwrt-bmips-bcm63268-comtrend_vg-8050-squashfs-sysupgrade.bin /home/mgta29/src/openwrt/bin/targets/bmips/bcm63268/openwrt-bmips-bcm63268-comtrend_vg-8050-squashfs-sysupgrade.bin
dd if=/home/mgta29/src/openwrt/build_dir/target-mips_mips32_musl/linux-bmips_bcm63268/tmp/openwrt-bmips-bcm63268-comtrend_vg-8050-squashfs-cfe.bin.kernel >> /home/mgta29/src/openwrt/build_dir/target-mips_mips32_musl/linux-bmips_bcm63268/tmp/openwrt-bmips-bcm63268-comtrend_vg-8050-squashfs-cfe.bin
# Add CFE partition tag
# Append kernel
dd if=/home/mgta29/src/openwrt/build_dir/target-mips_mips32_musl/linux-bmips_bcm63268/tmp/openwrt-bmips-bcm63268-comtrend_vr-3032u-squashfs-cfe.bin.kernel >> /home/mgta29/src/openwrt/build_dir/target-mips_mips32_musl/linux-bmips_bcm63268/tmp/openwrt-bmips-bcm63268-comtrend_vr-3032u-squashfs-cfe.bin
[ ! -s "/home/mgta29/src/openwrt/key-build" -o ! -s "/home/mgta29/src/openwrt/key-build.ucert" -o ! -s "/home/mgta29/src/openwrt/build_dir/target-mips_mips32_musl/linux-bmips_bcm63268/tmp/openwrt-bmips-bcm63268-comtrend_vr-3032u-squashfs-sysupgrade.bin" ] || { cp "/home/mgta29/src/openwrt/key-build.ucert" "/home/mgta29/src/openwrt/build_dir/target-mips_mips32_musl/linux-bmips_bcm63268/tmp/openwrt-bmips-bcm63268-comtrend_vr-3032u-squashfs-sysupgrade.bin.ucert" ; usign -S -m "/home/mgta29/src/openwrt/build_dir/target-mips_mips32_musl/linux-bmips_bcm63268/tmp/openwrt-bmips-bcm63268-comtrend_vr-3032u-squashfs-sysupgrade.bin" -s "/home/mgta29/src/openwrt/key-build" -x "/home/mgta29/src/openwrt/build_dir/target-mips_mips32_musl/linux-bmips_bcm63268/tmp/openwrt-bmips-bcm63268-comtrend_vr-3032u-squashfs-sysupgrade.bin.sig" ; ucert -A -c "/home/mgta29/src/openwrt/build_dir/target-mips_mips32_musl/linux-bmips_bcm63268/tmp/openwrt-bmips-bcm63268-comtrend_vr-3032u-squashfs-sysupgrade.bin.ucert" -x "/home/mgta29/src/openwrt/build_dir/target-mips_mips32_musl/linux-bmips_bcm63268/tmp/openwrt-bmips-bcm63268-comtrend_vr-3032u-squashfs-sysupgrade.bin.sig" ; fwtool -S "/home/mgta29/src/openwrt/build_dir/target-mips_mips32_musl/linux-bmips_bcm63268/tmp/openwrt-bmips-bcm63268-comtrend_vr-3032u-squashfs-sysupgrade.bin.ucert" "/home/mgta29/src/openwrt/build_dir/target-mips_mips32_musl/linux-bmips_bcm63268/tmp/openwrt-bmips-bcm63268-comtrend_vr-3032u-squashfs-sysupgrade.bin" ; }
cp /home/mgta29/src/openwrt/build_dir/target-mips_mips32_musl/linux-bmips_bcm63268/tmp/openwrt-bmips-bcm63268-comtrend_vr-3032u-squashfs-sysupgrade.bin /home/mgta29/src/openwrt/bin/targets/bmips/bcm63268/openwrt-bmips-bcm63268-comtrend_vr-3032u-squashfs-sysupgrade.bin
10240+0 records in
10240+0 records out
5242880 bytes (5.2 MB, 5.0 MiB) copied, 0.00844771 s, 621 MB/s
rm -f /home/mgta29/src/openwrt/build_dir/target-mips_mips32_musl/linux-bmips_bcm63268/tmp/openwrt-bmips-bcm63268-comtrend_vg-8050-squashfs-cfe.bin.kernel
DEVICE_ID="comtrend_vg-8050" SOURCE_DATE_EPOCH=1778630369 FILE_NAME="openwrt-bmips-bcm63268-comtrend_vg-8050-squashfs-sysupgrade.bin" FILE_DIR="/home/mgta29/src/openwrt/build_dir/target-mips_mips32_musl/linux-bmips_bcm63268/tmp" FILE_TYPE=sysupgrade FILE_FILESYSTEM="squashfs" DEVICE_IMG_PREFIX="openwrt-bmips-bcm63268-comtrend_vg-8050" DEVICE_VENDOR="Comtrend" DEVICE_MODEL="VG-8050" DEVICE_VARIANT="" DEVICE_ALT0_VENDOR="" DEVICE_ALT0_MODEL="" DEVICE_ALT0_VARIANT="" DEVICE_ALT1_VENDOR="" DEVICE_ALT1_MODEL="" DEVICE_ALT1_VARIANT="" DEVICE_ALT2_VENDOR="" DEVICE_ALT2_MODEL="" DEVICE_ALT2_VARIANT="" DEVICE_ALT3_VENDOR="" DEVICE_ALT3_MODEL="" DEVICE_ALT3_VARIANT="" DEVICE_ALT4_VENDOR="" DEVICE_ALT4_MODEL="" DEVICE_ALT4_VARIANT="" DEVICE_ALT5_VENDOR="" DEVICE_ALT5_MODEL="" DEVICE_ALT5_VARIANT="" DEVICE_TITLE="Comtrend VG-8050" DEVICE_PACKAGES="nand-utils kmod-usb-ohci kmod-usb-ledtrig-usbport kmod-usb2 kmod-leds-bcm6328" TARGET="bmips" SUBTARGET="bcm63268" VERSION_NUMBER="SNAPSHOT" VERSION_CODE="r34427-6865d489d2" SUPPORTED_DEVICES="comtrend,vg-8050" KERNEL_SIZE="5120k" IMAGE_SIZE="" /home/mgta29/src/openwrt/scripts/json_add_image_info.py /home/mgta29/src/openwrt/build_dir/target-mips_mips32_musl/json_info_files/openwrt-bmips-bcm63268-comtrend_vg-8050-squashfs-sysupgrade.bin.json
sh /home/mgta29/src/openwrt/scripts/ubinize-image.sh    --rootfs /home/mgta29/src/openwrt/build_dir/target-mips_mips32_musl/linux-bmips_bcm63268/root.squashfs /home/mgta29/src/openwrt/build_dir/target-mips_mips32_musl/linux-bmips_bcm63268/tmp/openwrt-bmips-bcm63268-comtrend_vg-8050-squashfs-cfe.bin.tmp -p 128KiB -m 2048 -s 512 -O 2048 -E 5
10240+0 records in
10240+0 records out
5242880 bytes (5.2 MB, 5.0 MiB) copied, 0.00856686 s, 612 MB/s
rm -f /home/mgta29/src/openwrt/build_dir/target-mips_mips32_musl/linux-bmips_bcm63268/tmp/openwrt-bmips-bcm63268-comtrend_vr-3032u-squashfs-cfe.bin.kernel
sh /home/mgta29/src/openwrt/scripts/ubinize-image.sh    --rootfs /home/mgta29/src/openwrt/build_dir/target-mips_mips32_musl/linux-bmips_bcm63268/root.squashfs /home/mgta29/src/openwrt/build_dir/target-mips_mips32_musl/linux-bmips_bcm63268/tmp/openwrt-bmips-bcm63268-comtrend_vr-3032u-squashfs-cfe.bin.tmp -p 128KiB -m 2048 -s 512 -O 2048 -E 5
DEVICE_ID="comtrend_vr-3032u" SOURCE_DATE_EPOCH=1778630369 FILE_NAME="openwrt-bmips-bcm63268-comtrend_vr-3032u-squashfs-sysupgrade.bin" FILE_DIR="/home/mgta29/src/openwrt/build_dir/target-mips_mips32_musl/linux-bmips_bcm63268/tmp" FILE_TYPE=sysupgrade FILE_FILESYSTEM="squashfs" DEVICE_IMG_PREFIX="openwrt-bmips-bcm63268-comtrend_vr-3032u" DEVICE_VENDOR="Comtrend" DEVICE_MODEL="VR-3032u" DEVICE_VARIANT="" DEVICE_ALT0_VENDOR="" DEVICE_ALT0_MODEL="" DEVICE_ALT0_VARIANT="" DEVICE_ALT1_VENDOR="" DEVICE_ALT1_MODEL="" DEVICE_ALT1_VARIANT="" DEVICE_ALT2_VENDOR="" DEVICE_ALT2_MODEL="" DEVICE_ALT2_VARIANT="" DEVICE_ALT3_VENDOR="" DEVICE_ALT3_MODEL="" DEVICE_ALT3_VARIANT="" DEVICE_ALT4_VENDOR="" DEVICE_ALT4_MODEL="" DEVICE_ALT4_VARIANT="" DEVICE_ALT5_VENDOR="" DEVICE_ALT5_MODEL="" DEVICE_ALT5_VARIANT="" DEVICE_TITLE="Comtrend VR-3032u" DEVICE_PACKAGES="nand-utils kmod-usb-ohci kmod-usb-ledtrig-usbport kmod-usb2 kmod-leds-bcm6328" TARGET="bmips" SUBTARGET="bcm63268" VERSION_NUMBER="SNAPSHOT" VERSION_CODE="r34427-6865d489d2" SUPPORTED_DEVICES="comtrend,vr-3032u" KERNEL_SIZE="5120k" IMAGE_SIZE="" /home/mgta29/src/openwrt/scripts/json_add_image_info.py /home/mgta29/src/openwrt/build_dir/target-mips_mips32_musl/json_info_files/openwrt-bmips-bcm63268-comtrend_vr-3032u-squashfs-sysupgrade.bin.json
[rootfs]
mode=ubi
vol_id=0
vol_type=dynamic
vol_name=rootfs
image=/home/mgta29/src/openwrt/build_dir/target-mips_mips32_musl/linux-bmips_bcm63268/root.squashfs
vol_size=4117504
[rootfs_data]
mode=ubi
vol_id=1
vol_type=dynamic
vol_name=rootfs_data
vol_size=1MiB
vol_flags=autoresize
[rootfs]
mode=ubi
vol_id=0
vol_type=dynamic
vol_name=rootfs
image=/home/mgta29/src/openwrt/build_dir/target-mips_mips32_musl/linux-bmips_bcm63268/root.squashfs
vol_size=4117504
[rootfs_data]
mode=ubi
vol_id=1
vol_type=dynamic
vol_name=rootfs_data
vol_size=1MiB
vol_flags=autoresize
cat /home/mgta29/src/openwrt/build_dir/target-mips_mips32_musl/linux-bmips_bcm63268/tmp/openwrt-bmips-bcm63268-comtrend_vg-8050-squashfs-cfe.bin.tmp >> /home/mgta29/src/openwrt/build_dir/target-mips_mips32_musl/linux-bmips_bcm63268/tmp/openwrt-bmips-bcm63268-comtrend_vg-8050-squashfs-cfe.bin
cat /home/mgta29/src/openwrt/build_dir/target-mips_mips32_musl/linux-bmips_bcm63268/tmp/openwrt-bmips-bcm63268-comtrend_vr-3032u-squashfs-cfe.bin.tmp >> /home/mgta29/src/openwrt/build_dir/target-mips_mips32_musl/linux-bmips_bcm63268/tmp/openwrt-bmips-bcm63268-comtrend_vr-3032u-squashfs-cfe.bin
rm /home/mgta29/src/openwrt/build_dir/target-mips_mips32_musl/linux-bmips_bcm63268/tmp/openwrt-bmips-bcm63268-comtrend_vg-8050-squashfs-cfe.bin.tmp
rm /home/mgta29/src/openwrt/build_dir/target-mips_mips32_musl/linux-bmips_bcm63268/tmp/openwrt-bmips-bcm63268-comtrend_vr-3032u-squashfs-cfe.bin.tmp
/home/mgta29/src/openwrt/scripts/cfe-wfi-tag.py --input-file /home/mgta29/src/openwrt/build_dir/target-mips_mips32_musl/linux-bmips_bcm63268/tmp/openwrt-bmips-bcm63268-comtrend_vr-3032u-squashfs-cfe.bin --output-file /home/mgta29/src/openwrt/build_dir/target-mips_mips32_musl/linux-bmips_bcm63268/tmp/openwrt-bmips-bcm63268-comtrend_vr-3032u-squashfs-cfe.bin.new --version 0x5732 --chip-id 0x63268 --flash-type 3 
/home/mgta29/src/openwrt/scripts/cfe-wfi-tag.py --input-file /home/mgta29/src/openwrt/build_dir/target-mips_mips32_musl/linux-bmips_bcm63268/tmp/openwrt-bmips-bcm63268-comtrend_vg-8050-squashfs-cfe.bin --output-file /home/mgta29/src/openwrt/build_dir/target-mips_mips32_musl/linux-bmips_bcm63268/tmp/openwrt-bmips-bcm63268-comtrend_vg-8050-squashfs-cfe.bin.new --version 0x5732 --chip-id 0x63268 --flash-type 3 
mv /home/mgta29/src/openwrt/build_dir/target-mips_mips32_musl/linux-bmips_bcm63268/tmp/openwrt-bmips-bcm63268-comtrend_vr-3032u-squashfs-cfe.bin.new /home/mgta29/src/openwrt/build_dir/target-mips_mips32_musl/linux-bmips_bcm63268/tmp/openwrt-bmips-bcm63268-comtrend_vr-3032u-squashfs-cfe.bin
mv /home/mgta29/src/openwrt/build_dir/target-mips_mips32_musl/linux-bmips_bcm63268/tmp/openwrt-bmips-bcm63268-comtrend_vg-8050-squashfs-cfe.bin.new /home/mgta29/src/openwrt/build_dir/target-mips_mips32_musl/linux-bmips_bcm63268/tmp/openwrt-bmips-bcm63268-comtrend_vg-8050-squashfs-cfe.bin
cp /home/mgta29/src/openwrt/build_dir/target-mips_mips32_musl/linux-bmips_bcm63268/tmp/openwrt-bmips-bcm63268-comtrend_vr-3032u-squashfs-cfe.bin /home/mgta29/src/openwrt/bin/targets/bmips/bcm63268/openwrt-bmips-bcm63268-comtrend_vr-3032u-squashfs-cfe.bin
cp /home/mgta29/src/openwrt/build_dir/target-mips_mips32_musl/linux-bmips_bcm63268/tmp/openwrt-bmips-bcm63268-comtrend_vg-8050-squashfs-cfe.bin /home/mgta29/src/openwrt/bin/targets/bmips/bcm63268/openwrt-bmips-bcm63268-comtrend_vg-8050-squashfs-cfe.bin
DEVICE_ID="comtrend_vr-3032u" SOURCE_DATE_EPOCH=1778630369 FILE_NAME="openwrt-bmips-bcm63268-comtrend_vr-3032u-squashfs-cfe.bin" FILE_DIR="/home/mgta29/src/openwrt/build_dir/target-mips_mips32_musl/linux-bmips_bcm63268/tmp" FILE_TYPE=cfe FILE_FILESYSTEM="squashfs" DEVICE_IMG_PREFIX="openwrt-bmips-bcm63268-comtrend_vr-3032u" DEVICE_VENDOR="Comtrend" DEVICE_MODEL="VR-3032u" DEVICE_VARIANT="" DEVICE_ALT0_VENDOR="" DEVICE_ALT0_MODEL="" DEVICE_ALT0_VARIANT="" DEVICE_ALT1_VENDOR="" DEVICE_ALT1_MODEL="" DEVICE_ALT1_VARIANT="" DEVICE_ALT2_VENDOR="" DEVICE_ALT2_MODEL="" DEVICE_ALT2_VARIANT="" DEVICE_ALT3_VENDOR="" DEVICE_ALT3_MODEL="" DEVICE_ALT3_VARIANT="" DEVICE_ALT4_VENDOR="" DEVICE_ALT4_MODEL="" DEVICE_ALT4_VARIANT="" DEVICE_ALT5_VENDOR="" DEVICE_ALT5_MODEL="" DEVICE_ALT5_VARIANT="" DEVICE_TITLE="Comtrend VR-3032u" DEVICE_PACKAGES="nand-utils kmod-usb-ohci kmod-usb-ledtrig-usbport kmod-usb2 kmod-leds-bcm6328" TARGET="bmips" SUBTARGET="bcm63268" VERSION_NUMBER="SNAPSHOT" VERSION_CODE="r34427-6865d489d2" SUPPORTED_DEVICES="comtrend,vr-3032u" KERNEL_SIZE="5120k" IMAGE_SIZE="" /home/mgta29/src/openwrt/scripts/json_add_image_info.py /home/mgta29/src/openwrt/build_dir/target-mips_mips32_musl/json_info_files/openwrt-bmips-bcm63268-comtrend_vr-3032u-squashfs-cfe.bin.json
DEVICE_ID="comtrend_vg-8050" SOURCE_DATE_EPOCH=1778630369 FILE_NAME="openwrt-bmips-bcm63268-comtrend_vg-8050-squashfs-cfe.bin" FILE_DIR="/home/mgta29/src/openwrt/build_dir/target-mips_mips32_musl/linux-bmips_bcm63268/tmp" FILE_TYPE=cfe FILE_FILESYSTEM="squashfs" DEVICE_IMG_PREFIX="openwrt-bmips-bcm63268-comtrend_vg-8050" DEVICE_VENDOR="Comtrend" DEVICE_MODEL="VG-8050" DEVICE_VARIANT="" DEVICE_ALT0_VENDOR="" DEVICE_ALT0_MODEL="" DEVICE_ALT0_VARIANT="" DEVICE_ALT1_VENDOR="" DEVICE_ALT1_MODEL="" DEVICE_ALT1_VARIANT="" DEVICE_ALT2_VENDOR="" DEVICE_ALT2_MODEL="" DEVICE_ALT2_VARIANT="" DEVICE_ALT3_VENDOR="" DEVICE_ALT3_MODEL="" DEVICE_ALT3_VARIANT="" DEVICE_ALT4_VENDOR="" DEVICE_ALT4_MODEL="" DEVICE_ALT4_VARIANT="" DEVICE_ALT5_VENDOR="" DEVICE_ALT5_MODEL="" DEVICE_ALT5_VARIANT="" DEVICE_TITLE="Comtrend VG-8050" DEVICE_PACKAGES="nand-utils kmod-usb-ohci kmod-usb-ledtrig-usbport kmod-usb2 kmod-leds-bcm6328" TARGET="bmips" SUBTARGET="bcm63268" VERSION_NUMBER="SNAPSHOT" VERSION_CODE="r34427-6865d489d2" SUPPORTED_DEVICES="comtrend,vg-8050" KERNEL_SIZE="5120k" IMAGE_SIZE="" /home/mgta29/src/openwrt/scripts/json_add_image_info.py /home/mgta29/src/openwrt/build_dir/target-mips_mips32_musl/json_info_files/openwrt-bmips-bcm63268-comtrend_vg-8050-squashfs-cfe.bin.json
/home/mgta29/src/openwrt/scripts/sercomm-pid.py --hw-version 1434b31 --sw-version 3305 --extra-padding-size 0x10 --pid-file /home/mgta29/src/openwrt/build_dir/target-mips_mips32_musl/linux-bmips_bcm63268/tmp/openwrt-bmips-bcm63268-sercomm_h500-s-lowi-squashfs-factory.img.pid
/home/mgta29/src/openwrt/scripts/sercomm-payload.py --input-file /home/mgta29/src/openwrt/build_dir/target-mips_mips32_musl/linux-bmips_bcm63268/tmp/openwrt-bmips-bcm63268-sercomm_h500-s-lowi-squashfs-factory.img --output-file /home/mgta29/src/openwrt/build_dir/target-mips_mips32_musl/linux-bmips_bcm63268/tmp/openwrt-bmips-bcm63268-sercomm_h500-s-lowi-squashfs-factory.img.new --pid-file /home/mgta29/src/openwrt/build_dir/target-mips_mips32_musl/linux-bmips_bcm63268/tmp/openwrt-bmips-bcm63268-sercomm_h500-s-lowi-squashfs-factory.img.pid
mv /home/mgta29/src/openwrt/build_dir/target-mips_mips32_musl/linux-bmips_bcm63268/tmp/openwrt-bmips-bcm63268-sercomm_h500-s-lowi-squashfs-factory.img.new /home/mgta29/src/openwrt/build_dir/target-mips_mips32_musl/linux-bmips_bcm63268/tmp/openwrt-bmips-bcm63268-sercomm_h500-s-lowi-squashfs-factory.img
rm -f /home/mgta29/src/openwrt/build_dir/target-mips_mips32_musl/linux-bmips_bcm63268/tmp/openwrt-bmips-bcm63268-sercomm_h500-s-lowi-squashfs-factory.img.pid
/home/mgta29/src/openwrt/scripts/sercomm-crypto.py --input-file /home/mgta29/src/openwrt/build_dir/target-mips_mips32_musl/linux-bmips_bcm63268/tmp/openwrt-bmips-bcm63268-sercomm_h500-s-lowi-squashfs-factory.img --key-file /home/mgta29/src/openwrt/build_dir/target-mips_mips32_musl/linux-bmips_bcm63268/tmp/openwrt-bmips-bcm63268-sercomm_h500-s-lowi-squashfs-factory.img.key --output-file /home/mgta29/src/openwrt/build_dir/target-mips_mips32_musl/linux-bmips_bcm63268/tmp/openwrt-bmips-bcm63268-sercomm_h500-s-lowi-squashfs-factory.img.ser --version OpenWrt
AES 256 CBC Key: b'f1cd207305a8bcfbaac33caa56bd68222219c80197e58a2af7db5b2d684e73ff'
/home/mgta29/src/openwrt/staging_dir/host/bin/openssl enc -md md5 -aes-256-cbc -in /home/mgta29/src/openwrt/build_dir/target-mips_mips32_musl/linux-bmips_bcm63268/tmp/openwrt-bmips-bcm63268-sercomm_h500-s-lowi-squashfs-factory.img -out /home/mgta29/src/openwrt/build_dir/target-mips_mips32_musl/linux-bmips_bcm63268/tmp/openwrt-bmips-bcm63268-sercomm_h500-s-lowi-squashfs-factory.img.enc -K `cat /home/mgta29/src/openwrt/build_dir/target-mips_mips32_musl/linux-bmips_bcm63268/tmp/openwrt-bmips-bcm63268-sercomm_h500-s-lowi-squashfs-factory.img.key` -iv 00000000000000000000000000000000
dd if=/home/mgta29/src/openwrt/build_dir/target-mips_mips32_musl/linux-bmips_bcm63268/tmp/openwrt-bmips-bcm63268-sercomm_h500-s-lowi-squashfs-factory.img.enc >> /home/mgta29/src/openwrt/build_dir/target-mips_mips32_musl/linux-bmips_bcm63268/tmp/openwrt-bmips-bcm63268-sercomm_h500-s-lowi-squashfs-factory.img.ser
14697+1 records in
14697+1 records out
7525040 bytes (7.5 MB, 7.2 MiB) copied, 0.0101816 s, 739 MB/s
mv /home/mgta29/src/openwrt/build_dir/target-mips_mips32_musl/linux-bmips_bcm63268/tmp/openwrt-bmips-bcm63268-sercomm_h500-s-lowi-squashfs-factory.img.ser /home/mgta29/src/openwrt/build_dir/target-mips_mips32_musl/linux-bmips_bcm63268/tmp/openwrt-bmips-bcm63268-sercomm_h500-s-lowi-squashfs-factory.img
rm -f /home/mgta29/src/openwrt/build_dir/target-mips_mips32_musl/linux-bmips_bcm63268/tmp/openwrt-bmips-bcm63268-sercomm_h500-s-lowi-squashfs-factory.img.enc /home/mgta29/src/openwrt/build_dir/target-mips_mips32_musl/linux-bmips_bcm63268/tmp/openwrt-bmips-bcm63268-sercomm_h500-s-lowi-squashfs-factory.img.key
cp /home/mgta29/src/openwrt/build_dir/target-mips_mips32_musl/linux-bmips_bcm63268/tmp/openwrt-bmips-bcm63268-sercomm_h500-s-lowi-squashfs-factory.img /home/mgta29/src/openwrt/bin/targets/bmips/bcm63268/openwrt-bmips-bcm63268-sercomm_h500-s-lowi-squashfs-factory.img
DEVICE_ID="sercomm_h500-s-lowi" SOURCE_DATE_EPOCH=1778630369 FILE_NAME="openwrt-bmips-bcm63268-sercomm_h500-s-lowi-squashfs-factory.img" FILE_DIR="/home/mgta29/src/openwrt/build_dir/target-mips_mips32_musl/linux-bmips_bcm63268/tmp" FILE_TYPE=factory FILE_FILESYSTEM="squashfs" DEVICE_IMG_PREFIX="openwrt-bmips-bcm63268-sercomm_h500-s-lowi" DEVICE_VENDOR="Sercomm" DEVICE_MODEL="H500-s" DEVICE_VARIANT="lowi" DEVICE_ALT0_VENDOR="" DEVICE_ALT0_MODEL="" DEVICE_ALT0_VARIANT="" DEVICE_ALT1_VENDOR="" DEVICE_ALT1_MODEL="" DEVICE_ALT1_VARIANT="" DEVICE_ALT2_VENDOR="" DEVICE_ALT2_MODEL="" DEVICE_ALT2_VARIANT="" DEVICE_ALT3_VENDOR="" DEVICE_ALT3_MODEL="" DEVICE_ALT3_VARIANT="" DEVICE_ALT4_VENDOR="" DEVICE_ALT4_MODEL="" DEVICE_ALT4_VARIANT="" DEVICE_ALT5_VENDOR="" DEVICE_ALT5_MODEL="" DEVICE_ALT5_VARIANT="" DEVICE_TITLE="Sercomm H500-s lowi" DEVICE_PACKAGES="nand-utils kmod-usb-ohci kmod-usb-ledtrig-usbport kmod-usb2 kmod-leds-bcm6328" TARGET="bmips" SUBTARGET="bcm63268" VERSION_NUMBER="SNAPSHOT" VERSION_CODE="r34427-6865d489d2" SUPPORTED_DEVICES="sercomm,h500-s-lowi" KERNEL_SIZE="5120k" IMAGE_SIZE="" /home/mgta29/src/openwrt/scripts/json_add_image_info.py /home/mgta29/src/openwrt/build_dir/target-mips_mips32_musl/json_info_files/openwrt-bmips-bcm63268-sercomm_h500-s-lowi-squashfs-factory.img.json
export MAKEFLAGS= ;make -w -C lzma-loader CHIP_ID=3383 KERNEL_ADDR=0x80010000		 KDIR=/home/mgta29/src/openwrt/build_dir/target-mips_mips32_musl/linux-bmips_bcm63268 LOADER_ADDR=0x84010000 LOADER_DATA="/home/mgta29/src/openwrt/build_dir/target-mips_mips32_musl/linux-bmips_bcm63268/tmp/openwrt-bmips-bcm63268-technicolor_tc7200u-initramfs.bin" LOADER_NAME="openwrt-bmips-bcm63268-technicolor_tc7200u-initramfs.bin" LZMA_TEXT_START=0x82000000		 PKG_BUILD_DIR="/home/mgta29/src/openwrt/build_dir/target-mips_mips32_musl/linux-bmips_bcm63268/tmp/openwrt-bmips-bcm63268-technicolor_tc7200u-initramfs.bin.src" TARGET_DIR="/home/mgta29/src/openwrt/build_dir/target-mips_mips32_musl/linux-bmips_bcm63268/tmp/" compile loader.bin
make[5]: Entering directory '/home/mgta29/src/openwrt/target/linux/bmips/image/lzma-loader'
mkdir /home/mgta29/src/openwrt/build_dir/target-mips_mips32_musl/linux-bmips_bcm63268/tmp/openwrt-bmips-bcm63268-technicolor_tc7200u-initramfs.bin.src
cp -fpR ./src/* /home/mgta29/src/openwrt/build_dir/target-mips_mips32_musl/linux-bmips_bcm63268/tmp/openwrt-bmips-bcm63268-technicolor_tc7200u-initramfs.bin.src/
touch /home/mgta29/src/openwrt/build_dir/target-mips_mips32_musl/linux-bmips_bcm63268/tmp/openwrt-bmips-bcm63268-technicolor_tc7200u-initramfs.bin.src/.prepared
make -C /home/mgta29/src/openwrt/build_dir/target-mips_mips32_musl/linux-bmips_bcm63268/tmp/openwrt-bmips-bcm63268-technicolor_tc7200u-initramfs.bin.src CROSS_COMPILE="mips-openwrt-linux-musl-" \
	LZMA_TEXT_START=0x82000000 \
	LOADER_DATA=/home/mgta29/src/openwrt/build_dir/target-mips_mips32_musl/linux-bmips_bcm63268/tmp/openwrt-bmips-bcm63268-technicolor_tc7200u-initramfs.bin \
	UART_BASE=0xb4e00500 \
	clean all
make[6]: Entering directory '/home/mgta29/src/openwrt/build_dir/target-mips_mips32_musl/linux-bmips_bcm63268/tmp/openwrt-bmips-bcm63268-technicolor_tc7200u-initramfs.bin.src'
rm -f loader *.elf *.bin *.o
mips-openwrt-linux-musl-gcc -D__KERNEL__ -Wall -Wstrict-prototypes -Wno-trigraphs -Os -fno-strict-aliasing -fno-common -fomit-frame-pointer -G 0 -mno-abicalls -fno-pic -ffunction-sections -pipe -ffreestanding -fhonour-copts -mabi=32 -march=mips32 -Wa,-32 -Wa,-march=mips32 -Wa,-mips32 -Wa,--trap -D_LZMA_PROB32 -DUART_BASE=0xb4e00500 -DLZMA_WRAPPER=1 -DLOADADDR=0x80010000 -D__ASSEMBLY__ -c -o head.o head.S
mips-openwrt-linux-musl-gcc -D__KERNEL__ -Wall -Wstrict-prototypes -Wno-trigraphs -Os -fno-strict-aliasing -fno-common -fomit-frame-pointer -G 0 -mno-abicalls -fno-pic -ffunction-sections -pipe -ffreestanding -fhonour-copts -mabi=32 -march=mips32 -Wa,-32 -Wa,-march=mips32 -Wa,-mips32 -Wa,--trap -D_LZMA_PROB32 -DUART_BASE=0xb4e00500 -DLZMA_WRAPPER=1 -DLOADADDR=0x80010000 -c -o loader.o loader.c
mips-openwrt-linux-musl-gcc -D__KERNEL__ -Wall -Wstrict-prototypes -Wno-trigraphs -Os -fno-strict-aliasing -fno-common -fomit-frame-pointer -G 0 -mno-abicalls -fno-pic -ffunction-sections -pipe -ffreestanding -fhonour-copts -mabi=32 -march=mips32 -Wa,-32 -Wa,-march=mips32 -Wa,-mips32 -Wa,--trap -D_LZMA_PROB32 -DUART_BASE=0xb4e00500 -DLZMA_WRAPPER=1 -DLOADADDR=0x80010000 -c -o cache.o cache.c
mips-openwrt-linux-musl-gcc -D__KERNEL__ -Wall -Wstrict-prototypes -Wno-trigraphs -Os -fno-strict-aliasing -fno-common -fomit-frame-pointer -G 0 -mno-abicalls -fno-pic -ffunction-sections -pipe -ffreestanding -fhonour-copts -mabi=32 -march=mips32 -Wa,-32 -Wa,-march=mips32 -Wa,-mips32 -Wa,--trap -D_LZMA_PROB32 -DUART_BASE=0xb4e00500 -DLZMA_WRAPPER=1 -DLOADADDR=0x80010000 -c -o board.o board.c
mips-openwrt-linux-musl-gcc -D__KERNEL__ -Wall -Wstrict-prototypes -Wno-trigraphs -Os -fno-strict-aliasing -fno-common -fomit-frame-pointer -G 0 -mno-abicalls -fno-pic -ffunction-sections -pipe -ffreestanding -fhonour-copts -mabi=32 -march=mips32 -Wa,-32 -Wa,-march=mips32 -Wa,-mips32 -Wa,--trap -D_LZMA_PROB32 -DUART_BASE=0xb4e00500 -DLZMA_WRAPPER=1 -DLOADADDR=0x80010000 -c -o printf.o printf.c
mips-openwrt-linux-musl-gcc -D__KERNEL__ -Wall -Wstrict-prototypes -Wno-trigraphs -Os -fno-strict-aliasing -fno-common -fomit-frame-pointer -G 0 -mno-abicalls -fno-pic -ffunction-sections -pipe -ffreestanding -fhonour-copts -mabi=32 -march=mips32 -Wa,-32 -Wa,-march=mips32 -Wa,-mips32 -Wa,--trap -D_LZMA_PROB32 -DUART_BASE=0xb4e00500 -DLZMA_WRAPPER=1 -DLOADADDR=0x80010000 -c -o LzmaDecode.o LzmaDecode.c
mips-openwrt-linux-musl-ld -r -b binary --oformat elf32-tradbigmips -T lzma-data.lds -o data.o /home/mgta29/src/openwrt/build_dir/target-mips_mips32_musl/linux-bmips_bcm63268/tmp/openwrt-bmips-bcm63268-technicolor_tc7200u-initramfs.bin
mips-openwrt-linux-musl-ld -static --gc-sections -no-warn-mismatch -e startup -T loader.lds -Ttext 0x82000000 -o loader head.o loader.o cache.o board.o printf.o LzmaDecode.o data.o
mips-openwrt-linux-musl-objcopy -O binary -R .reginfo -R .note -R .comment -R .mdebug -R .MIPS.abiflags -S loader loader.bin
mips-openwrt-linux-musl-ld -r -b binary --oformat elf32-tradbigmips -o loader2.o loader.bin
mips-openwrt-linux-musl-ld -e startup -T loader2.lds -Ttext 0x84010000 -o loader.elf loader2.o
make[6]: Leaving directory '/home/mgta29/src/openwrt/build_dir/target-mips_mips32_musl/linux-bmips_bcm63268/tmp/openwrt-bmips-bcm63268-technicolor_tc7200u-initramfs.bin.src'
make[5]: Leaving directory '/home/mgta29/src/openwrt/target/linux/bmips/image/lzma-loader'
cp /home/mgta29/src/openwrt/build_dir/target-mips_mips32_musl/linux-bmips_bcm63268/tmp/openwrt-bmips-bcm63268-technicolor_tc7200u-initramfs.bin /home/mgta29/src/openwrt/bin/targets/bmips/bcm63268/openwrt-bmips-bcm63268-technicolor_tc7200u-initramfs.bin
DEVICE_ID="technicolor_tc7200u" SOURCE_DATE_EPOCH=1778630369 FILE_NAME="openwrt-bmips-bcm63268-technicolor_tc7200u-initramfs.bin" FILE_DIR="/home/mgta29/src/openwrt/build_dir/target-mips_mips32_musl/linux-bmips_bcm63268/tmp" FILE_TYPE="kernel" FILE_FILESYSTEM="initramfs" DEVICE_IMG_PREFIX="openwrt-bmips-bcm63268-technicolor_tc7200u" DEVICE_VENDOR="Technicolor" DEVICE_MODEL="TC7200.U" DEVICE_VARIANT="" DEVICE_ALT0_VENDOR="" DEVICE_ALT0_MODEL="" DEVICE_ALT0_VARIANT="" DEVICE_ALT1_VENDOR="" DEVICE_ALT1_MODEL="" DEVICE_ALT1_VARIANT="" DEVICE_ALT2_VENDOR="" DEVICE_ALT2_MODEL="" DEVICE_ALT2_VARIANT="" DEVICE_ALT3_VENDOR="" DEVICE_ALT3_MODEL="" DEVICE_ALT3_VARIANT="" DEVICE_ALT4_VENDOR="" DEVICE_ALT4_MODEL="" DEVICE_ALT4_VARIANT="" DEVICE_ALT5_VENDOR="" DEVICE_ALT5_MODEL="" DEVICE_ALT5_VARIANT="" DEVICE_TITLE="Technicolor TC7200.U" DEVICE_PACKAGES="" TARGET="bmips" SUBTARGET="bcm63268" VERSION_NUMBER="SNAPSHOT" VERSION_CODE="r34427-6865d489d2" SUPPORTED_DEVICES="technicolor,tc7200u" KERNEL_SIZE="" IMAGE_SIZE="" /home/mgta29/src/openwrt/scripts/json_add_image_info.py /home/mgta29/src/openwrt/build_dir/target-mips_mips32_musl/json_info_files/openwrt-bmips-bcm63268-technicolor_tc7200u-initramfs.bin.json
IPKG_INSTROOT=/home/mgta29/src/openwrt/build_dir/target-mips_mips32_musl/root.orig-bmips /home/mgta29/src/openwrt/staging_dir/host/bin/fakeroot /home/mgta29/src/openwrt/staging_dir/host/bin/apk --root /home/mgta29/src/openwrt/build_dir/target-mips_mips32_musl/root.orig-bmips --keys-dir /home/mgta29/src/openwrt --no-logfile --preserve-env list --quiet --manifest --no-network --repositories-file /dev/null | sort | sed 's/ / - /'  > /home/mgta29/src/openwrt/bin/targets/bmips/bcm63268/openwrt-bmips-bcm63268-default.manifest
make[4]: Leaving directory '/home/mgta29/src/openwrt/target/linux/bmips/image'
make[3]: Leaving directory '/home/mgta29/src/openwrt/target/linux/bmips'
make[2]: Leaving directory '/home/mgta29/src/openwrt/target/linux'
time: target/linux/install#204.66#11.14#30.87
make[1]: Leaving directory '/home/mgta29/src/openwrt'
