WARNING: Makefile 'package/boot/arm-trusted-firmware-microchipsw/Makefile' has a build dependency on 'ruby/host', which does not exist
WARNING: Makefile 'package/utils/audit/Makefile' has a dependency on 'libev', which does not exist
WARNING: Makefile 'package/utils/busybox/Makefile' has a dependency on 'libpam', which does not exist
WARNING: Makefile 'package/utils/busybox/Makefile' has a dependency on 'libtirpc', which does not exist
WARNING: Makefile 'package/utils/busybox/Makefile' has a dependency on 'libpam', which does not exist
WARNING: Makefile 'package/utils/busybox/Makefile' has a dependency on 'libtirpc', which does not exist
WARNING: Makefile 'package/utils/busybox/Makefile' has a build dependency on 'libpam', which does not exist
WARNING: Makefile 'package/boot/kexec-tools/Makefile' has a dependency on 'liblzma', which does not exist
WARNING: Makefile 'package/boot/kexec-tools/Makefile' has a dependency on 'libzstd', which does not exist
WARNING: Makefile 'package/network/services/lldpd/Makefile' has a dependency on 'libnetsnmp', which does not exist
WARNING: Makefile 'package/utils/policycoreutils/Makefile' has a dependency on 'libpam', which does not exist
WARNING: Makefile 'package/utils/policycoreutils/Makefile' has a dependency on 'libpam', which does not exist
WARNING: Makefile 'package/utils/policycoreutils/Makefile' has a build dependency on 'libpam', which does not exist
make[2]: Entering directory '/home/mgta29/src/openwrt/scripts/config'
make[2]: 'conf' is up to date.
make[2]: Leaving directory '/home/mgta29/src/openwrt/scripts/config'
make[1]: Entering directory '/home/mgta29/src/openwrt'
make[2]: Entering directory '/home/mgta29/src/openwrt/target/linux'
make[3]: Entering directory '/home/mgta29/src/openwrt/target/linux/bmips'
rm -rf /home/mgta29/src/openwrt/build_dir/target-mips_mips32_musl/linux-bmips_bcm63268
mkdir -p /home/mgta29/src/openwrt/build_dir/target-mips_mips32_musl/linux-bmips_bcm63268
xzcat /home/mgta29/src/openwrt/dl/linux-6.12.87.tar.xz | tar -C /home/mgta29/src/openwrt/build_dir/target-mips_mips32_musl/linux-bmips_bcm63268 -xf -
cp -fpR "/home/mgta29/src/openwrt/target/linux/generic/files"/. "/home/mgta29/src/openwrt/target/linux/bmips/files"/. /home/mgta29/src/openwrt/build_dir/target-mips_mips32_musl/linux-bmips_bcm63268/linux-6.12.87/
find /home/mgta29/src/openwrt/build_dir/target-mips_mips32_musl/linux-bmips_bcm63268/linux-6.12.87/ -name \*.rej -or -name \*.orig | xargs -r rm -f
if [ -d /home/mgta29/src/openwrt/target/linux/generic/patches ]; then echo "generic patches directory is present. please move your patches to the pending directory" ; exit 1; fi

Applying /home/mgta29/src/openwrt/target/linux/generic/backport-6.12/010-v6.19-nvmem-layouts-u-boot-env-add-optional-env-size-property.patch using plaintext: 
patching file Documentation/devicetree/bindings/nvmem/layouts/u-boot,env.yaml
patching file drivers/nvmem/layouts/u-boot-env.c

Applying /home/mgta29/src/openwrt/target/linux/generic/backport-6.12/152-v6.16-net-wireguard-add-nonstring-annotation-to-fix-build-with-GCC15.patch using plaintext: 
patching file drivers/net/wireguard/cookie.c
patching file drivers/net/wireguard/noise.c

Applying /home/mgta29/src/openwrt/target/linux/generic/backport-6.12/200-01-v6.13-jiffies-Define-secs_to_jiffies.patch using plaintext: 
patching file include/linux/jiffies.h
patching file net/bluetooth/hci_event.c

Applying /home/mgta29/src/openwrt/target/linux/generic/backport-6.12/200-02-v6.14-jiffies-Cast-to-unsigned-long-in-secs_to_jiffies-con.patch using plaintext: 
patching file include/linux/jiffies.h

Applying /home/mgta29/src/openwrt/target/linux/generic/backport-6.12/201-v6.13-of-property-add-of_graph_get_next_port.patch using plaintext: 
patching file drivers/of/property.c
patching file include/linux/of_graph.h

Applying /home/mgta29/src/openwrt/target/linux/generic/backport-6.12/202-v6.13-clk-Provide-devm_clk_bulk_get_all_enabled-helper.patch using plaintext: 
patching file drivers/clk/clk-devres.c
patching file include/linux/clk.h

Applying /home/mgta29/src/openwrt/target/linux/generic/backport-6.12/203-01-v6.13-of-address-Rework-bus-matching-to-avoid-warnings.patch using plaintext: 
patching file drivers/of/address.c

Applying /home/mgta29/src/openwrt/target/linux/generic/backport-6.12/203-02-v6.13-of-address-Fix-WARN-when-attempting-translating-non-.patch using plaintext: 
patching file drivers/of/address.c

Applying /home/mgta29/src/openwrt/target/linux/generic/backport-6.12/205-v6.16-of-reserved_mem-Add-functions-to-parse-memory-region.patch using plaintext: 
patching file drivers/of/of_reserved_mem.c
patching file include/linux/of_reserved_mem.h

Applying /home/mgta29/src/openwrt/target/linux/generic/backport-6.12/210-v6.13-fortify-Hide-run-time-copy-size-from-value-range-tracking.patch using plaintext: 
patching file include/linux/fortify-string.h

Applying /home/mgta29/src/openwrt/target/linux/generic/backport-6.12/211-01-v6.19-bitfield-Add-less-checking-__FIELD_-GET-PREP.patch using plaintext: 
patching file include/linux/bitfield.h

Applying /home/mgta29/src/openwrt/target/linux/generic/backport-6.12/211-02-v6.19-bitfield-Add-non-constant-field_-prep-get-helpers.patch using plaintext: 
patching file include/linux/bitfield.h

Applying /home/mgta29/src/openwrt/target/linux/generic/backport-6.12/212-v6.17-of-reserved_mem-Add-missing-IORESOURCE_MEM-flag-on-r.patch using plaintext: 
patching file drivers/of/of_reserved_mem.c

Applying /home/mgta29/src/openwrt/target/linux/generic/backport-6.12/400-v6.14-mtd-spinand-add-support-for-FORESEE-F35SQA001G.patch using plaintext: 
patching file drivers/mtd/nand/spi/foresee.c

Applying /home/mgta29/src/openwrt/target/linux/generic/backport-6.12/401-v6.17-mtd-spinand-add-support-for-FudanMicro-FM25S01A.patch using plaintext: 
patching file drivers/mtd/nand/spi/Makefile
patching file drivers/mtd/nand/spi/core.c
patching file drivers/mtd/nand/spi/fmsh.c
patching file include/linux/mtd/spinand.h

Applying /home/mgta29/src/openwrt/target/linux/generic/backport-6.12/402-v6.18-mtd-nand-move-chunk-to-core.patch using plaintext: 
patching file drivers/mtd/nand/core.c
patching file drivers/mtd/nand/raw/nand_base.c
patching file include/linux/mtd/nand.h
patching file include/linux/mtd/rawnand.h

Applying /home/mgta29/src/openwrt/target/linux/generic/backport-6.12/404-v6.19-mtd-spinand-fmsh-remove-QE-bit-for-FM25S01A-flash.patch using plaintext: 
patching file drivers/mtd/nand/spi/fmsh.c

Applying /home/mgta29/src/openwrt/target/linux/generic/backport-6.12/410-01-v6.14-mtd-rawnand-qcom-cleanup-qcom_nandc-driver.patch using plaintext: 
patching file drivers/mtd/nand/raw/qcom_nandc.c

Applying /home/mgta29/src/openwrt/target/linux/generic/backport-6.12/410-02-v6.14-mtd-rawnand-qcom-Add-qcom-prefix-to-common-api.patch using plaintext: 
patching file drivers/mtd/nand/raw/qcom_nandc.c

Applying /home/mgta29/src/openwrt/target/linux/generic/backport-6.12/410-03-v6.14-mtd-nand-Add-qpic_common-API-file.patch using plaintext: 
patching file drivers/mtd/nand/Makefile
patching file drivers/mtd/nand/qpic_common.c
patching file drivers/mtd/nand/raw/qcom_nandc.c
patching file include/linux/mtd/nand-qpic-common.h

Applying /home/mgta29/src/openwrt/target/linux/generic/backport-6.12/410-04-v6.14-mtd-rawnand-qcom-use-FIELD_PREP-and-GENMASK.patch using plaintext: 
patching file drivers/mtd/nand/raw/qcom_nandc.c
patching file include/linux/mtd/nand-qpic-common.h

Applying /home/mgta29/src/openwrt/target/linux/generic/backport-6.12/410-05-v6.14-mtd-rawnand-qcom-fix-broken-config-in-qcom_param_pag.patch using plaintext: 
patching file drivers/mtd/nand/raw/qcom_nandc.c

Applying /home/mgta29/src/openwrt/target/linux/generic/backport-6.12/410-06-v6.14-mtd-rawnand-qcom-Fix-build-issue-on-x86-architecture.patch using plaintext: 
patching file drivers/mtd/nand/qpic_common.c
patching file include/linux/mtd/nand-qpic-common.h

Applying /home/mgta29/src/openwrt/target/linux/generic/backport-6.12/410-07-v6.15-spi-spi-qpic-add-driver-for-QCOM-SPI-NAND-flash-Inte.patch using plaintext: 
patching file drivers/mtd/nand/Makefile
patching file drivers/spi/Kconfig
patching file drivers/spi/Makefile
patching file drivers/spi/spi-qpic-snand.c
patching file include/linux/mtd/nand-qpic-common.h

Applying /home/mgta29/src/openwrt/target/linux/generic/backport-6.12/410-08-v6.15-spi-spi-qpic-snand-Fix-ECC_CFG_ECC_DISABLE-shift-in-.patch using plaintext: 
patching file drivers/spi/spi-qpic-snand.c

Applying /home/mgta29/src/openwrt/target/linux/generic/backport-6.12/410-09-v6.15-spi-spi-qpic-snand-avoid-memleak-in-qcom_spi_ecc_ini.patch using plaintext: 
patching file drivers/spi/spi-qpic-snand.c

Applying /home/mgta29/src/openwrt/target/linux/generic/backport-6.12/410-10-v6.15-spi-SPI_QPIC_SNAND-should-be-tristate-and-depend-on-.patch using plaintext: 
patching file drivers/spi/Kconfig
patching file drivers/spi/spi-qpic-snand.c

Applying /home/mgta29/src/openwrt/target/linux/generic/backport-6.12/410-11-v6.15-spi-spi-qpic-snand-propagate-errors-from-qcom_spi_block_erase.patch using plaintext: 
patching file drivers/spi/spi-qpic-snand.c

Applying /home/mgta29/src/openwrt/target/linux/generic/backport-6.12/410-12-v6.15-spi-spi-qpic-snand-fix-NAND_READ_LOCATION_2-register-handling.patch using plaintext: 
patching file drivers/spi/spi-qpic-snand.c

Applying /home/mgta29/src/openwrt/target/linux/generic/backport-6.12/410-13-v6.15-spi-spi-qpic-snand-use-kmalloc-for-OOB-buffer-alloca.patch using plaintext: 
patching file drivers/spi/spi-qpic-snand.c

Applying /home/mgta29/src/openwrt/target/linux/generic/backport-6.12/410-14-v6.16-spi-spi-qpic-snand-remove-unused-wlen-member-of-struct-qpic_spi_nand.patch using plaintext: 
patching file drivers/spi/spi-qpic-snand.c

Applying /home/mgta29/src/openwrt/target/linux/generic/backport-6.12/411-v6.15-mtd-nand-Drop-explicit-test-for-built-in-CONFIG_SPI_.patch using plaintext: 
patching file drivers/mtd/nand/Makefile

Applying /home/mgta29/src/openwrt/target/linux/generic/backport-6.12/412-v6.16-next-spi-spi-qpic-snand-validate-user-chip-specific-ECC-properties.patch using plaintext: 
patching file drivers/spi/spi-qpic-snand.c

Applying /home/mgta29/src/openwrt/target/linux/generic/backport-6.12/413-v6.16-spi-spi-qpic-snand-use-CW_PER_PAGE_MASK-bitmask.patch using plaintext: 
patching file drivers/spi/spi-qpic-snand.c

Applying /home/mgta29/src/openwrt/target/linux/generic/backport-6.12/414-v6.16-spi-spi-qpic-snand-reallocate-BAM-transactions.patch using plaintext: 
patching file drivers/spi/spi-qpic-snand.c

Applying /home/mgta29/src/openwrt/target/linux/generic/backport-6.12/415-v6.16-spi-spi-qpic-snand-don-t-hardcode-ECC-steps.patch using plaintext: 
patching file drivers/spi/spi-qpic-snand.c

Applying /home/mgta29/src/openwrt/target/linux/generic/backport-6.12/416-v6.17-mtd-nand-qpic-common-add-defines-for-ECC_MODE-values.patch using plaintext: 
patching file drivers/mtd/nand/raw/qcom_nandc.c
patching file drivers/spi/spi-qpic-snand.c
patching file include/linux/mtd/nand-qpic-common.h

Applying /home/mgta29/src/openwrt/target/linux/generic/backport-6.12/417-v6.17-spi-spi-qpic-snand-add-support-for-8-bits-ECC-strength.patch using plaintext: 
patching file drivers/spi/spi-qpic-snand.c

Applying /home/mgta29/src/openwrt/target/linux/generic/backport-6.12/418-v6.17-spi-spi-qpic-snand-use-correct-CW_PER_PAGE-value-for.patch using plaintext: 
patching file drivers/spi/spi-qpic-snand.c

Applying /home/mgta29/src/openwrt/target/linux/generic/backport-6.12/419-v6.17-spi-spi-qpic-snand-fix-calculating-of-ECC-OOB-region.patch using plaintext: 
patching file drivers/spi/spi-qpic-snand.c

Applying /home/mgta29/src/openwrt/target/linux/generic/backport-6.12/420-01-v6.16-mtd-rawnand-brcmnand-remove-unused-parameters.patch using plaintext: 
patching file drivers/mtd/nand/raw/brcmnand/brcmnand.c

Applying /home/mgta29/src/openwrt/target/linux/generic/backport-6.12/420-02-v6.16-mtd-nand-brcmnand-fix-NAND-timeout-when-accessing-eM.patch using plaintext: 
patching file drivers/mtd/nand/raw/brcmnand/brcmnand.c

Applying /home/mgta29/src/openwrt/target/linux/generic/backport-6.12/420-03-v6.16-mtd-rawnand-brcmnand-legacy-exec_op-implementation.patch using plaintext: 
patching file drivers/mtd/nand/raw/brcmnand/brcmnand.c

Applying /home/mgta29/src/openwrt/target/linux/generic/backport-6.12/422-v6.17-spi-spi-qpic-snand-unregister-ECC-engine-on-probe-er.patch using plaintext: 
patching file drivers/spi/spi-qpic-snand.c

Applying /home/mgta29/src/openwrt/target/linux/generic/backport-6.12/429-01-v6.18-mtd-spinand-fix-direct-mapping-creation-sizes.patch using plaintext: 
patching file drivers/mtd/nand/spi/core.c

Applying /home/mgta29/src/openwrt/target/linux/generic/backport-6.12/429-02-v6.18-mtd-spinand-try-a-regular-dirmap-if-creating-a-di.patch using plaintext: 
patching file drivers/mtd/nand/spi/core.c

Applying /home/mgta29/src/openwrt/target/linux/generic/backport-6.12/429-03-v6.18-mtd-spinand-repeat-reading-in-regular-mode-if-con.patch using plaintext: 
patching file drivers/mtd/nand/spi/core.c

Applying /home/mgta29/src/openwrt/target/linux/generic/backport-6.12/430-v6.14-mtd-spinand-Introduce-a-way-to-avoid-raw-access.patch using plaintext: 
patching file drivers/mtd/nand/spi/core.c
patching file include/linux/mtd/spinand.h

Applying /home/mgta29/src/openwrt/target/linux/generic/backport-6.12/431-v6.14-mtd-spinand-Add-support-for-SkyHigh-S35ML-3-family.patch using plaintext: 
patching file drivers/mtd/nand/spi/Makefile
patching file drivers/mtd/nand/spi/core.c
patching file drivers/mtd/nand/spi/skyhigh.c
patching file include/linux/mtd/spinand.h

Applying /home/mgta29/src/openwrt/target/linux/generic/backport-6.12/434-v6.19-mtd-spinand-esmt-add-support-for-F50L1G41LC.patch using plaintext: 
patching file drivers/mtd/nand/spi/core.c
patching file drivers/mtd/nand/spi/esmt.c
patching file include/linux/mtd/spinand.h

Applying /home/mgta29/src/openwrt/target/linux/generic/backport-6.12/435-v6.19-mtd-spinand-add-support-for-FudanMicro-FM25S01BI3.patch using plaintext: 
patching file drivers/mtd/nand/spi/fmsh.c

Applying /home/mgta29/src/openwrt/target/linux/generic/backport-6.12/500-01-v6.13-block-add-support-for-defining-read-only-partitions.patch using plaintext: 
patching file block/blk.h
patching file block/partitions/cmdline.c
patching file block/partitions/core.c

Applying /home/mgta29/src/openwrt/target/linux/generic/backport-6.12/500-02-v6.13-block-introduce-add_disk_fwnode.patch using plaintext: 
patching file block/genhd.c
patching file include/linux/blkdev.h

Applying /home/mgta29/src/openwrt/target/linux/generic/backport-6.12/500-03-v6.13-mmc-block-attach-partitions-fwnode-if-found-in-mmc-c.patch using plaintext: 
patching file drivers/mmc/core/block.c

Applying /home/mgta29/src/openwrt/target/linux/generic/backport-6.12/500-04-v6.13-block-add-support-for-partition-table-defined-in-OF.patch using plaintext: 
patching file block/partitions/Kconfig
patching file block/partitions/Makefile
patching file block/partitions/check.h
patching file block/partitions/core.c
patching file block/partitions/of.c

Applying /home/mgta29/src/openwrt/target/linux/generic/backport-6.12/600-01-v6.13-net-phylink-move-manual-flow-control-setting.patch using plaintext: 
patching file drivers/net/phy/phylink.c

Applying /home/mgta29/src/openwrt/target/linux/generic/backport-6.12/600-02-v6.13-net-phylink-move-MLO_AN_FIXED-resolve-handling-to-if.patch using plaintext: 
patching file drivers/net/phy/phylink.c

Applying /home/mgta29/src/openwrt/target/linux/generic/backport-6.12/600-03-v6.13-net-phylink-move-MLO_AN_PHY-resolve-handling-to-if-s.patch using plaintext: 
patching file drivers/net/phy/phylink.c

Applying /home/mgta29/src/openwrt/target/linux/generic/backport-6.12/600-04-v6.13-net-phylink-remove-switch-statement-in-resolve-handl.patch using plaintext: 
patching file drivers/net/phy/phylink.c

Applying /home/mgta29/src/openwrt/target/linux/generic/backport-6.12/600-05-v6.13-net-phylink-clean-up-phylink_resolve.patch using plaintext: 
patching file drivers/net/phy/phylink.c

Applying /home/mgta29/src/openwrt/target/linux/generic/backport-6.12/601-01-v6.14-net-phylink-pass-phylink-and-pcs-into-phylink_pcs_ne.patch using plaintext: 
patching file drivers/net/phy/phylink.c

Applying /home/mgta29/src/openwrt/target/linux/generic/backport-6.12/601-02-v6.14-net-phylink-split-cur_link_an_mode-into-requested-an.patch using plaintext: 
patching file drivers/net/phy/phylink.c

Applying /home/mgta29/src/openwrt/target/linux/generic/backport-6.12/601-03-v6.14-net-phylink-add-debug-for-phylink_major_config.patch using plaintext: 
patching file drivers/net/phy/phylink.c

Applying /home/mgta29/src/openwrt/target/linux/generic/backport-6.12/601-04-v6.14-net-phy-add-phy_inband_caps.patch using plaintext: 
patching file drivers/net/phy/phy.c
patching file include/linux/phy.h

Applying /home/mgta29/src/openwrt/target/linux/generic/backport-6.12/601-05-v6.14-net-phy-bcm84881-implement-phy_inband_caps-method.patch using plaintext: 
patching file drivers/net/phy/bcm84881.c

Applying /home/mgta29/src/openwrt/target/linux/generic/backport-6.12/601-06-v6.14-net-phy-marvell-implement-phy_inband_caps-method.patch using plaintext: 
patching file drivers/net/phy/marvell.c

Applying /home/mgta29/src/openwrt/target/linux/generic/backport-6.12/601-07-v6.14-net-phy-add-phy_config_inband.patch using plaintext: 
patching file drivers/net/phy/phy.c
patching file include/linux/phy.h

Applying /home/mgta29/src/openwrt/target/linux/generic/backport-6.12/601-08-v6.14-net-phy-marvell-implement-config_inband-method.patch using plaintext: 
patching file drivers/net/phy/marvell.c

Applying /home/mgta29/src/openwrt/target/linux/generic/backport-6.12/601-09-v6.14-net-phylink-add-pcs_inband_caps-method.patch using plaintext: 
patching file drivers/net/phy/phylink.c
patching file include/linux/phylink.h

Applying /home/mgta29/src/openwrt/target/linux/generic/backport-6.12/601-10-v6.14-net-mvneta-implement-pcs_inband_caps-method.patch using plaintext: 
patching file drivers/net/ethernet/marvell/mvneta.c

Applying /home/mgta29/src/openwrt/target/linux/generic/backport-6.12/601-11-v6.14-net-mvpp2-implement-pcs_inband_caps-method.patch using plaintext: 
patching file drivers/net/ethernet/marvell/mvpp2/mvpp2_main.c

Applying /home/mgta29/src/openwrt/target/linux/generic/backport-6.12/601-12-v6.14-net-phylink-add-negotiation-of-in-band-capabilities.patch using plaintext: 
patching file drivers/net/phy/phylink.c

Applying /home/mgta29/src/openwrt/target/linux/generic/backport-6.12/601-13-v6.14-net-phylink-remove-phylink_phy_no_inband.patch using plaintext: 
patching file drivers/net/phy/phylink.c

Applying /home/mgta29/src/openwrt/target/linux/generic/backport-6.12/602-01-v6.14-net-pcs-pcs-lynx-implement-pcs_inband_caps-method.patch using plaintext: 
patching file drivers/net/pcs/pcs-lynx.c

Applying /home/mgta29/src/openwrt/target/linux/generic/backport-6.12/602-02-v6.14-net-pcs-pcs-mtk-lynxi-implement-pcs_inband_caps-meth.patch using plaintext: 
patching file drivers/net/pcs/pcs-mtk-lynxi.c

Applying /home/mgta29/src/openwrt/target/linux/generic/backport-6.12/602-03-v6.14-net-pcs-xpcs-implement-pcs_inband_caps-method.patch using plaintext: 
patching file drivers/net/pcs/pcs-xpcs.c

Applying /home/mgta29/src/openwrt/target/linux/generic/backport-6.12/605-02-v6.17-net-phylink-provide-phylink_get_inband_type.patch using plaintext: 
patching file drivers/net/phy/phylink.c

Applying /home/mgta29/src/openwrt/target/linux/generic/backport-6.12/605-03-v6.17-net-phylink-disable-autoneg-for-interfaces-that-have.patch using plaintext: 
patching file drivers/net/phy/phylink.c

Applying /home/mgta29/src/openwrt/target/linux/generic/backport-6.12/610-01-v6.13-net-dsa-use-ethtool-string-helpers.patch using plaintext: 
patching file drivers/net/dsa/b53/b53_common.c

Applying /home/mgta29/src/openwrt/target/linux/generic/backport-6.12/610-02-v6.15-net-dsa-b53-mdio-add-support-for-BCM53101.patch using plaintext: 
patching file drivers/net/dsa/b53/b53_common.c
patching file drivers/net/dsa/b53/b53_mdio.c
patching file drivers/net/dsa/b53/b53_priv.h

Applying /home/mgta29/src/openwrt/target/linux/generic/backport-6.12/610-03-v6.16-net-dsa-b53-implement-setting-ageing-time.patch using plaintext: 
patching file drivers/net/dsa/b53/b53_common.c
patching file drivers/net/dsa/b53/b53_priv.h
patching file drivers/net/dsa/b53/b53_regs.h

Applying /home/mgta29/src/openwrt/target/linux/generic/backport-6.12/610-04-v6.16-net-dsa-b53-do-not-configure-bcm63xx-s-IMP-port-inte.patch using plaintext: 
patching file drivers/net/dsa/b53/b53_common.c

Applying /home/mgta29/src/openwrt/target/linux/generic/backport-6.12/611-01-v6.17-net-dsa-tag_brcm-add-support-for-legacy-FCS-tags.patch using plaintext: 
patching file include/net/dsa.h
patching file net/dsa/Kconfig
patching file net/dsa/tag_brcm.c

Applying /home/mgta29/src/openwrt/target/linux/generic/backport-6.12/611-02-v6.17-net-dsa-b53-support-legacy-FCS-tags.patch using plaintext: 
patching file drivers/net/dsa/b53/Kconfig
patching file drivers/net/dsa/b53/b53_common.c

Applying /home/mgta29/src/openwrt/target/linux/generic/backport-6.12/611-03-v6.17-net-dsa-b53-detect-BCM5325-variants.patch using plaintext: 
patching file drivers/net/dsa/b53/b53_common.c
patching file drivers/net/dsa/b53/b53_priv.h

Applying /home/mgta29/src/openwrt/target/linux/generic/backport-6.12/611-04-v6.17-net-dsa-b53-add-support-for-FDB-operations-on-5325-5365.patch using plaintext: 
patching file drivers/net/dsa/b53/b53_common.c
patching file drivers/net/dsa/b53/b53_priv.h
patching file drivers/net/dsa/b53/b53_regs.h

Applying /home/mgta29/src/openwrt/target/linux/generic/backport-6.12/611-05-v6.17-net-dsa-b53-prevent-FAST_AGE-access-on-BCM5325.patch using plaintext: 
patching file drivers/net/dsa/b53/b53_common.c

Applying /home/mgta29/src/openwrt/target/linux/generic/backport-6.12/611-06-v6.17-net-dsa-b53-prevent-BRCM_HDR-access-on-older-devices.patch using plaintext: 
patching file drivers/net/dsa/b53/b53_common.c

Applying /home/mgta29/src/openwrt/target/linux/generic/backport-6.12/611-07-v6.17-net-dsa-b53-fix-unicast-multicast-flooding-on-BCM5325.patch using plaintext: 
patching file drivers/net/dsa/b53/b53_common.c
patching file drivers/net/dsa/b53/b53_regs.h

Applying /home/mgta29/src/openwrt/target/linux/generic/backport-6.12/611-08-v6.18-net-dsa-b53-Add-phy_enable-phy_disable-methods.patch using plaintext: 
patching file drivers/net/dsa/b53/b53_common.c
patching file drivers/net/dsa/b53/b53_priv.h

Applying /home/mgta29/src/openwrt/target/linux/generic/backport-6.12/611-09-v6.18-net-dsa-b53-Define-chip-IDs-for-more-bcm63xx-SoCs.patch using plaintext: 
patching file drivers/net/dsa/b53/b53_common.c
patching file drivers/net/dsa/b53/b53_mmap.c
patching file drivers/net/dsa/b53/b53_priv.h

Applying /home/mgta29/src/openwrt/target/linux/generic/backport-6.12/611-10-v6.18-net-dsa-b53-mmap-Add-syscon-reference-and-register-layout-for-bcm63268.patch using plaintext: 
patching file drivers/net/dsa/b53/b53_mmap.c

Applying /home/mgta29/src/openwrt/target/linux/generic/backport-6.12/611-11-v6.18-net-dsa-b53-mmap-Add-register-layout-for-bcm6318.patch using plaintext: 
patching file drivers/net/dsa/b53/b53_mmap.c

Applying /home/mgta29/src/openwrt/target/linux/generic/backport-6.12/611-12-v6.18-net-dsa-b53-mmap-Add-register-layout-for-bcm6368.patch using plaintext: 
patching file drivers/net/dsa/b53/b53_mmap.c

Applying /home/mgta29/src/openwrt/target/linux/generic/backport-6.12/611-13-v6.18-net-dsa-b53-mmap-Implement-bcm63xx-ephy-power-control.patch using plaintext: 
patching file drivers/net/dsa/b53/b53_mmap.c

Applying /home/mgta29/src/openwrt/target/linux/generic/backport-6.12/611-14-v6.18-net-dsa-b53-mmap-Add-gphy-port-to-phy-info-for-bcm63268.patch using plaintext: 
patching file drivers/net/dsa/b53/b53_mmap.c

Applying /home/mgta29/src/openwrt/target/linux/generic/backport-6.12/611-15-v6.18-net-dsa-b53-mmap-Implement-bcm63268-gphy-power-control.patch using plaintext: 
patching file drivers/net/dsa/b53/b53_mmap.c

Applying /home/mgta29/src/openwrt/target/linux/generic/backport-6.12/611-16-v6.18-net-dsa-b53-fix-reserved-register-access-in-b53_fdb_dump.patch using plaintext: 
patching file drivers/net/dsa/b53/b53_common.c

Applying /home/mgta29/src/openwrt/target/linux/generic/backport-6.12/611-17-v6.18-net-dsa-b53-fix-ageing-time-for-BCM53101.patch using plaintext: 
patching file drivers/net/dsa/b53/b53_common.c

Applying /home/mgta29/src/openwrt/target/linux/generic/backport-6.12/611-18-v6.18-net-dsa-b53-properly-bound-ARL-searches-for-4-ARL-bin-chips.patch using plaintext: 
patching file drivers/net/dsa/b53/b53_common.c

Applying /home/mgta29/src/openwrt/target/linux/generic/backport-6.12/611-19-v6.18-net-dsa-tag_brcm-do-not-mark-link-local-traffic-as-offloaded.patch using plaintext: 
patching file net/dsa/tag_brcm.c

Applying /home/mgta29/src/openwrt/target/linux/generic/backport-6.12/612-01-v6.19-net-dsa-b53-b53_arl_read-25-use-the-entry-for-comparision.patch using plaintext: 
patching file drivers/net/dsa/b53/b53_common.c

Applying /home/mgta29/src/openwrt/target/linux/generic/backport-6.12/612-02-v6.19-net-dsa-b53-move-reading-ARL-entries-into-their-own-function.patch using plaintext: 
patching file drivers/net/dsa/b53/b53_common.c

Applying /home/mgta29/src/openwrt/target/linux/generic/backport-6.12/612-03-v6.19-net-dsa-b53-move-writing-ARL-entries-into-their-own-functions.patch using plaintext: 
patching file drivers/net/dsa/b53/b53_common.c

Applying /home/mgta29/src/openwrt/target/linux/generic/backport-6.12/612-04-v6.19-net-dsa-b53-provide-accessors-for-accessing-ARL_SRCH_CTL.patch using plaintext: 
patching file drivers/net/dsa/b53/b53_common.c

Applying /home/mgta29/src/openwrt/target/linux/generic/backport-6.12/612-05-v6.19-net-dsa-b53-split-reading-search-entry-into-their-own-functions.patch using plaintext: 
patching file drivers/net/dsa/b53/b53_common.c

Applying /home/mgta29/src/openwrt/target/linux/generic/backport-6.12/612-06-v6.19-net-dsa-b53-move-ARL-entry-functions-into-ops-struct.patch using plaintext: 
patching file drivers/net/dsa/b53/b53_common.c
patching file drivers/net/dsa/b53/b53_priv.h

Applying /home/mgta29/src/openwrt/target/linux/generic/backport-6.12/612-07-v6.19-net-dsa-b53-add-support-for-5389-5397-5398-ARL-entry-format.patch using plaintext: 
patching file drivers/net/dsa/b53/b53_common.c
patching file drivers/net/dsa/b53/b53_priv.h
patching file drivers/net/dsa/b53/b53_regs.h

Applying /home/mgta29/src/openwrt/target/linux/generic/backport-6.12/612-08-v6.19-net-dsa-b53-add-support-for-bcm63xx-ARL-entry-format.patch using plaintext: 
patching file drivers/net/dsa/b53/b53_common.c
patching file drivers/net/dsa/b53/b53_priv.h
patching file drivers/net/dsa/b53/b53_regs.h

Applying /home/mgta29/src/openwrt/target/linux/generic/backport-6.12/613-01-v6.19-net-dsa-b53-fix-VLAN_ID_IDX-write-size-for-BCM5325-65.patch using plaintext: 
patching file drivers/net/dsa/b53/b53_common.c

Applying /home/mgta29/src/openwrt/target/linux/generic/backport-6.12/613-02-v6.19-net-dsa-b53-fix-extracting-VID-from-entry-for-BCM5325-65.patch using plaintext: 
patching file drivers/net/dsa/b53/b53_priv.h

Applying /home/mgta29/src/openwrt/target/linux/generic/backport-6.12/613-03-v6.19-net-dsa-b53-use-same-ARL-search-result-offset-for-BCM5325-65.patch using plaintext: 
patching file drivers/net/dsa/b53/b53_common.c
patching file drivers/net/dsa/b53/b53_regs.h

Applying /home/mgta29/src/openwrt/target/linux/generic/backport-6.12/613-04-v6.19-net-dsa-b53-fix-CPU-port-unicast-ARL-entries-for-BCM5325-65.patch using plaintext: 
patching file drivers/net/dsa/b53/b53_priv.h

Applying /home/mgta29/src/openwrt/target/linux/generic/backport-6.12/613-05-v6.19-net-dsa-b53-fix-BCM5325-65-ARL-entry-multicast-port-masks.patch using plaintext: 
patching file drivers/net/dsa/b53/b53_common.c
patching file drivers/net/dsa/b53/b53_priv.h
patching file drivers/net/dsa/b53/b53_regs.h

Applying /home/mgta29/src/openwrt/target/linux/generic/backport-6.12/613-06-v6.19-net-dsa-b53-fix-BCM5325-65-ARL-entry-VIDs.patch using plaintext: 
patching file drivers/net/dsa/b53/b53_common.c
patching file drivers/net/dsa/b53/b53_priv.h
patching file drivers/net/dsa/b53/b53_regs.h

Applying /home/mgta29/src/openwrt/target/linux/generic/backport-6.12/613-07-v6.19-net-dsa-b53-allow-VID-0-for-BCM5325-65.patch using plaintext: 
patching file drivers/net/dsa/b53/b53_common.c

Applying /home/mgta29/src/openwrt/target/linux/generic/backport-6.12/620-v6.15-ppp-use-IFF_NO_QUEUE-in-virtual-interfaces.patch using plaintext: 
patching file drivers/net/ppp/ppp_generic.c
patching file drivers/net/ppp/pppoe.c
patching file drivers/net/ppp/pptp.c
patching file include/linux/ppp_channel.h
patching file net/l2tp/l2tp_ppp.c

Applying /home/mgta29/src/openwrt/target/linux/generic/backport-6.12/621-v6.17-ppp-convert-to-percpu-netstats.patch using plaintext: 
patching file drivers/net/ppp/ppp_generic.c

Applying /home/mgta29/src/openwrt/target/linux/generic/backport-6.12/622-v6.18-ppp-remove-rwlock-usage.patch using plaintext: 
patching file drivers/net/ppp/ppp_generic.c

Applying /home/mgta29/src/openwrt/target/linux/generic/backport-6.12/623-v6.18-pppoe-remove-rwlock-usage.patch using plaintext: 
patching file drivers/net/ppp/pppoe.c
patching file include/linux/if_pppox.h

Applying /home/mgta29/src/openwrt/target/linux/generic/backport-6.12/624-v6.18-pppoe-drop-sock-reference-counting-on-fast-path.patch using plaintext: 
patching file drivers/net/ppp/pppoe.c

Applying /home/mgta29/src/openwrt/target/linux/generic/backport-6.12/625-v7.0-ppp-enable-TX-scatter-gather.patch using plaintext: 
patching file drivers/net/ppp/ppp_generic.c

Applying /home/mgta29/src/openwrt/target/linux/generic/backport-6.12/626-01-v6.13-net-pse-pd-Add-power-limit-check.patch using plaintext: 
patching file drivers/net/pse-pd/pse_core.c
patching file include/linux/pse-pd/pse.h

Applying /home/mgta29/src/openwrt/target/linux/generic/backport-6.12/626-02-v6.13-net-pse-pd-tps23881-Simplify-function-returns.patch using plaintext: 
patching file drivers/net/pse-pd/tps23881.c

Applying /home/mgta29/src/openwrt/target/linux/generic/backport-6.12/626-03-v6.13-net-pse-pd-tps23881-Use-helpers-to-calculate-bit-offset.patch using plaintext: 
patching file drivers/net/pse-pd/tps23881.c

Applying /home/mgta29/src/openwrt/target/linux/generic/backport-6.12/626-04-v6.13-net-pse-pd-tps23881-Add-missing-configuration-register.patch using plaintext: 
patching file drivers/net/pse-pd/tps23881.c

Applying /home/mgta29/src/openwrt/target/linux/generic/backport-6.12/626-05-v6.13-net-pse-pd-Split-ethtool_get_status-into-multiple-callbacks.patch using plaintext: 
patching file drivers/net/pse-pd/pd692x0.c
patching file drivers/net/pse-pd/pse_core.c
patching file drivers/net/pse-pd/pse_regulator.c
patching file drivers/net/pse-pd/tps23881.c
patching file include/linux/pse-pd/pse.h
patching file net/ethtool/pse-pd.c

Applying /home/mgta29/src/openwrt/target/linux/generic/backport-6.12/626-06-v6.13-net-pse-pd-Remove-is_enabled-callback-from-drivers.patch using plaintext: 
patching file drivers/net/pse-pd/pd692x0.c
patching file drivers/net/pse-pd/pse_core.c
patching file drivers/net/pse-pd/pse_regulator.c
patching file drivers/net/pse-pd/tps23881.c
patching file include/linux/pse-pd/pse.h

Applying /home/mgta29/src/openwrt/target/linux/generic/backport-6.12/626-07-v6.13-net-pse-pd-tps23881-Add-power-limit-and-measurement-features.patch using plaintext: 
patching file drivers/net/pse-pd/tps23881.c

Applying /home/mgta29/src/openwrt/target/linux/generic/backport-6.12/626-08-v6.13-net-pse-pd-Fix-missing-PI-of_node-description.patch using plaintext: 
patching file drivers/net/pse-pd/pse_core.c

Applying /home/mgta29/src/openwrt/target/linux/generic/backport-6.12/626-09-v6.13-net-pse-pd-Clean-ethtool-header-of-PSE-structures.patch using plaintext: 
patching file drivers/net/pse-pd/pse_core.c
patching file include/linux/ethtool.h
patching file include/linux/pse-pd/pse.h

Applying /home/mgta29/src/openwrt/target/linux/generic/backport-6.12/626-10-v6.17-net-pse-pd-Introduce-attached_phydev-to-pse-control.patch using plaintext: 
patching file drivers/net/mdio/fwnode_mdio.c
patching file drivers/net/pse-pd/pse_core.c
patching file include/linux/pse-pd/pse.h

Applying /home/mgta29/src/openwrt/target/linux/generic/backport-6.12/626-11-v6.17-net-pse-pd-Add-support-for-reporting-events.patch using plaintext: 
patching file drivers/net/pse-pd/pse_core.c
patching file include/linux/ethtool_netlink.h
patching file include/linux/pse-pd/pse.h
patching file net/ethtool/pse-pd.c

Applying /home/mgta29/src/openwrt/target/linux/generic/backport-6.12/626-12-v6.17-net-pse-pd-tps23881-Add-support-for-PSE-events.patch using plaintext: 
patching file drivers/net/pse-pd/tps23881.c

Applying /home/mgta29/src/openwrt/target/linux/generic/backport-6.12/626-13-v6.17-net-pse-pd-Add-support-for-PSE-power-domains.patch using plaintext: 
patching file drivers/net/pse-pd/pse_core.c
patching file include/linux/pse-pd/pse.h

Applying /home/mgta29/src/openwrt/target/linux/generic/backport-6.12/626-14-v6.17-net-pse-pd-ethtool-Add-support-for-power-domains-index.patch using plaintext: 
patching file drivers/net/pse-pd/pse_core.c
patching file include/linux/pse-pd/pse.h
patching file net/ethtool/pse-pd.c

Applying /home/mgta29/src/openwrt/target/linux/generic/backport-6.12/626-15-v6.17-net-pse-pd-Add-helper-to-report-hw-enable-status.patch using plaintext: 
patching file drivers/net/pse-pd/pse_core.c

Applying /home/mgta29/src/openwrt/target/linux/generic/backport-6.12/626-16-v6.17-net-pse-pd-Add-support-for-budget-evaluation-strategies.patch using plaintext: 
patching file drivers/net/pse-pd/pse_core.c
patching file include/linux/pse-pd/pse.h

Applying /home/mgta29/src/openwrt/target/linux/generic/backport-6.12/626-16b-v6.17-regulator-Add-support-for-power-budget.patch using plaintext: 
patching file drivers/regulator/core.c
patching file drivers/regulator/of_regulator.c
patching file include/linux/regulator/consumer.h
patching file include/linux/regulator/driver.h
patching file include/linux/regulator/machine.h

Applying /home/mgta29/src/openwrt/target/linux/generic/backport-6.12/626-17-v6.17-net-pse-pd-pd692x0-Add-PSE-PI-priority-feature.patch using plaintext: 
patching file drivers/net/pse-pd/pd692x0.c

Applying /home/mgta29/src/openwrt/target/linux/generic/backport-6.12/626-18-v6.17-net-pse-pd-pd692x0-Add-controller-and-manager-power.patch using plaintext: 
patching file drivers/net/pse-pd/pd692x0.c

Applying /home/mgta29/src/openwrt/target/linux/generic/backport-6.12/626-19-v6.17-net-pse-pd-tps23881-Add-static-port-priority-feature.patch using plaintext: 
patching file drivers/net/pse-pd/tps23881.c

Applying /home/mgta29/src/openwrt/target/linux/generic/backport-6.12/626-20-v6.17-net-pse-pd-pd692x0-reduce-stack-usage.patch using plaintext: 
patching file drivers/net/pse-pd/pd692x0.c

Applying /home/mgta29/src/openwrt/target/linux/generic/backport-6.12/626-21-v6.18-net-pse-pd-pd692x0-Fix-power-budget-leak.patch using plaintext: 
patching file drivers/net/pse-pd/pd692x0.c

Applying /home/mgta29/src/openwrt/target/linux/generic/backport-6.12/626-22-v6.18-net-pse-pd-pd692x0-Skip-power-budget-when-undefined.patch using plaintext: 
patching file drivers/net/pse-pd/pd692x0.c

Applying /home/mgta29/src/openwrt/target/linux/generic/backport-6.12/626-23-v6.18-net-pse-pd-Add-Si3474-PSE-controller-driver.patch using plaintext: 
patching file drivers/net/pse-pd/Kconfig
patching file drivers/net/pse-pd/Makefile
patching file drivers/net/pse-pd/si3474.c

Applying /home/mgta29/src/openwrt/target/linux/generic/backport-6.12/626-24-v6.19-net-pse-pd-tps23881-Fix-current-measurement-scaling.patch using plaintext: 
patching file drivers/net/pse-pd/tps23881.c

Applying /home/mgta29/src/openwrt/target/linux/generic/backport-6.12/626-25-v6.19-net-pse-pd-pd692x0-Replace-__free-macro.patch using plaintext: 
patching file drivers/net/pse-pd/pd692x0.c

Applying /home/mgta29/src/openwrt/target/linux/generic/backport-6.12/626-26-v6.19-net-pse-pd-pd692x0-Separate-configuration-parsing.patch using plaintext: 
patching file drivers/net/pse-pd/pd692x0.c

Applying /home/mgta29/src/openwrt/target/linux/generic/backport-6.12/626-27-v6.19-net-pse-pd-pd692x0-Preserve-PSE-configuration.patch using plaintext: 
patching file drivers/net/pse-pd/pd692x0.c

Applying /home/mgta29/src/openwrt/target/linux/generic/backport-6.12/626-28-v6.19-net-pse-pd-tps23881-Add-support-for-TPS23881B.patch using plaintext: 
patching file drivers/net/pse-pd/tps23881.c

Applying /home/mgta29/src/openwrt/target/linux/generic/backport-6.12/626-v6.16-net-bridge-locally-receive-all-multicast-packets-if-.patch using plaintext: 
patching file net/bridge/br_input.c

Applying /home/mgta29/src/openwrt/target/linux/generic/backport-6.12/627-01-v6.17-net-pse-pd-Add-ethtool_netlink_generated-header.patch using plaintext: 
patching file include/uapi/linux/ethtool_netlink.h
patching file include/uapi/linux/ethtool_netlink_generated.h

Applying /home/mgta29/src/openwrt/target/linux/generic/backport-6.12/627-02-v6.17-net-ethtool-Add-PSE-port-priority-support.patch using plaintext: 
patching file net/ethtool/pse-pd.c

Applying /home/mgta29/src/openwrt/target/linux/generic/backport-6.12/630-v6.13-net-usb-qmi_wwan-add-Quectel-RG255C.patch using plaintext: 
patching file drivers/net/usb/qmi_wwan.c

Applying /home/mgta29/src/openwrt/target/linux/generic/backport-6.12/630-v6.14-PM-sleep-wakeirq-Introduce-device-managed-variant-of.patch using plaintext: 
patching file drivers/base/power/wakeirq.c
patching file include/linux/pm_wakeirq.h

Applying /home/mgta29/src/openwrt/target/linux/generic/backport-6.12/650-v6.13-net-phylink-allow-mac_select_pcs-to-remove-a-PCS.patch using plaintext: 
patching file drivers/net/phy/phylink.c

Applying /home/mgta29/src/openwrt/target/linux/generic/backport-6.12/651-v6.14-net-phylink-add-support-for-PCS-supported_interfaces.patch using plaintext: 
patching file drivers/net/phy/phylink.c
patching file include/linux/phylink.h

Applying /home/mgta29/src/openwrt/target/linux/generic/backport-6.12/652-v6.15-net-phylink-force-link-down-on-major_config-failure.patch using plaintext: 
patching file drivers/net/phy/phylink.c

Applying /home/mgta29/src/openwrt/target/linux/generic/backport-6.12/653-01-v7.0-net-phylink-simplify-phylink_resolve-phylink_major_c.patch using plaintext: 
patching file drivers/net/phy/phylink.c

Applying /home/mgta29/src/openwrt/target/linux/generic/backport-6.12/653-02-v7.0-net-phylink-introduce-helpers-for-replaying-link-cal.patch using plaintext: 
patching file drivers/net/phy/phylink.c
patching file include/linux/phylink.h

Applying /home/mgta29/src/openwrt/target/linux/generic/backport-6.12/700-01-v7.0-net-sched-Export-mq-functions-for-reuse.patch using plaintext: 
patching file MAINTAINERS
patching file include/net/sch_priv.h
patching file net/sched/sch_mq.c

Applying /home/mgta29/src/openwrt/target/linux/generic/backport-6.12/700-02-v7.0-net-sched-sch_cake-Factor-out-config-variables-into-.patch using plaintext: 
patching file net/sched/sch_cake.c

Applying /home/mgta29/src/openwrt/target/linux/generic/backport-6.12/700-03-v7.0-net-sched-sch_cake-Add-cake_mq-qdisc-for-using-cake-.patch using plaintext: 
patching file net/sched/sch_cake.c

Applying /home/mgta29/src/openwrt/target/linux/generic/backport-6.12/700-04-v7.0-net-sched-sch_cake-Share-config-across-cake_mq-sub-q.patch using plaintext: 
patching file net/sched/sch_cake.c

Applying /home/mgta29/src/openwrt/target/linux/generic/backport-6.12/700-05-v7.0-net-sched-sch_cake-share-shaper-state-across-sub-ins.patch using plaintext: 
patching file Documentation/netlink/specs/tc.yaml
patching file include/uapi/linux/pkt_sched.h
patching file net/sched/sch_cake.c

Applying /home/mgta29/src/openwrt/target/linux/generic/backport-6.12/700-06-v7.0-selftests-tc-testing-add-selftests-for-cake_mq-qdisc.patch using plaintext: 
patching file tools/testing/selftests/tc-testing/tc-tests/qdiscs/cake_mq.json

Applying /home/mgta29/src/openwrt/target/linux/generic/backport-6.12/700-07-v7.0-net-sched-cake-avoid-separate-allocation-of-struct-c.patch using plaintext: 
patching file net/sched/sch_cake.c

Applying /home/mgta29/src/openwrt/target/linux/generic/backport-6.12/701-01-v7.0-net-sched-sch_cake-avoid-sync-overhead-when-unlimite.patch using plaintext: 
patching file net/sched/sch_cake.c

Applying /home/mgta29/src/openwrt/target/linux/generic/backport-6.12/701-02-v7.0-net-sched-sch_cake-fixup-cake_mq-rate-adjustment-for.patch using plaintext: 
patching file net/sched/sch_cake.c

Applying /home/mgta29/src/openwrt/target/linux/generic/backport-6.12/702-v7.0-net-phylink-fix-NULL-pointer-deref-in-phylink_major_.patch using plaintext: 
patching file drivers/net/phy/phylink.c

Applying /home/mgta29/src/openwrt/target/linux/generic/backport-6.12/705-01-v7.0-net-phy-motorcomm-Support-YT8531S-PHY-in-YT6801-Ethernet.patch using plaintext: 
patching file drivers/net/phy/motorcomm.c

Applying /home/mgta29/src/openwrt/target/linux/generic/backport-6.12/705-02-v7.0-net-stmmac-Add-glue-driver-for-Motorcomm-YT6801-ethernet.patch using plaintext: 
patching file drivers/net/ethernet/stmicro/stmmac/Kconfig
patching file drivers/net/ethernet/stmicro/stmmac/Makefile
patching file drivers/net/ethernet/stmicro/stmmac/dwmac-motorcomm.c

Applying /home/mgta29/src/openwrt/target/linux/generic/backport-6.12/710-v6.16-igc-enable-HW-vlan-tag-insertion-stripping-by-defaul.patch using plaintext: 
patching file drivers/net/ethernet/intel/igc/igc_main.c

Applying /home/mgta29/src/openwrt/target/linux/generic/backport-6.12/720-01-v6.13-net-phy-mediatek-ge-soc-Fix-coding-style.patch using plaintext: 
patching file drivers/net/phy/mediatek-ge-soc.c

Applying /home/mgta29/src/openwrt/target/linux/generic/backport-6.12/720-02-v6.13-net-phy-mediatek-ge-soc-Shrink-line-wrapping-to-80-c.patch using plaintext: 
patching file drivers/net/phy/mediatek-ge-soc.c

Applying /home/mgta29/src/openwrt/target/linux/generic/backport-6.12/720-03-v6.13-net-phy-mediatek-ge-soc-Propagate-error-code-correct.patch using plaintext: 
patching file drivers/net/phy/mediatek-ge-soc.c

Applying /home/mgta29/src/openwrt/target/linux/generic/backport-6.12/720-04-v6.13-net-phy-mediatek-Re-organize-MediaTek-ethernet-phy-d.patch using plaintext: 
patching file MAINTAINERS
patching file drivers/net/phy/Kconfig
patching file drivers/net/phy/Makefile
patching file drivers/net/phy/mediatek/Kconfig
patching file drivers/net/phy/mediatek/Makefile
patching file drivers/net/phy/mediatek-ge-soc.c
patching file drivers/net/phy/mediatek-ge.c
patching file drivers/net/phy/mediatek/mtk-ge-soc.c
patching file drivers/net/phy/mediatek/mtk-ge.c

Applying /home/mgta29/src/openwrt/target/linux/generic/backport-6.12/720-05-v6.13-net-phy-mediatek-Move-LED-helper-functions-into-mtk-.patch using plaintext: 
patching file MAINTAINERS
patching file drivers/net/phy/mediatek/Kconfig
patching file drivers/net/phy/mediatek/Makefile
patching file drivers/net/phy/mediatek/mtk-ge-soc.c
patching file drivers/net/phy/mediatek/mtk-phy-lib.c
patching file drivers/net/phy/mediatek/mtk.h

Applying /home/mgta29/src/openwrt/target/linux/generic/backport-6.12/720-06-v6.13-net-phy-mediatek-Improve-readability-of-mtk-phy-lib..patch using plaintext: 
patching file drivers/net/phy/mediatek/mtk-phy-lib.c

Applying /home/mgta29/src/openwrt/target/linux/generic/backport-6.12/720-07-v6.13-net-phy-mediatek-Integrate-read-write-page-helper-fu.patch using plaintext: 
patching file drivers/net/phy/mediatek/Kconfig
patching file drivers/net/phy/mediatek/mtk-ge-soc.c
patching file drivers/net/phy/mediatek/mtk-ge.c
patching file drivers/net/phy/mediatek/mtk-phy-lib.c
patching file drivers/net/phy/mediatek/mtk.h

Applying /home/mgta29/src/openwrt/target/linux/generic/backport-6.12/720-08-v6.13-net-phy-mediatek-add-MT7530-MT7531-s-PHY-ID-macros.patch using plaintext: 
patching file drivers/net/phy/mediatek/mtk-ge.c

Applying /home/mgta29/src/openwrt/target/linux/generic/backport-6.12/720-09-v6.14-net-phy-Constify-struct-mdio_device_id.patch using plaintext: 
patching file drivers/net/phy/adin.c
patching file drivers/net/phy/adin1100.c
patching file drivers/net/phy/air_en8811h.c
patching file drivers/net/phy/amd.c
patching file drivers/net/phy/aquantia/aquantia_main.c
patching file drivers/net/phy/ax88796b.c
patching file drivers/net/phy/bcm-cygnus.c
patching file drivers/net/phy/bcm54140.c
patching file drivers/net/phy/bcm63xx.c
patching file drivers/net/phy/bcm7xxx.c
patching file drivers/net/phy/bcm84881.c
patching file drivers/net/phy/broadcom.c
patching file drivers/net/phy/cicada.c
patching file drivers/net/phy/cortina.c
patching file drivers/net/phy/davicom.c
patching file drivers/net/phy/dp83640.c
patching file drivers/net/phy/dp83822.c
patching file drivers/net/phy/dp83848.c
patching file drivers/net/phy/dp83867.c
patching file drivers/net/phy/dp83869.c
patching file drivers/net/phy/dp83tc811.c
patching file drivers/net/phy/dp83td510.c
patching file drivers/net/phy/dp83tg720.c
patching file drivers/net/phy/et1011c.c
patching file drivers/net/phy/icplus.c
patching file drivers/net/phy/intel-xway.c
patching file drivers/net/phy/lxt.c
patching file drivers/net/phy/marvell-88q2xxx.c
patching file drivers/net/phy/marvell-88x2222.c
patching file drivers/net/phy/marvell.c
patching file drivers/net/phy/marvell10g.c
patching file drivers/net/phy/mediatek/mtk-ge-soc.c
patching file drivers/net/phy/mediatek/mtk-ge.c
patching file drivers/net/phy/meson-gxl.c
patching file drivers/net/phy/micrel.c
patching file drivers/net/phy/microchip.c
patching file drivers/net/phy/microchip_t1.c
patching file drivers/net/phy/microchip_t1s.c
patching file drivers/net/phy/mscc/mscc_main.c
patching file drivers/net/phy/mxl-gpy.c
patching file drivers/net/phy/national.c
patching file drivers/net/phy/ncn26000.c
patching file drivers/net/phy/nxp-c45-tja11xx.c
patching file drivers/net/phy/nxp-cbtx.c
patching file drivers/net/phy/nxp-tja11xx.c
patching file drivers/net/phy/qcom/at803x.c
patching file drivers/net/phy/qcom/qca807x.c
patching file drivers/net/phy/qcom/qca808x.c
patching file drivers/net/phy/qcom/qca83xx.c
patching file drivers/net/phy/qsemi.c
patching file drivers/net/phy/rockchip.c
patching file drivers/net/phy/smsc.c
patching file drivers/net/phy/ste10Xp.c
patching file drivers/net/phy/teranetics.c
patching file drivers/net/phy/uPD60620.c
patching file drivers/net/phy/vitesse.c

Applying /home/mgta29/src/openwrt/target/linux/generic/backport-6.12/720-10-v6.15-net-phy-mediatek-Change-to-more-meaningful-macros.patch using plaintext: 
patching file drivers/net/phy/mediatek/mtk-ge-soc.c
patching file drivers/net/phy/mediatek/mtk-ge.c
patching file drivers/net/phy/mediatek/mtk.h

Applying /home/mgta29/src/openwrt/target/linux/generic/backport-6.12/720-11-v6.15-net-phy-mediatek-Add-token-ring-access-helper-functi.patch using plaintext: 
patching file drivers/net/phy/mediatek/mtk-ge-soc.c
patching file drivers/net/phy/mediatek/mtk-ge.c
patching file drivers/net/phy/mediatek/mtk-phy-lib.c
patching file drivers/net/phy/mediatek/mtk.h

Applying /home/mgta29/src/openwrt/target/linux/generic/backport-6.12/720-12-v6.15-net-phy-mediatek-Add-token-ring-set-bit-operation-su.patch using plaintext: 
patching file drivers/net/phy/mediatek/mtk-ge-soc.c
patching file drivers/net/phy/mediatek/mtk-phy-lib.c
patching file drivers/net/phy/mediatek/mtk.h

Applying /home/mgta29/src/openwrt/target/linux/generic/backport-6.12/720-13-v6.15-net-phy-mediatek-Add-token-ring-clear-bit-operation-.patch using plaintext: 
patching file drivers/net/phy/mediatek/mtk-ge-soc.c
patching file drivers/net/phy/mediatek/mtk-phy-lib.c
patching file drivers/net/phy/mediatek/mtk.h

Applying /home/mgta29/src/openwrt/target/linux/generic/backport-6.12/720-14-v6.15-net-phy-mediatek-Move-some-macros-to-phy-lib-for-lat.patch using plaintext: 
patching file drivers/net/phy/mediatek/mtk-ge.c
patching file drivers/net/phy/mediatek/mtk.h

Applying /home/mgta29/src/openwrt/target/linux/generic/backport-6.12/720-15-v6.16-net-phy-mediatek-permit-to-compile-test-GE-SOC-PHY-d.patch using plaintext: 
patching file drivers/net/phy/mediatek/Kconfig

Applying /home/mgta29/src/openwrt/target/linux/generic/backport-6.12/720-16-v6.16-net-phy-mediatek-add-Airoha-PHY-ID-to-SoC-driver.patch using plaintext: 
patching file drivers/net/phy/mediatek/Kconfig
patching file drivers/net/phy/mediatek/mtk-ge-soc.c

Applying /home/mgta29/src/openwrt/target/linux/generic/backport-6.12/720-17-v6.16-net-phy-mediatek-init-val-in-.phy_led_polarity_set-f.patch using plaintext: 
patching file drivers/net/phy/mediatek/mtk-ge-soc.c

Applying /home/mgta29/src/openwrt/target/linux/generic/backport-6.12/721-01-v6.15-net-ethernet-mediatek-add-EEE-support.patch using plaintext: 
patching file drivers/net/ethernet/mediatek/mtk_eth_soc.c
patching file drivers/net/ethernet/mediatek/mtk_eth_soc.h

Applying /home/mgta29/src/openwrt/target/linux/generic/backport-6.12/730-01-v6.13-net-phy-aquantia-allow-forcing-order-of-MDI-pairs.patch using plaintext: 
patching file drivers/net/phy/aquantia/aquantia_main.c

Applying /home/mgta29/src/openwrt/target/linux/generic/backport-6.12/730-02-v6.13-net-phy-aquantia-fix-return-value-check-in-aqr107_co.patch using plaintext: 
patching file drivers/net/phy/aquantia/aquantia_main.c

Applying /home/mgta29/src/openwrt/target/linux/generic/backport-6.12/730-03-v6.13-net-phy-support-active-high-property-for-PHY-LEDs.patch using plaintext: 
patching file drivers/net/phy/phy_device.c
patching file include/linux/phy.h

Applying /home/mgta29/src/openwrt/target/linux/generic/backport-6.12/730-04-v6.13-net-phy-aquantia-correctly-describe-LED-polarity-ove.patch using plaintext: 
patching file drivers/net/phy/aquantia/aquantia.h
patching file drivers/net/phy/aquantia/aquantia_leds.c
patching file drivers/net/phy/aquantia/aquantia_main.c

Applying /home/mgta29/src/openwrt/target/linux/generic/backport-6.12/730-05-v6.13-net-phy-mxl-gpy-add-basic-LED-support.patch using plaintext: 
patching file drivers/net/phy/mxl-gpy.c

Applying /home/mgta29/src/openwrt/target/linux/generic/backport-6.12/730-06-v6.13-net-phy-mxl-gpy-add-missing-support-for-TRIGGER_NETD.patch using plaintext: 
patching file drivers/net/phy/mxl-gpy.c

Applying /home/mgta29/src/openwrt/target/linux/generic/backport-6.12/730-07-v6.13-net-phy-mxl-gpy-correctly-describe-LED-polarity.patch using plaintext: 
patching file drivers/net/phy/mxl-gpy.c

Applying /home/mgta29/src/openwrt/target/linux/generic/backport-6.12/730-08-v6.13-net-phy-intel-xway-add-support-for-PHY-LEDs.patch using plaintext: 
patching file drivers/net/phy/intel-xway.c

Applying /home/mgta29/src/openwrt/target/linux/generic/backport-6.12/730-09-v6.18-net-phy-mxl-gpy-fix-link-properties-on-USXGMII-and-i.patch using plaintext: 
patching file drivers/net/phy/mxl-gpy.c

Applying /home/mgta29/src/openwrt/target/linux/generic/backport-6.12/730-10-v6.19-net-phy-mxl-gpy-add-support-for-MxL86211C.patch using plaintext: 
patching file drivers/net/phy/mxl-gpy.c

Applying /home/mgta29/src/openwrt/target/linux/generic/backport-6.12/730-11-v7.0-net-phy-mxl-gpy-implement-SGMII-in-band-configuratio.patch using plaintext: 
patching file drivers/net/phy/mxl-gpy.c

Applying /home/mgta29/src/openwrt/target/linux/generic/backport-6.12/731-v6.18-net-mediatek-wed-Introduce-MT7992-WED-support-to-MT7.patch using plaintext: 
patching file drivers/net/ethernet/mediatek/mtk_wed.c
patching file drivers/net/ethernet/mediatek/mtk_wed.h
patching file include/linux/soc/mediatek/mtk_wed.h

Applying /home/mgta29/src/openwrt/target/linux/generic/backport-6.12/732-v6.18-wifi-mt76-wed-use-proper-wed-reference-in-mt76-wed-d.patch using plaintext: 
patching file include/linux/soc/mediatek/mtk_wed.h

Applying /home/mgta29/src/openwrt/target/linux/generic/backport-6.12/733-v6.18-net-mtk-wed-add-dma-mask-limitation-and-GFP_DMA32-fo.patch using plaintext: 
patching file drivers/net/ethernet/mediatek/mtk_wed.c

Applying /home/mgta29/src/openwrt/target/linux/generic/backport-6.12/735-v6.13-net-phy-avoid-undefined-behavior-in-_led_polarity_se.patch using plaintext: 
patching file drivers/net/phy/aquantia/aquantia_leds.c
patching file drivers/net/phy/intel-xway.c
patching file drivers/net/phy/mxl-gpy.c

Applying /home/mgta29/src/openwrt/target/linux/generic/backport-6.12/740-v6.13-net-dsa-mv88e6xxx-Support-LED-control.patch using plaintext: 
patching file drivers/net/dsa/mv88e6xxx/Kconfig
patching file drivers/net/dsa/mv88e6xxx/Makefile
patching file drivers/net/dsa/mv88e6xxx/chip.c
patching file drivers/net/dsa/mv88e6xxx/chip.h
patching file drivers/net/dsa/mv88e6xxx/leds.c
patching file drivers/net/dsa/mv88e6xxx/port.c
patching file drivers/net/dsa/mv88e6xxx/port.h

Applying /home/mgta29/src/openwrt/target/linux/generic/backport-6.12/741-v6.13-net-dsa-mv88e6xxx-fix-unreleased-fwnode_handle-in-se.patch using plaintext: 
patching file drivers/net/dsa/mv88e6xxx/chip.c

Applying /home/mgta29/src/openwrt/target/linux/generic/backport-6.12/742-v6.17-net-dsa-mv88e6xxx-Fix-fwnode-reference-leaks-in-mv88.patch using plaintext: 
patching file drivers/net/dsa/mv88e6xxx/leds.c

Applying /home/mgta29/src/openwrt/target/linux/generic/backport-6.12/750-v7.0-net-phy-move-mmd_phy_read-and-mmd_phy_write-to-phyli.patch using plaintext: 
patching file drivers/net/phy/phy-core.c
patching file include/linux/phy.h

Applying /home/mgta29/src/openwrt/target/linux/generic/backport-6.12/760-v6.18-net-phy-introduce-phy_id_compare_model-PHY-ID-helper.patch using plaintext: 
patching file include/linux/phy.h

Applying /home/mgta29/src/openwrt/target/linux/generic/backport-6.12/761-v6.19-net-phy-mxl-gpy-add-support-for-mxl86252-and-mxl86282.patch using plaintext: 
patching file drivers/net/phy/mxl-gpy.c

Applying /home/mgta29/src/openwrt/target/linux/generic/backport-6.12/762-v7.0-net-dsa-add-tag-format-for-MxL862xx-switches.patch using plaintext: 
patching file include/net/dsa.h
patching file net/dsa/Kconfig
patching file net/dsa/Makefile
patching file net/dsa/tag_mxl862xx.c
patching file include/uapi/linux/if_ether.h

Applying /home/mgta29/src/openwrt/target/linux/generic/backport-6.12/763-v7.0-net-mdio-add-unlocked-mdiodev-C45-bus-accessors.patch using plaintext: 
patching file include/linux/mdio.h

Applying /home/mgta29/src/openwrt/target/linux/generic/backport-6.12/764-v7.0-net-dsa-add-basic-initial-driver-for-MxL862xx-switch.patch using plaintext: 
patching file drivers/net/dsa/Kconfig
patching file drivers/net/dsa/Makefile
patching file drivers/net/dsa/mxl862xx/Kconfig
patching file drivers/net/dsa/mxl862xx/Makefile
patching file drivers/net/dsa/mxl862xx/mxl862xx-api.h
patching file drivers/net/dsa/mxl862xx/mxl862xx-cmd.h
patching file drivers/net/dsa/mxl862xx/mxl862xx-host.c
patching file drivers/net/dsa/mxl862xx/mxl862xx-host.h
patching file drivers/net/dsa/mxl862xx/mxl862xx.c
patching file drivers/net/dsa/mxl862xx/mxl862xx.h

Applying /home/mgta29/src/openwrt/target/linux/generic/backport-6.12/765-v7.0-net-dsa-mxl862xx-rename-MDIO-op-arguments.patch using plaintext: 
patching file drivers/net/dsa/mxl862xx/mxl862xx.c

Applying /home/mgta29/src/openwrt/target/linux/generic/backport-6.12/766-v7.0-net-dsa-mxl862xx-don-t-set-user_mii_bus.patch using plaintext: 
patching file drivers/net/dsa/mxl862xx/mxl862xx.c

Applying /home/mgta29/src/openwrt/target/linux/generic/backport-6.12/767-v7.0-net-dsa-MxL862xx-don-t-force-enable-MAXLINEAR_GPHY.patch using plaintext: 
patching file drivers/net/dsa/mxl862xx/mxl862xx-host.c

Applying /home/mgta29/src/openwrt/target/linux/generic/backport-6.12/768-v7.1-net-dsa-MxL862xx-don-t-force-enable-MAXLINEAR_GPHY.patch using plaintext: 
patching file drivers/net/dsa/mxl862xx/Kconfig

Applying /home/mgta29/src/openwrt/target/linux/generic/backport-6.12/769-v7.1-net-dsa-mxl862xx-add-CRC-for-MDIO-communication.patch using plaintext: 
patching file drivers/net/dsa/mxl862xx/Kconfig
patching file drivers/net/dsa/mxl862xx/mxl862xx-host.c
patching file drivers/net/dsa/mxl862xx/mxl862xx-host.h
patching file drivers/net/dsa/mxl862xx/mxl862xx.c
patching file drivers/net/dsa/mxl862xx/mxl862xx.h

Applying /home/mgta29/src/openwrt/target/linux/generic/backport-6.12/770-v7.1-net-dsa-mxl862xx-use-RST_DATA-to-skip-writing-zero-w.patch using plaintext: 
patching file drivers/net/dsa/mxl862xx/mxl862xx-host.c

Applying /home/mgta29/src/openwrt/target/linux/generic/backport-6.12/771-v7.1-net-dsa-mxl862xx-cancel-pending-work-on-probe-error.patch using plaintext: 
patching file drivers/net/dsa/mxl862xx/mxl862xx.c

Applying /home/mgta29/src/openwrt/target/linux/generic/backport-6.12/772-v7.1-net-dsa-move-dsa_bridge_ports-helper-to-dsa.h.patch using plaintext: 
patching file include/net/dsa.h

Applying /home/mgta29/src/openwrt/target/linux/generic/backport-6.12/773-v7.1-net-dsa-add-bridge-member-iteration-macro.patch using plaintext: 
patching file include/net/dsa.h

Applying /home/mgta29/src/openwrt/target/linux/generic/backport-6.12/774-v7.1-dsa-tag_mxl862xx-set-dsa_default_offload_fwd_mark.patch using plaintext: 
patching file net/dsa/tag_mxl862xx.c

Applying /home/mgta29/src/openwrt/target/linux/generic/backport-6.12/775-v7.1-net-dsa-mxl862xx-implement-bridge-offloading.patch using plaintext: 
patching file drivers/net/dsa/mxl862xx/mxl862xx-api.h
patching file drivers/net/dsa/mxl862xx/mxl862xx-cmd.h
patching file drivers/net/dsa/mxl862xx/mxl862xx.c
patching file drivers/net/dsa/mxl862xx/mxl862xx.h

Applying /home/mgta29/src/openwrt/target/linux/generic/backport-6.12/776-v7.1-net-dsa-mxl862xx-reject-DSA_PORT_TYPE_DSA.patch using plaintext: 
patching file drivers/net/dsa/mxl862xx/mxl862xx.c

Applying /home/mgta29/src/openwrt/target/linux/generic/backport-6.12/777-v7.1-net-dsa-mxl862xx-don-t-skip-early-bridge-port-config.patch using plaintext: 
patching file drivers/net/dsa/mxl862xx/mxl862xx.c

Applying /home/mgta29/src/openwrt/target/linux/generic/backport-6.12/778-v7.1-net-dsa-mxl862xx-implement-VLAN-functionality.patch using plaintext: 
patching file drivers/net/dsa/mxl862xx/mxl862xx-api.h
patching file drivers/net/dsa/mxl862xx/mxl862xx-cmd.h
patching file drivers/net/dsa/mxl862xx/mxl862xx.c
patching file drivers/net/dsa/mxl862xx/mxl862xx.h

Applying /home/mgta29/src/openwrt/target/linux/generic/backport-6.12/779-v7.1-net-dsa-mxl862xx-add-ethtool-statistics-support.patch using plaintext: 
patching file drivers/net/dsa/mxl862xx/mxl862xx-api.h
patching file drivers/net/dsa/mxl862xx/mxl862xx-cmd.h
patching file drivers/net/dsa/mxl862xx/mxl862xx.c

Applying /home/mgta29/src/openwrt/target/linux/generic/backport-6.12/780-01-v6.13-r8169-remove-original-workaround-for-RTL8125-broken-.patch using plaintext: 
patching file drivers/net/ethernet/realtek/r8169_main.c

Applying /home/mgta29/src/openwrt/target/linux/generic/backport-6.12/780-02-v6.13-r8169-enable-SG-TSO-on-selected-chip-versions-per-de.patch using plaintext: 
patching file drivers/net/ethernet/realtek/r8169_main.c

Applying /home/mgta29/src/openwrt/target/linux/generic/backport-6.12/780-03-v6.13-r8169-implement-additional-ethtool-stats-ops.patch using plaintext: 
patching file drivers/net/ethernet/realtek/r8169_main.c

Applying /home/mgta29/src/openwrt/target/linux/generic/backport-6.12/780-04-v6.13-r8169-don-t-take-RTNL-lock-in-rtl_task.patch using plaintext: 
patching file drivers/net/ethernet/realtek/r8169_main.c

Applying /home/mgta29/src/openwrt/target/linux/generic/backport-6.12/780-05-v6.13-replace-custom-flag-with-disable_work-et-al.patch using plaintext: 
patching file drivers/net/ethernet/realtek/r8169_main.c

Applying /home/mgta29/src/openwrt/target/linux/generic/backport-6.12/780-06-v6.13-r8169-avoid-duplicated-messages-if-loading-firmware-.patch using plaintext: 
patching file drivers/net/ethernet/realtek/r8169_firmware.c

Applying /home/mgta29/src/openwrt/target/linux/generic/backport-6.12/780-07-v6.13-r8169-remove-rtl_dash_loop_wait_high-low.patch using plaintext: 
patching file drivers/net/ethernet/realtek/r8169_main.c

Applying /home/mgta29/src/openwrt/target/linux/generic/backport-6.12/780-08-v6.13-r8169-enable-EEE-at-2.5G-per-default-on-RTL8125B.patch using plaintext: 
patching file drivers/net/ethernet/realtek/r8169_phy_config.c

Applying /home/mgta29/src/openwrt/target/linux/generic/backport-6.12/780-10-v6.13-r8169-fix-inconsistent-indenting-in-rtl8169_get_eth_.patch using plaintext: 
patching file drivers/net/ethernet/realtek/r8169_main.c

Applying /home/mgta29/src/openwrt/target/linux/generic/backport-6.12/780-11-v6.13-r8169-align-RTL8125-EEE-config-with-vendor-driver.patch using plaintext: 
patching file drivers/net/ethernet/realtek/r8169_phy_config.c

Applying /home/mgta29/src/openwrt/target/linux/generic/backport-6.12/780-12-v6.13-r8169-align-RTL8125-RTL8126-PHY-config-with-vendor-d.patch using plaintext: 
patching file drivers/net/ethernet/realtek/r8169_phy_config.c

Applying /home/mgta29/src/openwrt/target/linux/generic/backport-6.12/780-13-v6.13-r8169-align-RTL8126-EEE-config-with-vendor-driver.patch using plaintext: 
patching file drivers/net/ethernet/realtek/r8169_phy_config.c

Applying /home/mgta29/src/openwrt/target/linux/generic/backport-6.12/780-14-v6.13-r8169-improve-initialization-of-RSS-registers-on-RTL.patch using plaintext: 
patching file drivers/net/ethernet/realtek/r8169_main.c

Applying /home/mgta29/src/openwrt/target/linux/generic/backport-6.12/780-15-v6.13-r8169-remove-leftover-locks-after-reverted-change.patch using plaintext: 
patching file drivers/net/ethernet/realtek/r8169_main.c

Applying /home/mgta29/src/openwrt/target/linux/generic/backport-6.12/780-16-v6.13-r8169-improve-__rtl8169_set_wol.patch using plaintext: 
patching file drivers/net/ethernet/realtek/r8169_main.c

Applying /home/mgta29/src/openwrt/target/linux/generic/backport-6.12/780-17-v6.13-r8169-improve-rtl_set_d3_pll_down.patch using plaintext: 
patching file drivers/net/ethernet/realtek/r8169_main.c

Applying /home/mgta29/src/openwrt/target/linux/generic/backport-6.12/780-18-v6.13-r8169-align-WAKE_PHY-handling-with-r8125-r8126-vendo.patch using plaintext: 
patching file drivers/net/ethernet/realtek/r8169_main.c

Applying /home/mgta29/src/openwrt/target/linux/generic/backport-6.12/780-19-v6.13-r8169-use-helper-r8169_mod_reg8_cond-to-simplify-rtl.patch using plaintext: 
patching file drivers/net/ethernet/realtek/r8169_main.c

Applying /home/mgta29/src/openwrt/target/linux/generic/backport-6.12/780-20-v6.13-r8169-copy-vendor-driver-2.5G-5G-EEE-advertisement-c.patch using plaintext: 
patching file drivers/net/ethernet/realtek/r8169_main.c
patching file drivers/net/ethernet/realtek/r8169_phy_config.c

Applying /home/mgta29/src/openwrt/target/linux/generic/backport-6.12/780-21-v6.14-r8169-remove-unused-flag-RTL_FLAG_TASK_RESET_NO_QUEU.patch using plaintext: 
patching file drivers/net/ethernet/realtek/r8169_main.c

Applying /home/mgta29/src/openwrt/target/linux/generic/backport-6.12/780-22-v6.14-r8169-remove-support-for-chip-version-11.patch using plaintext: 
patching file drivers/net/ethernet/realtek/r8169.h
patching file drivers/net/ethernet/realtek/r8169_main.c
patching file drivers/net/ethernet/realtek/r8169_phy_config.c

Applying /home/mgta29/src/openwrt/target/linux/generic/backport-6.12/780-23-v6.14-r8169-adjust-version-numbering-for-RTL8126.patch using plaintext: 
patching file drivers/net/ethernet/realtek/r8169.h
patching file drivers/net/ethernet/realtek/r8169_main.c
patching file drivers/net/ethernet/realtek/r8169_phy_config.c

Applying /home/mgta29/src/openwrt/target/linux/generic/backport-6.12/780-24-v6.14-r8169-add-support-for-RTL8125D-rev.b.patch using plaintext: 
patching file drivers/net/ethernet/realtek/r8169.h
patching file drivers/net/ethernet/realtek/r8169_main.c
patching file drivers/net/ethernet/realtek/r8169_phy_config.c

Applying /home/mgta29/src/openwrt/target/linux/generic/backport-6.12/780-25-v6.14-r8169-add-support-for-RTL8125BP-rev.b.patch using plaintext: 
patching file drivers/net/ethernet/realtek/r8169.h
patching file drivers/net/ethernet/realtek/r8169_main.c
patching file drivers/net/ethernet/realtek/r8169_phy_config.c

Applying /home/mgta29/src/openwrt/target/linux/generic/backport-6.12/780-26-v6.15-r8169-make-Kconfig-option-for-LED-support-user-visib.patch using plaintext: 
patching file drivers/net/ethernet/realtek/Kconfig

Applying /home/mgta29/src/openwrt/target/linux/generic/backport-6.12/780-28-v6.15-r8169-add-support-for-Intel-Killer-E5000.patch using plaintext: 
patching file drivers/net/ethernet/realtek/r8169_main.c

Applying /home/mgta29/src/openwrt/target/linux/generic/backport-6.12/780-29-v6.15-r8169-add-PHY-c45-ops-for-MDIO_MMD_VENDOR2-registers.patch using plaintext: 
patching file drivers/net/ethernet/realtek/r8169_main.c

Applying /home/mgta29/src/openwrt/target/linux/generic/backport-6.12/780-30-v6.15-r8169-increase-max-jumbo-packet-size-on-RTL8125-RTL8.patch using plaintext: 
patching file drivers/net/ethernet/realtek/r8169_main.c

Applying /home/mgta29/src/openwrt/target/linux/generic/backport-6.12/780-31-v6.15-r8169-switch-away-from-deprecated-pcim_iomap_table.patch using plaintext: 
patching file drivers/net/ethernet/realtek/r8169_main.c

Applying /home/mgta29/src/openwrt/target/linux/generic/backport-6.12/780-32-v6.15-r8169-enable-RTL8168H-RTL8168EP-RTL8168FP-ASPM-suppo.patch using plaintext: 
patching file drivers/net/ethernet/realtek/r8169_main.c

Applying /home/mgta29/src/openwrt/target/linux/generic/backport-6.12/780-34-v6.16-r8169-add-helper-rtl_csi_mod-for-accessing-extended.patch using plaintext: 
patching file drivers/net/ethernet/realtek/r8169_main.c

Applying /home/mgta29/src/openwrt/target/linux/generic/backport-6.12/780-35-v6.16-r8169-add-helper-rtl8125_phy_param.patch using plaintext: 
patching file drivers/net/ethernet/realtek/r8169_phy_config.c

Applying /home/mgta29/src/openwrt/target/linux/generic/backport-6.12/780-36-v6.16-r8169-refactor-chip-version-detection.patch using plaintext: 
patching file drivers/net/ethernet/realtek/r8169_main.c

Applying /home/mgta29/src/openwrt/target/linux/generic/backport-6.12/780-37-v6.16-r8169-add-RTL_GIGA_MAC_VER_LAST-to-facilitate-adding.patch using plaintext: 
patching file drivers/net/ethernet/realtek/r8169.h
patching file drivers/net/ethernet/realtek/r8169_main.c

Applying /home/mgta29/src/openwrt/target/linux/generic/backport-6.12/780-38-v6.16-r8169-use-pci_prepare_to_sleep-in-rtl_shutdown.patch using plaintext: 
patching file drivers/net/ethernet/realtek/r8169_main.c

Applying /home/mgta29/src/openwrt/target/linux/generic/backport-6.12/780-39-v6.16-r8169-merge-chip-versions-70-and-71-RTL8126A.patch using plaintext: 
patching file drivers/net/ethernet/realtek/r8169.h
patching file drivers/net/ethernet/realtek/r8169_main.c
patching file drivers/net/ethernet/realtek/r8169_phy_config.c

Applying /home/mgta29/src/openwrt/target/linux/generic/backport-6.12/780-40-v6.16-r8169-merge-chip-versions-64-and-65-RTL8125D.patch using plaintext: 
patching file drivers/net/ethernet/realtek/r8169.h
patching file drivers/net/ethernet/realtek/r8169_main.c
patching file drivers/net/ethernet/realtek/r8169_phy_config.c

Applying /home/mgta29/src/openwrt/target/linux/generic/backport-6.12/780-41-v6.16-r8169-merge-chip-versions-52-and-53-RTL8117.patch using plaintext: 
patching file drivers/net/ethernet/realtek/r8169.h
patching file drivers/net/ethernet/realtek/r8169_main.c
patching file drivers/net/ethernet/realtek/r8169_phy_config.c

Applying /home/mgta29/src/openwrt/target/linux/generic/backport-6.12/780-42-v6.16-r8169-add-support-for-RTL8127A.patch using plaintext: 
patching file drivers/net/ethernet/realtek/r8169.h
patching file drivers/net/ethernet/realtek/r8169_main.c
patching file drivers/net/ethernet/realtek/r8169_phy_config.c

Applying /home/mgta29/src/openwrt/target/linux/generic/backport-6.12/780-v7.1-net-dsa-mxl862xx-implement-.get_stats64.patch using plaintext: 
patching file drivers/net/dsa/mxl862xx/mxl862xx-host.c
patching file drivers/net/dsa/mxl862xx/mxl862xx.c
patching file drivers/net/dsa/mxl862xx/mxl862xx.h

Applying /home/mgta29/src/openwrt/target/linux/generic/backport-6.12/781-01-v6.13-net-phy-realtek-read-duplex-and-gbit-master-from-PHY.patch using plaintext: 
patching file drivers/net/phy/realtek.c

Applying /home/mgta29/src/openwrt/target/linux/generic/backport-6.12/781-02-v6.13-net-phy-realtek-change-order-of-calls-in-C22-read_st.patch using plaintext: 
patching file drivers/net/phy/realtek.c

Applying /home/mgta29/src/openwrt/target/linux/generic/backport-6.12/781-03-v6.13-net-phy-realtek-clear-1000Base-T-link-partner-advert.patch using plaintext: 
patching file drivers/net/phy/realtek.c

Applying /home/mgta29/src/openwrt/target/linux/generic/backport-6.12/781-06-v6.14-net-phy-realtek-add-support-for-reading-MDIO_MMD_VEN.patch using plaintext: 
patching file drivers/net/phy/realtek.c

Applying /home/mgta29/src/openwrt/target/linux/generic/backport-6.12/781-07-v6.14-net-phy-realtek-clear-1000Base-T-lpa-if-link-is-down.patch using plaintext: 
patching file drivers/net/phy/realtek.c

Applying /home/mgta29/src/openwrt/target/linux/generic/backport-6.12/781-08-v6.14-net-phy-realtek-clear-master_slave_state-if-link-is-.patch using plaintext: 
patching file drivers/net/phy/realtek.c

Applying /home/mgta29/src/openwrt/target/linux/generic/backport-6.12/781-09-v6.14-net-phy-realtek-always-clear-NBase-T-lpa.patch using plaintext: 
patching file drivers/net/phy/realtek.c

Applying /home/mgta29/src/openwrt/target/linux/generic/backport-6.12/781-10-v6.14-net-phy-move-realtek-PHY-driver-to-its-own-subdirect.patch using plaintext: 
patching file drivers/net/phy/Kconfig
patching file drivers/net/phy/Makefile
patching file drivers/net/phy/realtek/Kconfig
patching file drivers/net/phy/realtek/Makefile
patching file drivers/net/phy/realtek.c
patching file drivers/net/phy/realtek/realtek_main.c

Applying /home/mgta29/src/openwrt/target/linux/generic/backport-6.12/781-11-v6.14-net-phy-realtek-add-hwmon-support-for-temp-sensor-on.patch using plaintext: 
patching file drivers/net/phy/realtek/Kconfig
patching file drivers/net/phy/realtek/Makefile
patching file drivers/net/phy/realtek/realtek.h
patching file drivers/net/phy/realtek/realtek_hwmon.c
patching file drivers/net/phy/realtek/realtek_main.c

Applying /home/mgta29/src/openwrt/target/linux/generic/backport-6.12/781-12-v6.14-net-phy-realtek-HWMON-support-for-standalone-version.patch using plaintext: 
patching file drivers/net/phy/realtek/realtek_main.c

Applying /home/mgta29/src/openwrt/target/linux/generic/backport-6.12/781-13-v6.15-net-phy-realtek-make-HWMON-support-a-user-visible-Kc.patch using plaintext: 
patching file drivers/net/phy/realtek/Kconfig

Applying /home/mgta29/src/openwrt/target/linux/generic/backport-6.12/781-14-v6.15-net-phy-realtek-use-string-choices-helpers.patch using plaintext: 
patching file drivers/net/phy/realtek/realtek_main.c

Applying /home/mgta29/src/openwrt/target/linux/generic/backport-6.12/781-15-v6.15-net-phy-realtek-improve-mmd-register-access-for-inte.patch using plaintext: 
patching file drivers/net/phy/realtek/realtek_main.c

Applying /home/mgta29/src/openwrt/target/linux/generic/backport-6.12/781-16-v6.15-net-phy-realtek-switch-from-paged-to-MMD-ops-in-rtl8.patch using plaintext: 
patching file drivers/net/phy/realtek/realtek_main.c

Applying /home/mgta29/src/openwrt/target/linux/generic/backport-6.12/781-17-v6.15-net-phy-realtek-add-helper-RTL822X_VND2_C22_REG.patch using plaintext: 
patching file drivers/net/phy/realtek/realtek_main.c

Applying /home/mgta29/src/openwrt/target/linux/generic/backport-6.12/781-18-v6.15-net-phy-realtek-add-defines-for-shadowed-c45-standar.patch using plaintext: 
patching file drivers/net/phy/realtek/realtek_main.c

Applying /home/mgta29/src/openwrt/target/linux/generic/backport-6.12/781-19-v6.15-net-phy-realtek-disable-PHY-mode-EEE.patch using plaintext: 
patching file drivers/net/phy/realtek/realtek_main.c

Applying /home/mgta29/src/openwrt/target/linux/generic/backport-6.12/781-20-v6.16-net-phy-realtek-Add-support-for-WOL-magic-packet-on.patch using plaintext: 
patching file drivers/net/phy/realtek/realtek_main.c

Applying /home/mgta29/src/openwrt/target/linux/generic/backport-6.12/781-21-v6.16-net-phy-realtek-remove-unsed-RTL821x_PHYSR-macros.patch using plaintext: 
patching file drivers/net/phy/realtek/realtek_main.c

Applying /home/mgta29/src/openwrt/target/linux/generic/backport-6.12/781-22-v6.16-net-phy-realtek-Clean-up-RTL821x-ExtPage-access.patch using plaintext: 
patching file drivers/net/phy/realtek/realtek_main.c

Applying /home/mgta29/src/openwrt/target/linux/generic/backport-6.12/781-23-v6.16-net-phy-realtek-add-RTL8211F-register-defines.patch using plaintext: 
patching file drivers/net/phy/realtek/realtek_main.c

Applying /home/mgta29/src/openwrt/target/linux/generic/backport-6.12/781-24-v6.16-net-phy-realtek-Group-RTL82-macro-definitions.patch using plaintext: 
patching file drivers/net/phy/realtek/realtek_main.c

Applying /home/mgta29/src/openwrt/target/linux/generic/backport-6.12/781-25-v6.16-net-phy-realtek-use-__set_bit-in-rtl8211f_led_hw_con.patch using plaintext: 
patching file drivers/net/phy/realtek/realtek_main.c

Applying /home/mgta29/src/openwrt/target/linux/generic/backport-6.12/781-26-v6.16-net-phy-realtek-Add-support-for-PHY-LEDs-on-RTL8211E.patch using plaintext: 
patching file drivers/net/phy/realtek/realtek_main.c

Applying /home/mgta29/src/openwrt/target/linux/generic/backport-6.12/781-27-v6.16-net-phy-realtek-add-RTL8127-internal-PHY.patch using plaintext: 
patching file drivers/net/phy/realtek/realtek_main.c

Applying /home/mgta29/src/openwrt/target/linux/generic/backport-6.12/781-28-v6.18-net-phy-realtek-convert-RTL8226-CG-to-c45-only.patch using plaintext: 
patching file drivers/net/phy/realtek/realtek_main.c

Applying /home/mgta29/src/openwrt/target/linux/generic/backport-6.12/781-29-v6.18-net-phy-realtek-enable-serdes-option-mode-for-RTL8226-CG.patch using plaintext: 
patching file drivers/net/phy/realtek/realtek_main.c

Applying /home/mgta29/src/openwrt/target/linux/generic/backport-6.12/782-01-v6.16-net-phy-pass-PHY-driver-to-.match_phy_device-OP.patch using plaintext: 
patching file drivers/net/phy/bcm87xx.c
patching file drivers/net/phy/icplus.c
patching file drivers/net/phy/marvell10g.c
patching file drivers/net/phy/micrel.c
patching file drivers/net/phy/nxp-c45-tja11xx.c
patching file drivers/net/phy/nxp-tja11xx.c
patching file drivers/net/phy/phy_device.c
patching file drivers/net/phy/realtek/realtek_main.c
patching file drivers/net/phy/teranetics.c
patching file include/linux/phy.h
patching file rust/kernel/net/phy.rs

Applying /home/mgta29/src/openwrt/target/linux/generic/backport-6.12/782-04-v6.16-net-phy-introduce-genphy_match_phy_device.patch using plaintext: 
patching file drivers/net/phy/phy_device.c
patching file include/linux/phy.h

Applying /home/mgta29/src/openwrt/target/linux/generic/backport-6.12/782-05-v6.16-net-phy-Add-support-for-Aeonsemi-AS21xxx-PHYs.patch using plaintext: 
patching file MAINTAINERS
patching file drivers/net/phy/Kconfig
patching file drivers/net/phy/Makefile
patching file drivers/net/phy/as21xxx.c

Applying /home/mgta29/src/openwrt/target/linux/generic/backport-6.12/783-01-v6.18-net-dsa-Move-KS8995-to-the-DSA-subsystem.patch using plaintext: 
patching file drivers/net/dsa/Kconfig
patching file drivers/net/dsa/Makefile
patching file drivers/net/phy/Kconfig
patching file drivers/net/phy/Makefile
patching file drivers/net/dsa/ks8995.c
patching file drivers/net/phy/spi_ks8995.c

Applying /home/mgta29/src/openwrt/target/linux/generic/backport-6.12/783-02-v6.18-net-dsa-ks8995-Add-proper-RESET-delay.patch using plaintext: 
patching file drivers/net/dsa/ks8995.c

Applying /home/mgta29/src/openwrt/target/linux/generic/backport-6.12/783-03-v6.18-net-dsa-ks8995-Delete-sysfs-register-access.patch using plaintext: 
patching file drivers/net/dsa/ks8995.c

Applying /home/mgta29/src/openwrt/target/linux/generic/backport-6.12/783-04-v6.18-net-dsa-ks8995-Add-basic-switch-set-up.patch using plaintext: 
patching file drivers/net/dsa/Kconfig
patching file drivers/net/dsa/ks8995.c

Applying /home/mgta29/src/openwrt/target/linux/generic/backport-6.12/784-01-v6.17-net-phy-realtek-add-error-handling-to-rtl8211f_get_w.patch using plaintext: 
patching file drivers/net/phy/realtek/realtek_main.c

Applying /home/mgta29/src/openwrt/target/linux/generic/backport-6.12/784-02-v6.18-net-phy-realtek-Avoid-PHYCR2-access-if-PHYCR2-not-pr.patch using plaintext: 
patching file drivers/net/phy/realtek/realtek_main.c

Applying /home/mgta29/src/openwrt/target/linux/generic/backport-6.12/784-02-v6.18-net-phy-realtek-fix-RTL8211F-wake-on-lan-support.patch using plaintext: 
patching file drivers/net/phy/realtek/realtek_main.c

Applying /home/mgta29/src/openwrt/target/linux/generic/backport-6.12/784-03-v6.18-net-phy-realtek-fix-rtl8221b-vm-cg-name.patch using plaintext: 
patching file drivers/net/phy/realtek/realtek_main.c

Applying /home/mgta29/src/openwrt/target/linux/generic/backport-6.12/784-03-v6.18-net-phy-realtek-support-for-TRIGGER_NETDEV_LINK-on-R.patch using plaintext: 
patching file drivers/net/phy/realtek/realtek_main.c

Applying /home/mgta29/src/openwrt/target/linux/generic/backport-6.12/784-06-v6.19-net-phy-realtek-Add-RTL8224-cable-testing-support.patch using plaintext: 
patching file drivers/net/phy/realtek/realtek_main.c

Applying /home/mgta29/src/openwrt/target/linux/generic/backport-6.12/784-07-v6.19-net-phy-realtek-add-interrupt-support-for-RTL8221B.patch using plaintext: 
patching file drivers/net/phy/realtek/realtek_main.c

Applying /home/mgta29/src/openwrt/target/linux/generic/backport-6.12/784-08-v6.19-net-phy-realtek-create-rtl8211f_config_rgmii_delay.patch using plaintext: 
patching file drivers/net/phy/realtek/realtek_main.c

Applying /home/mgta29/src/openwrt/target/linux/generic/backport-6.12/784-09-v6.19-net-phy-realtek-eliminate-priv-phycr2-variable.patch using plaintext: 
patching file drivers/net/phy/realtek/realtek_main.c

Applying /home/mgta29/src/openwrt/target/linux/generic/backport-6.12/784-10-v6.19-net-phy-realtek-eliminate-has_phycr2-variable.patch using plaintext: 
patching file drivers/net/phy/realtek/realtek_main.c

Applying /home/mgta29/src/openwrt/target/linux/generic/backport-6.12/784-11-v6.19-net-phy-realtek-allow-CLKOUT-to-be-disabled-on-RTL82.patch using plaintext: 
patching file drivers/net/phy/realtek/realtek_main.c

Applying /home/mgta29/src/openwrt/target/linux/generic/backport-6.12/784-12-v6.19-net-phy-realtek-eliminate-priv-phycr1-variable.patch using plaintext: 
patching file drivers/net/phy/realtek/realtek_main.c

Applying /home/mgta29/src/openwrt/target/linux/generic/backport-6.12/784-13-v6.19-net-phy-realtek-create-rtl8211f_config_phy_eee-helpe.patch using plaintext: 
patching file drivers/net/phy/realtek/realtek_main.c

Applying /home/mgta29/src/openwrt/target/linux/generic/backport-6.12/785-v6.18-r8169-fix-RTL8127-hang-on-suspend-shutdown.patch using plaintext: 
patching file drivers/net/ethernet/realtek/r8169_main.c

Applying /home/mgta29/src/openwrt/target/linux/generic/backport-6.12/786-01-v6.18-net-phy-introduce-phy_id_compare_vendor-PHY-ID-helpe.patch using plaintext: 
patching file include/linux/phy.h

Applying /home/mgta29/src/openwrt/target/linux/generic/backport-6.12/786-02-v6.18-net-phy-as21xxx-better-handle-PHY-HW-reset-on-soft-r.patch using plaintext: 
patching file drivers/net/phy/as21xxx.c

Applying /home/mgta29/src/openwrt/target/linux/generic/backport-6.12/787-v6.19-net-phy-RTL8211FVD-Restore-disabling-of-PHY-mode-EEE.patch using plaintext: 
patching file drivers/net/phy/realtek/realtek_main.c

Applying /home/mgta29/src/openwrt/target/linux/generic/backport-6.12/788-v7.0-net-phy-realtek-fix-whitespace-in-struct-phy_driver-.patch using plaintext: 
patching file drivers/net/phy/realtek/realtek_main.c

Applying /home/mgta29/src/openwrt/target/linux/generic/backport-6.12/789-v7.0-net-phy-realtek-implement-configuring-in-band-an.patch using plaintext: 
patching file drivers/net/phy/realtek/realtek_main.c

Applying /home/mgta29/src/openwrt/target/linux/generic/backport-6.12/790-v7.0-net-phy-realtek-use-paged-access-for-MDIO_MMD_VEND2-.patch using plaintext: 
patching file drivers/net/phy/realtek/realtek_main.c

Applying /home/mgta29/src/openwrt/target/linux/generic/backport-6.12/791-v7.0-net-phy-realtek-get-rid-of-magic-number-in-rtlgen_re.patch using plaintext: 
patching file drivers/net/phy/realtek/realtek_main.c

Applying /home/mgta29/src/openwrt/target/linux/generic/backport-6.12/792-v7.0-net-phy-realtek-add-dummy-PHY-driver-for-RTL8127ATF.patch using plaintext: 
patching file MAINTAINERS
patching file drivers/net/phy/realtek/realtek_main.c
patching file include/net/phy/realtek_phy.h

Applying /home/mgta29/src/openwrt/target/linux/generic/backport-6.12/793-v7.0-net-phy-realtek-fix-in-band-capabilities-for-2.5G-PH.patch using plaintext: 
patching file drivers/net/phy/realtek/realtek_main.c

Applying /home/mgta29/src/openwrt/target/linux/generic/backport-6.12/794-v7.0-net-phy-realtek-support-interrupt-also-for-C22-varia.patch using plaintext: 
patching file drivers/net/phy/realtek/realtek_main.c

Applying /home/mgta29/src/openwrt/target/linux/generic/backport-6.12/795-v7.0-net-phy-realtek-simplify-C22-reg-access-via-MDIO_MMD.patch using plaintext: 
patching file drivers/net/phy/realtek/realtek_main.c

Applying /home/mgta29/src/openwrt/target/linux/generic/backport-6.12/796-v7.0-net-phy-realtek-reunify-C22-and-C45-drivers.patch using plaintext: 
patching file drivers/net/phy/realtek/realtek_main.c

Applying /home/mgta29/src/openwrt/target/linux/generic/backport-6.12/797-v7.0-net-phy-realtek-demystify-PHYSR-register-location.patch using plaintext: 
patching file drivers/net/phy/realtek/realtek_main.c

Applying /home/mgta29/src/openwrt/target/linux/generic/backport-6.12/798-v7.0-net-phy-realtek-simplify-bogus-paged-operations.patch using plaintext: 
patching file drivers/net/phy/realtek/realtek_main.c

Applying /home/mgta29/src/openwrt/target/linux/generic/backport-6.12/799-v7.0-mtd-physmap-core-Prioritize-ofparts-for-OF-probe.patch using plaintext: 
patching file drivers/mtd/maps/physmap-core.c

Applying /home/mgta29/src/openwrt/target/linux/generic/backport-6.12/800-v6.13-hwmon-Add-static-visibility-member-to-struct-hwmon_o.patch using plaintext: 
patching file drivers/hwmon/hwmon.c
patching file include/linux/hwmon.h

Applying /home/mgta29/src/openwrt/target/linux/generic/backport-6.12/801-01-v6.13-dt-bindings-clocks-add-binding-for-gated-fixed-clock.patch using plaintext: 
patching file Documentation/devicetree/bindings/clock/gated-fixed-clock.yaml

Applying /home/mgta29/src/openwrt/target/linux/generic/backport-6.12/801-02-v6.13-clk-clk-gpio-update-documentation-for-gpio-gate-cloc.patch using plaintext: 
patching file drivers/clk/clk-gpio.c

Applying /home/mgta29/src/openwrt/target/linux/generic/backport-6.12/801-03-v6.13-clk-clk-gpio-use-dev_err_probe-for-gpio-get-failure.patch using plaintext: 
patching file drivers/clk/clk-gpio.c

Applying /home/mgta29/src/openwrt/target/linux/generic/backport-6.12/801-04-v6.13-clk-clk-gpio-add-driver-for-gated-fixed-clocks.patch using plaintext: 
patching file drivers/clk/clk-gpio.c

Applying /home/mgta29/src/openwrt/target/linux/generic/backport-6.12/810-v6.14-gpio-regmap-Use-generic-request-free-ops.patch using plaintext: 
patching file drivers/gpio/gpio-regmap.c

Applying /home/mgta29/src/openwrt/target/linux/generic/backport-6.12/813-v6.16-pinctrl-aw9523-fix-can_sleep-flag-for-GPIO-chip.patch using plaintext: 
patching file drivers/pinctrl/pinctrl-aw9523.c

Applying /home/mgta29/src/openwrt/target/linux/generic/backport-6.12/820-v6.15-power-supply-sysfs-remove-duplicate-nul-termination-to-fix-build-with-GCC15.patch using plaintext: 
patching file drivers/power/supply/power_supply_sysfs.c

Applying /home/mgta29/src/openwrt/target/linux/generic/backport-6.12/821-01-v7.0-dt-bindings-gpio-add-gpio-line-mux-controller.patch using plaintext: 
patching file Documentation/devicetree/bindings/gpio/gpio-line-mux.yaml

Applying /home/mgta29/src/openwrt/target/linux/generic/backport-6.12/821-02-v7.0-gpio-add-gpio-line-mux-driver.patch using plaintext: 
patching file MAINTAINERS
patching file drivers/gpio/Kconfig
patching file drivers/gpio/Makefile
patching file drivers/gpio/gpio-line-mux.c

Applying /home/mgta29/src/openwrt/target/linux/generic/backport-6.12/821-03-v7.0-gpio-line-mux-remove-bits-already-handled-by-GPIO-co.patch using plaintext: 
patching file drivers/gpio/gpio-line-mux.c

Applying /home/mgta29/src/openwrt/target/linux/generic/backport-6.12/822-v6.19-ALSA-usb-audio-Convert-to-common-field_-get-prep-hel.patch using plaintext: 
patching file sound/usb/mixer_quirks.c

Applying /home/mgta29/src/openwrt/target/linux/generic/backport-6.12/823-v6.19-clk-at91-Convert-to-common-field_-get-prep-helpers.patch using plaintext: 
patching file drivers/clk/at91/clk-peripheral.c
patching file drivers/clk/at91/pmc.h

Applying /home/mgta29/src/openwrt/target/linux/generic/backport-6.12/824-v6.19-iio-mlx90614-Convert-to-common-field_-get-prep-helpe.patch using plaintext: 
patching file drivers/iio/temperature/mlx90614.c

Applying /home/mgta29/src/openwrt/target/linux/generic/backport-6.12/825-v6.19-pinctrl-ma35-Convert-to-common-field_-get-prep-helpe.patch using plaintext: 
patching file drivers/pinctrl/nuvoton/pinctrl-ma35.c

Applying /home/mgta29/src/openwrt/target/linux/generic/backport-6.12/830-01-v6.15-hwmon-emc2305-Add-OF-support.patch using plaintext: 
patching file drivers/hwmon/emc2305.c

Applying /home/mgta29/src/openwrt/target/linux/generic/backport-6.12/830-02-v6.15-hwmon-emc2305-Use-devm_thermal_of_cooling_device_reg.patch using plaintext: 
patching file drivers/hwmon/emc2305.c

Applying /home/mgta29/src/openwrt/target/linux/generic/backport-6.12/830-03-v6.17-hwmon-emc2305-Add-support-for-PWM-frequency-polarity.patch using plaintext: 
patching file drivers/hwmon/emc2305.c
patching file include/linux/platform_data/emc2305.h

Applying /home/mgta29/src/openwrt/target/linux/generic/backport-6.12/830-04-v6.17-hwmon-emc2305-Configure-PWM-channels-based-on-DT-pro.patch using plaintext: 
patching file drivers/hwmon/emc2305.c

Applying /home/mgta29/src/openwrt/target/linux/generic/backport-6.12/830-05-v6.17-hwmon-emc2305-Enable-PWM-polarity-and-output-configu.patch using plaintext: 
patching file drivers/hwmon/emc2305.c

Applying /home/mgta29/src/openwrt/target/linux/generic/backport-6.12/830-06-v6.19-hwmon-emc2305-fix-double-put-in-emc2305_probe_childs.patch using plaintext: 
patching file drivers/hwmon/emc2305.c

Applying /home/mgta29/src/openwrt/target/linux/generic/backport-6.12/830-07-v6.19-hwmon-emc2305-fix-device-node-refcount-leak-in-error.patch using plaintext: 
patching file drivers/hwmon/emc2305.c

Applying /home/mgta29/src/openwrt/target/linux/generic/backport-6.12/830-08-v7.0-hwmon-emc2305-Simplify-with-scoped-for-each-OF-child.patch using plaintext: 
patching file drivers/hwmon/emc2305.c

Applying /home/mgta29/src/openwrt/target/linux/generic/backport-6.12/830-09-v7.0-hwmon-emc2305-Fix-a-resource-leak-in-emc2305_of_pars.patch using plaintext: 
patching file drivers/hwmon/emc2305.c

Applying /home/mgta29/src/openwrt/target/linux/generic/backport-6.12/891-v6.14-dt-bindings-leds-Add-LED1202-LED-Controller.patch using plaintext: 
patching file Documentation/devicetree/bindings/leds/st,led1202.yaml

Applying /home/mgta29/src/openwrt/target/linux/generic/backport-6.12/892-v6.14-leds-Add-LED1202-I2C-driver.patch using plaintext: 
patching file drivers/leds/Kconfig
patching file drivers/leds/Makefile
patching file drivers/leds/leds-st1202.c

Applying /home/mgta29/src/openwrt/target/linux/generic/backport-6.12/893-v6.14-leds_st1202-Fix-NULL-pointer-access-error.patch using plaintext: 
patching file drivers/leds/leds-st1202.c

Applying /home/mgta29/src/openwrt/target/linux/generic/backport-6.12/900-v6.14-driver-core-add-a-faux-bus-for-use-when-a-simple-dev.patch using plaintext: 
patching file Documentation/driver-api/infrastructure.rst
patching file drivers/base/Makefile
patching file drivers/base/base.h
patching file drivers/base/faux.c
patching file drivers/base/init.c
patching file include/linux/device/faux.h

Applying /home/mgta29/src/openwrt/target/linux/generic/backport-6.12/901-v6.14-PCI-dwc-Add-dw_pcie_suspend_noirq-dw_pcie_resume.patch using plaintext: 
patching file drivers/pci/controller/dwc/pcie-designware.h

Applying /home/mgta29/src/openwrt/target/linux/generic/backport-6.12/902-v6.16-genirq-msi-Add-helper-for-creating-MSI-parent-irq-do.patch using plaintext: 
patching file include/linux/msi.h
patching file kernel/irq/msi.c

Applying /home/mgta29/src/openwrt/target/linux/generic/backport-6.12/903-v6.16-irqchip-Make-irq-msi-lib.h-globally-available.patch using plaintext: 
patching file drivers/irqchip/irq-gic-v2m.c
patching file drivers/irqchip/irq-gic-v3-its-msi-parent.c
patching file drivers/irqchip/irq-gic-v3-its.c
patching file drivers/irqchip/irq-gic-v3-mbi.c
patching file drivers/irqchip/irq-imx-mu-msi.c
patching file drivers/irqchip/irq-loongarch-avec.c
patching file drivers/irqchip/irq-loongson-pch-msi.c
patching file drivers/irqchip/irq-msi-lib.c
patching file drivers/irqchip/irq-mvebu-gicp.c
patching file drivers/irqchip/irq-mvebu-icu.c
patching file drivers/irqchip/irq-mvebu-odmi.c
patching file drivers/irqchip/irq-mvebu-sei.c
patching file drivers/irqchip/irq-msi-lib.h
patching file include/linux/irqchip/irq-msi-lib.h

Applying /home/mgta29/src/openwrt/target/linux/generic/backport-6.12/904-v6.16-irqchip-irq-msi-lib-Fix-build-with-PCI-disabled.patch using plaintext: 
patching file include/linux/irqchip/irq-msi-lib.h

Applying /home/mgta29/src/openwrt/target/linux/generic/backport-6.12/905-v6.17-PCI-dwc-Export-DWC-MSI-controller-related-APIs.patch using plaintext: 
patching file drivers/pci/controller/dwc/pcie-designware-host.c
patching file drivers/pci/controller/dwc/pcie-designware.h

Applying /home/mgta29/src/openwrt/target/linux/generic/backport-6.12/906-v6.17-PCI-dwc-Switch-to-msi_create_parent_irq_domain.patch using plaintext: 
patching file drivers/pci/controller/dwc/Kconfig
patching file drivers/pci/controller/dwc/pcie-designware-host.c
patching file drivers/pci/controller/dwc/pcie-designware.h

Applying /home/mgta29/src/openwrt/target/linux/generic/backport-6.12/907-v6.19-genirq-Change-hwirq-parameter-to-irq_hw_number_t.patch using plaintext: 
patching file include/linux/irqdesc.h
patching file kernel/irq/irqdesc.c

Applying /home/mgta29/src/openwrt/target/linux/generic/backport-6.12/908-1-v7.0-genirq-Add-interrupt-redirection-infrastructure.patch using plaintext: 
patching file include/linux/irq.h
patching file include/linux/irqdesc.h
patching file kernel/irq/chip.c
patching file kernel/irq/irqdesc.c
patching file kernel/irq/manage.c

Applying /home/mgta29/src/openwrt/target/linux/generic/backport-6.12/908-2-v7.0-PCI-dwc-Code-cleanup.patch using plaintext: 
patching file drivers/pci/controller/dwc/pcie-designware-host.c
patching file drivers/pci/controller/dwc/pcie-designware.h

Applying /home/mgta29/src/openwrt/target/linux/generic/backport-6.12/908-3-v7.0-PCI-dwc-Enable-MSI-affinity-support.patch using plaintext: 
patching file drivers/pci/controller/dwc/pcie-designware-host.c

Applying /home/mgta29/src/openwrt/target/linux/generic/backport-6.12/909-v7.0-genirq-Update-effective-affinity-for-redirected-inte.patch using plaintext: 
patching file kernel/irq/chip.c

Applying /home/mgta29/src/openwrt/target/linux/generic/backport-6.12/910-v6.19-crypto-testmgr-Add-missing-DES-weak-and-semi-weak-ke.patch using plaintext: 
patching file crypto/testmgr.h

Applying /home/mgta29/src/openwrt/target/linux/generic/backport-6.12/911-v7.0-crypto-testmgr-Add-test-vectors-for-authenc-hmac-sha.patch using plaintext: 
patching file crypto/testmgr.c
patching file crypto/testmgr.h

Applying /home/mgta29/src/openwrt/target/linux/generic/backport-6.12/912-v7.0-crypto-testmgr-Add-test-vectors-for-authenc-hmac-sha.patch using plaintext: 
patching file crypto/testmgr.c
patching file crypto/testmgr.h

Applying /home/mgta29/src/openwrt/target/linux/generic/backport-6.12/913-v7.0-crypto-testmgr-Add-test-vectors-for-authenc-hmac-md5.patch using plaintext: 
patching file crypto/testmgr.c
patching file crypto/testmgr.h

Applying /home/mgta29/src/openwrt/target/linux/generic/backport-6.12/914-v7.0-crypto-testmgr-allow-authenc-sha224-rfc3686-variant-.patch using plaintext: 
patching file crypto/testmgr.c

Applying /home/mgta29/src/openwrt/target/linux/generic/backport-6.12/915-v7.1-crypto-testmgr-Add-test-vectors-for-authenc-hmac-md5.patch using plaintext: 
patching file crypto/testmgr.c
patching file crypto/testmgr.h

Applying /home/mgta29/src/openwrt/target/linux/generic/backport-6.12/916-v7.1-crypto-testmgr-Add-test-vectors-for-authenc-hmac-sha.patch using plaintext: 
patching file crypto/testmgr.c
patching file crypto/testmgr.h

Applying /home/mgta29/src/openwrt/target/linux/generic/backport-6.12/917-v7.1-crypto-testmgr-Add-test-vectors-for-authenc-hmac-sha.patch using plaintext: 
patching file crypto/testmgr.c
patching file crypto/testmgr.h

Applying /home/mgta29/src/openwrt/target/linux/generic/backport-6.12/918-v7.1-crypto-testmgr-Add-test-vectors-for-authenc-hmac-sha.patch using plaintext: 
patching file crypto/testmgr.c
patching file crypto/testmgr.h

Applying /home/mgta29/src/openwrt/target/linux/generic/backport-6.12/919-v7.1-crypto-testmgr-Add-test-vectors-for-authenc-hmac-sha.patch using plaintext: 
patching file crypto/testmgr.c
patching file crypto/testmgr.h

Applying /home/mgta29/src/openwrt/target/linux/generic/backport-6.12/920-v7.1-crypto-testmgr-Add-test-vectors-for-authenc-hmac-sha.patch using plaintext: 
patching file crypto/testmgr.c
patching file crypto/testmgr.h

Applying /home/mgta29/src/openwrt/target/linux/generic/backport-6.12/921-v7.1-crypto-tesmgr-allow-authenc-hmac-sha224-sha384-cbc-a.patch using plaintext: 
patching file crypto/testmgr.c

Applying /home/mgta29/src/openwrt/target/linux/generic/backport-6.12/922-v7.1-crypto-testmgr-Add-test-vectors-for-authenc-hmac-md5.patch using plaintext: 
patching file crypto/testmgr.c
patching file crypto/testmgr.h

Applying /home/mgta29/src/openwrt/target/linux/generic/backport-6.12/923-v7.1-crypto-testmgr-Add-test-vectors-for-authenc-hmac-md5.patch using plaintext: 
patching file crypto/testmgr.c
patching file crypto/testmgr.h

Applying /home/mgta29/src/openwrt/target/linux/generic/backport-6.12/930-v7.1-crypto-safexcel-Group-authenc-ciphersuites.patch using plaintext: 
patching file drivers/crypto/inside-secure/safexcel.c
patching file drivers/crypto/inside-secure/safexcel.h

Applying /home/mgta29/src/openwrt/target/linux/generic/backport-6.12/931-v7.1-crypto-safexcel-Add-support-for-authenc-hmac-md5-sui.patch using plaintext: 
patching file drivers/crypto/inside-secure/safexcel.c
patching file drivers/crypto/inside-secure/safexcel.h
patching file drivers/crypto/inside-secure/safexcel_cipher.c

Applying /home/mgta29/src/openwrt/target/linux/generic/pending-6.12/100-compiler.h-only-include-asm-rwonce.h-for-kernel-code.patch using plaintext: 
patching file include/linux/compiler.h

Applying /home/mgta29/src/openwrt/target/linux/generic/pending-6.12/102-MIPS-only-process-negative-stack-offsets-on-stack-tr.patch using plaintext: 
patching file arch/mips/kernel/process.c

Applying /home/mgta29/src/openwrt/target/linux/generic/pending-6.12/103-kbuild-export-SUBARCH.patch using plaintext: 
patching file Makefile

Applying /home/mgta29/src/openwrt/target/linux/generic/pending-6.12/111-watchdog-max63xx_wdt-Add-support-for-specifying-WDI-.patch using plaintext: 
patching file drivers/watchdog/max63xx_wdt.c

Applying /home/mgta29/src/openwrt/target/linux/generic/pending-6.12/140-jffs2-use-.rename2-and-add-RENAME_WHITEOUT-support.patch using plaintext: 
patching file fs/jffs2/dir.c

Applying /home/mgta29/src/openwrt/target/linux/generic/pending-6.12/141-jffs2-add-RENAME_EXCHANGE-support.patch using plaintext: 
patching file fs/jffs2/dir.c

Applying /home/mgta29/src/openwrt/target/linux/generic/pending-6.12/142-jffs2-add-splice-ops.patch using plaintext: 
patching file fs/jffs2/file.c

Applying /home/mgta29/src/openwrt/target/linux/generic/pending-6.12/150-bridge_allow_receiption_on_disabled_port.patch using plaintext: 
patching file net/bridge/br_input.c

Applying /home/mgta29/src/openwrt/target/linux/generic/pending-6.12/151-net-bridge-do-not-send-arp-replies-if-src-and-target.patch using plaintext: 
patching file net/bridge/br_arp_nd_proxy.c

Applying /home/mgta29/src/openwrt/target/linux/generic/pending-6.12/190-rtc-rs5c372-support_alarms_up_to_1_week.patch using plaintext: 
patching file drivers/rtc/rtc-rs5c372.c

Applying /home/mgta29/src/openwrt/target/linux/generic/pending-6.12/191-rtc-rs5c372-let_the_alarm_to_be_used_as_wakeup_source.patch using plaintext: 
patching file drivers/rtc/rtc-rs5c372.c

Applying /home/mgta29/src/openwrt/target/linux/generic/pending-6.12/200-ARM-9404-1-arm32-fix-boot-hang-with-HAVE_LD_DEAD_COD.patch using plaintext: 
patching file arch/arm/include/asm/vmlinux.lds.h
patching file arch/arm/kernel/vmlinux.lds.S

Applying /home/mgta29/src/openwrt/target/linux/generic/pending-6.12/203-kallsyms_uncompressed.patch using plaintext: 
patching file init/Kconfig
patching file kernel/kallsyms.c
patching file kernel/vmcore_info.c
patching file scripts/kallsyms.c
patching file scripts/link-vmlinux.sh

Applying /home/mgta29/src/openwrt/target/linux/generic/pending-6.12/205-backtrace_module_info.patch using plaintext: 
patching file lib/vsprintf.c

Applying /home/mgta29/src/openwrt/target/linux/generic/pending-6.12/240-remove-unsane-filenames-from-deps_initramfs-list.patch using plaintext: 
patching file usr/Makefile

Applying /home/mgta29/src/openwrt/target/linux/generic/pending-6.12/250-kernel-fork-Increase-minimum-number-of-allowed-threa.patch using plaintext: 
patching file kernel/fork.c

Applying /home/mgta29/src/openwrt/target/linux/generic/pending-6.12/270-platform-mikrotik-build-bits.patch using plaintext: 
patching file drivers/platform/Kconfig
patching file drivers/platform/Makefile

Applying /home/mgta29/src/openwrt/target/linux/generic/pending-6.12/300-mips_expose_boot_raw.patch using plaintext: 
patching file arch/mips/Kconfig

Applying /home/mgta29/src/openwrt/target/linux/generic/pending-6.12/301-MIPS-Add-barriers-between-dcache-icache-flushes.patch using plaintext: 
patching file arch/mips/mm/c-r4k.c

Applying /home/mgta29/src/openwrt/target/linux/generic/pending-6.12/302-mips_no_branch_likely.patch using plaintext: 
patching file arch/mips/Makefile

Applying /home/mgta29/src/openwrt/target/linux/generic/pending-6.12/303-Revert-powerpc-dts-mpc85xx-remove-simple-bus-compatible-from-ifc-node.patch using plaintext: 
patching file arch/powerpc/boot/dts/fsl/b4si-post.dtsi
patching file arch/powerpc/boot/dts/fsl/bsc9131si-post.dtsi
patching file arch/powerpc/boot/dts/fsl/bsc9132si-post.dtsi
patching file arch/powerpc/boot/dts/fsl/c293si-post.dtsi
patching file arch/powerpc/boot/dts/fsl/p1010si-post.dtsi
patching file arch/powerpc/boot/dts/fsl/t1023si-post.dtsi
patching file arch/powerpc/boot/dts/fsl/t1040si-post.dtsi
patching file arch/powerpc/boot/dts/fsl/t2081si-post.dtsi
patching file arch/powerpc/boot/dts/fsl/t4240si-post.dtsi

Applying /home/mgta29/src/openwrt/target/linux/generic/pending-6.12/308-mips32r2_tune.patch using plaintext: 
patching file arch/mips/Makefile

Applying /home/mgta29/src/openwrt/target/linux/generic/pending-6.12/310-arm_module_unresolved_weak_sym.patch using plaintext: 
patching file arch/arm/kernel/module.c

Applying /home/mgta29/src/openwrt/target/linux/generic/pending-6.12/330-MIPS-kexec-Accept-command-line-parameters-from-users.patch using plaintext: 
patching file arch/mips/kernel/machine_kexec.c
patching file arch/mips/kernel/machine_kexec.h
patching file arch/mips/kernel/relocate_kernel.S

Applying /home/mgta29/src/openwrt/target/linux/generic/pending-6.12/342-powerpc-Enable-kernel-XZ-compression-option-on-PPC_8.patch using plaintext: 
patching file arch/powerpc/Kconfig

Applying /home/mgta29/src/openwrt/target/linux/generic/pending-6.12/350-mips-kernel-fix-detect_memory_region-function.patch using plaintext: 
patching file arch/mips/include/asm/bootinfo.h
patching file arch/mips/kernel/setup.c

Applying /home/mgta29/src/openwrt/target/linux/generic/pending-6.12/400-mtd-mtdsplit-support.patch using plaintext: 
patching file drivers/mtd/Kconfig
patching file drivers/mtd/Makefile
patching file drivers/mtd/mtdpart.c
patching file include/linux/mtd/mtd.h
patching file include/linux/mtd/partitions.h

Applying /home/mgta29/src/openwrt/target/linux/generic/pending-6.12/402-mtd-spi-nor-write-support-for-minor-aligned-partitions.patch using plaintext: 
patching file drivers/mtd/mtdcore.c
patching file drivers/mtd/mtdpart.c
patching file drivers/mtd/spi-nor/Kconfig
patching file drivers/mtd/spi-nor/core.c
patching file include/linux/mtd/mtd.h

Applying /home/mgta29/src/openwrt/target/linux/generic/pending-6.12/417-mtd-spi-nand-macronix-disable-continuous-read-for-MX.patch using plaintext: 
patching file drivers/mtd/nand/spi/macronix.c

Applying /home/mgta29/src/openwrt/target/linux/generic/pending-6.12/420-mtd-redboot_space.patch using plaintext: 
patching file drivers/mtd/parsers/redboot.c

Applying /home/mgta29/src/openwrt/target/linux/generic/pending-6.12/430-mtd-add-myloader-partition-parser.patch using plaintext: 
patching file drivers/mtd/parsers/Kconfig
patching file drivers/mtd/parsers/Makefile
patching file drivers/mtd/parsers/myloader.c

Applying /home/mgta29/src/openwrt/target/linux/generic/pending-6.12/431-mtd-bcm47xxpart-check-for-bad-blocks-when-calculatin.patch using plaintext: 
patching file drivers/mtd/parsers/parser_trx.c

Applying /home/mgta29/src/openwrt/target/linux/generic/pending-6.12/432-mtd-bcm47xxpart-detect-T_Meter-partition.patch using plaintext: 
patching file drivers/mtd/parsers/bcm47xxpart.c

Applying /home/mgta29/src/openwrt/target/linux/generic/pending-6.12/435-mtd-add-routerbootpart-parser-config.patch using plaintext: 
patching file drivers/mtd/parsers/Kconfig
patching file drivers/mtd/parsers/Makefile

Applying /home/mgta29/src/openwrt/target/linux/generic/pending-6.12/450-block-allow-setting-partition-of_node.patch using plaintext: 
patching file block/partitions/check.h
patching file block/partitions/core.c

Applying /home/mgta29/src/openwrt/target/linux/generic/pending-6.12/451-block-partitions-of-assign-Device-Tree-node-to-parti.patch using plaintext: 
patching file block/partitions/of.c

Applying /home/mgta29/src/openwrt/target/linux/generic/pending-6.12/452-partitions-efi-apply-Linux-code-style.patch using plaintext: 
patching file block/partitions/efi.c

Applying /home/mgta29/src/openwrt/target/linux/generic/pending-6.12/453-partitions-efi-allow-assigning-partition-Device-Tree.patch using plaintext: 
patching file block/partitions/efi.c

Applying /home/mgta29/src/openwrt/target/linux/generic/pending-6.12/454-block-add-support-for-notifications.patch using plaintext: 
patching file block/Kconfig
patching file block/Makefile
patching file block/blk-notify.c
patching file include/linux/blkdev.h

Applying /home/mgta29/src/openwrt/target/linux/generic/pending-6.12/455-block-add-new-genhd-flag-GENHD_FL_NVMEM.patch using plaintext: 
patching file include/linux/blkdev.h

Applying /home/mgta29/src/openwrt/target/linux/generic/pending-6.12/456-nvmem-implement-block-NVMEM-provider.patch using plaintext: 
patching file drivers/nvmem/Kconfig
patching file drivers/nvmem/Makefile
patching file drivers/nvmem/block.c

Applying /home/mgta29/src/openwrt/target/linux/generic/pending-6.12/457-mmc-block-set-GENHD_FL_NVMEM.patch using plaintext: 
patching file drivers/mmc/core/block.c

Applying /home/mgta29/src/openwrt/target/linux/generic/pending-6.12/460-mtd-cfi_cmdset_0002-no-erase_suspend.patch using plaintext: 
patching file drivers/mtd/chips/cfi_cmdset_0002.c

Applying /home/mgta29/src/openwrt/target/linux/generic/pending-6.12/461-mtd-cfi_cmdset_0002-add-buffer-write-cmd-timeout.patch using plaintext: 
patching file drivers/mtd/chips/cfi_cmdset_0002.c

Applying /home/mgta29/src/openwrt/target/linux/generic/pending-6.12/476-mtd-spi-nor-add-eon-en25q128.patch using plaintext: 
patching file drivers/mtd/spi-nor/eon.c

Applying /home/mgta29/src/openwrt/target/linux/generic/pending-6.12/477-mtd-spi-nor-add-eon-en25qx128a.patch using plaintext: 
patching file drivers/mtd/spi-nor/eon.c

Applying /home/mgta29/src/openwrt/target/linux/generic/pending-6.12/479-mtd-spi-nor-add-xtx-xt25f128b.patch using plaintext: 
patching file drivers/mtd/spi-nor/Makefile
patching file drivers/mtd/spi-nor/xtx.c
patching file drivers/mtd/spi-nor/core.c
patching file drivers/mtd/spi-nor/core.h

Applying /home/mgta29/src/openwrt/target/linux/generic/pending-6.12/481-mtd-spi-nor-add-support-for-Gigadevice-GD25D05.patch using plaintext: 
patching file drivers/mtd/spi-nor/gigadevice.c

Applying /home/mgta29/src/openwrt/target/linux/generic/pending-6.12/482-mtd-spi-nor-add-gd25q512.patch using plaintext: 
patching file drivers/mtd/spi-nor/gigadevice.c

Applying /home/mgta29/src/openwrt/target/linux/generic/pending-6.12/484-mtd-spi-nor-add-esmt-f25l16pa.patch using plaintext: 
patching file drivers/mtd/spi-nor/esmt.c

Applying /home/mgta29/src/openwrt/target/linux/generic/pending-6.12/485-mtd-spi-nor-add-xmc-xm25qh128c.patch using plaintext: 
patching file drivers/mtd/spi-nor/xmc.c

Applying /home/mgta29/src/openwrt/target/linux/generic/pending-6.12/487-mtd-spinand-Add-support-for-Etron-EM73D044VCx.patch using plaintext: 
patching file drivers/mtd/nand/spi/Makefile
patching file drivers/mtd/nand/spi/core.c
patching file drivers/mtd/nand/spi/etron.c
patching file include/linux/mtd/spinand.h

Applying /home/mgta29/src/openwrt/target/linux/generic/pending-6.12/488-mtd-spi-nor-add-xmc-xm25qh64c.patch using plaintext: 
patching file drivers/mtd/spi-nor/xmc.c

Applying /home/mgta29/src/openwrt/target/linux/generic/pending-6.12/490-ubi-auto-attach-mtd-device-named-ubi-or-data-on-boot.patch using plaintext: 
patching file drivers/mtd/ubi/build.c

Applying /home/mgta29/src/openwrt/target/linux/generic/pending-6.12/491-ubi-auto-create-ubiblock-device-for-rootfs.patch using plaintext: 
patching file drivers/mtd/ubi/block.c

Applying /home/mgta29/src/openwrt/target/linux/generic/pending-6.12/492-try-auto-mounting-ubi0-rootfs-in-init-do_mounts.c.patch using plaintext: 
patching file init/do_mounts.c

Applying /home/mgta29/src/openwrt/target/linux/generic/pending-6.12/493-ubi-set-ROOT_DEV-to-ubiblock-rootfs-if-unset.patch using plaintext: 
patching file drivers/mtd/ubi/block.c

Applying /home/mgta29/src/openwrt/target/linux/generic/pending-6.12/494-mtd-ubi-add-EOF-marker-support.patch using plaintext: 
patching file drivers/mtd/ubi/attach.c
patching file drivers/mtd/ubi/ubi.h

Applying /home/mgta29/src/openwrt/target/linux/generic/pending-6.12/496-dt-bindings-add-bindings-for-mtd-concat-devices.patch using plaintext: 
patching file Documentation/devicetree/bindings/mtd/mtd-concat.txt

Applying /home/mgta29/src/openwrt/target/linux/generic/pending-6.12/497-mtd-mtdconcat-add-dt-driver-for-concat-devices.patch using plaintext: 
patching file drivers/mtd/Kconfig
patching file drivers/mtd/Makefile
patching file drivers/mtd/composite/Kconfig
patching file drivers/mtd/composite/Makefile
patching file drivers/mtd/composite/virt_concat.c

Applying /home/mgta29/src/openwrt/target/linux/generic/pending-6.12/500-fs_cdrom_dependencies.patch using plaintext: 
patching file fs/hfs/Kconfig
patching file fs/hfsplus/Kconfig
patching file fs/isofs/Kconfig
patching file fs/udf/Kconfig

Applying /home/mgta29/src/openwrt/target/linux/generic/pending-6.12/510-block-add-uImage.FIT-subimage-block-driver.patch using plaintext: 
patching file MAINTAINERS
patching file drivers/block/Kconfig
patching file drivers/block/Makefile
patching file drivers/block/fitblk.c
patching file include/uapi/linux/fitblk.h

Applying /home/mgta29/src/openwrt/target/linux/generic/pending-6.12/511-init-bypass-device-lookup-for-dev-fit-rootfs.patch using plaintext: 
patching file init/do_mounts.c

Applying /home/mgta29/src/openwrt/target/linux/generic/pending-6.12/530-jffs2_make_lzma_available.patch using plaintext: 
patching file fs/jffs2/Kconfig
patching file fs/jffs2/Makefile
patching file fs/jffs2/compr.c
patching file fs/jffs2/compr.h
patching file fs/jffs2/compr_lzma.c
patching file fs/jffs2/super.c
patching file include/linux/lzma.h
patching file include/linux/lzma/LzFind.h
patching file include/linux/lzma/LzHash.h
patching file include/linux/lzma/LzmaDec.h
patching file include/linux/lzma/LzmaEnc.h
patching file include/linux/lzma/Types.h
patching file include/uapi/linux/jffs2.h
patching file lib/Kconfig
patching file lib/Makefile
patching file lib/lzma/LzFind.c
patching file lib/lzma/LzmaDec.c
patching file lib/lzma/LzmaEnc.c
patching file lib/lzma/Makefile

Applying /home/mgta29/src/openwrt/target/linux/generic/pending-6.12/532-jffs2_eofdetect.patch using plaintext: 
patching file fs/jffs2/build.c
patching file fs/jffs2/scan.c

Applying /home/mgta29/src/openwrt/target/linux/generic/pending-6.12/600-netfilter_conntrack_flush.patch using plaintext: 
patching file net/netfilter/nf_conntrack_standalone.c

Applying /home/mgta29/src/openwrt/target/linux/generic/pending-6.12/610-netfilter_match_bypass_default_checks.patch using plaintext: 
patching file include/uapi/linux/netfilter_ipv4/ip_tables.h
patching file net/ipv4/netfilter/ip_tables.c

Applying /home/mgta29/src/openwrt/target/linux/generic/pending-6.12/611-netfilter_match_bypass_default_table.patch using plaintext: 
patching file net/ipv4/netfilter/ip_tables.c

Applying /home/mgta29/src/openwrt/target/linux/generic/pending-6.12/612-netfilter_match_reduce_memory_access.patch using plaintext: 
patching file net/ipv4/netfilter/ip_tables.c

Applying /home/mgta29/src/openwrt/target/linux/generic/pending-6.12/630-packet_socket_type.patch using plaintext: 
patching file include/uapi/linux/if_packet.h
patching file net/packet/af_packet.c
patching file net/packet/internal.h

Applying /home/mgta29/src/openwrt/target/linux/generic/pending-6.12/640-net-bridge-fix-switchdev-host-mdb-entry-updates.patch using plaintext: 
patching file net/bridge/br_switchdev.c

Applying /home/mgta29/src/openwrt/target/linux/generic/pending-6.12/641-net-bridge-switchdev-Don-t-drop-packets-between-port.patch using plaintext: 
patching file net/bridge/br_switchdev.c

Applying /home/mgta29/src/openwrt/target/linux/generic/pending-6.12/650-net-pppoe-implement-GRO-support.patch using plaintext: 
patching file drivers/net/ppp/pppoe.c
patching file net/ipv4/af_inet.c
patching file net/ipv6/ip6_offload.c

Applying /home/mgta29/src/openwrt/target/linux/generic/pending-6.12/655-increase_skb_pad.patch using plaintext: 
patching file include/linux/skbuff.h

Applying /home/mgta29/src/openwrt/target/linux/generic/pending-6.12/666-Add-support-for-MAP-E-FMRs-mesh-mode.patch using plaintext: 
patching file include/net/ip6_tunnel.h
patching file include/uapi/linux/if_tunnel.h
patching file net/ipv6/ip6_tunnel.c

Applying /home/mgta29/src/openwrt/target/linux/generic/pending-6.12/670-ipv6-allow-rejecting-with-source-address-failed-policy.patch using plaintext: 
patching file include/net/netns/ipv6.h
patching file include/uapi/linux/fib_rules.h
patching file include/uapi/linux/rtnetlink.h
patching file net/ipv4/fib_semantics.c
patching file net/ipv4/fib_trie.c
patching file net/ipv4/ipmr.c
patching file net/ipv6/fib6_rules.c
patching file net/ipv6/ip6mr.c
patching file net/ipv6/route.c

Applying /home/mgta29/src/openwrt/target/linux/generic/pending-6.12/671-net-provide-defines-for-_POLICY_FAILED-until-all-cod.patch using plaintext: 
patching file include/uapi/linux/fib_rules.h
patching file include/uapi/linux/icmpv6.h
patching file include/uapi/linux/rtnetlink.h

Applying /home/mgta29/src/openwrt/target/linux/generic/pending-6.12/681-net-remove-NETIF_F_GSO_FRAGLIST-from-NETIF_F_GSO_SOF.patch using plaintext: 
patching file drivers/net/dummy.c
patching file drivers/net/loopback.c
patching file drivers/net/macvlan.c
patching file include/linux/netdev_features.h
patching file net/8021q/vlan.h
patching file net/8021q/vlan_dev.c
patching file net/core/sock.c
patching file net/mac80211/ieee80211_i.h
patching file net/openvswitch/vport-internal_dev.c

Applying /home/mgta29/src/openwrt/target/linux/generic/pending-6.12/683-of_net-add-mac-address-to-of-tree.patch using plaintext: 
patching file net/core/of_net.c

Applying /home/mgta29/src/openwrt/target/linux/generic/pending-6.12/690-net-add-missing-check-for-TCP-fraglist-GRO.patch using plaintext: 
patching file net/ipv4/tcp_offload.c

Applying /home/mgta29/src/openwrt/target/linux/generic/pending-6.12/700-netfilter-nft_flow_offload-handle-netdevice-events-f.patch using plaintext: 
patching file net/netfilter/nf_flow_table_core.c
patching file net/netfilter/nft_flow_offload.c

Applying /home/mgta29/src/openwrt/target/linux/generic/pending-6.12/701-netfilter-nf_tables-ignore-EOPNOTSUPP-on-flowtable-d.patch using plaintext: 
patching file net/netfilter/nf_tables_api.c

Applying /home/mgta29/src/openwrt/target/linux/generic/pending-6.12/702-net-ethernet-mtk_eth_soc-enable-threaded-NAPI.patch using plaintext: 
patching file drivers/net/ethernet/mediatek/mtk_eth_soc.c

Applying /home/mgta29/src/openwrt/target/linux/generic/pending-6.12/703-phy-add-detach-callback-to-struct-phy_driver.patch using plaintext: 
patching file drivers/net/phy/phy_device.c
patching file include/linux/phy.h

Applying /home/mgta29/src/openwrt/target/linux/generic/pending-6.12/705-net-dsa-tag_mtk-add-padding-for-tx-packets.patch using plaintext: 
patching file net/dsa/tag_mtk.c

Applying /home/mgta29/src/openwrt/target/linux/generic/pending-6.12/706-net-phy-populate-host_interfaces-when-attaching-PHY.patch using plaintext: 
patching file drivers/net/phy/phylink.c

Applying /home/mgta29/src/openwrt/target/linux/generic/pending-6.12/710-bridge-add-knob-for-filtering-rx-tx-BPDU-pack.patch using plaintext: 
patching file include/linux/if_bridge.h
patching file net/bridge/br_forward.c
patching file net/bridge/br_input.c
patching file net/bridge/br_sysfs_if.c
patching file net/bridge/br_stp_bpdu.c
patching file include/uapi/linux/if_link.h
patching file net/bridge/br_netlink.c
patching file net/core/rtnetlink.c

Applying /home/mgta29/src/openwrt/target/linux/generic/pending-6.12/711-01-net-dsa-qca8k-implement-lag_fdb_add-del-ops.patch using plaintext: 
patching file drivers/net/dsa/qca/qca8k-8xxx.c
patching file drivers/net/dsa/qca/qca8k-common.c
patching file drivers/net/dsa/qca/qca8k.h

Applying /home/mgta29/src/openwrt/target/linux/generic/pending-6.12/711-02-net-dsa-qca8k-enable-flooding-to-both-CPU-port.patch using plaintext: 
patching file drivers/net/dsa/qca/qca8k-8xxx.c

Applying /home/mgta29/src/openwrt/target/linux/generic/pending-6.12/711-03-net-dsa-qca8k-add-support-for-port_change_master.patch using plaintext: 
patching file drivers/net/dsa/qca/qca8k-8xxx.c

Applying /home/mgta29/src/openwrt/target/linux/generic/pending-6.12/711-04-net-dsa-qca8k-merge-host-fdb-for-multi-cpu.patch using plaintext: 
patching file drivers/net/dsa/qca/qca8k-common.c

Applying /home/mgta29/src/openwrt/target/linux/generic/pending-6.12/712-net-dsa-qca8k-enable-assisted-learning-on-CPU-port.patch using plaintext: 
patching file drivers/net/dsa/qca/qca8k-8xxx.c

Applying /home/mgta29/src/openwrt/target/linux/generic/pending-6.12/713-net-phy-c45-check-validity-of-10GbE-link-partner.patch using plaintext: 
patching file include/linux/mdio.h

Applying /home/mgta29/src/openwrt/target/linux/generic/pending-6.12/720-01-net-phy-realtek-use-genphy_soft_reset-for-2.5G-PHYs.patch using plaintext: 
patching file drivers/net/phy/realtek/realtek_main.c

Applying /home/mgta29/src/openwrt/target/linux/generic/pending-6.12/720-03-net-phy-realtek-make-sure-paged-read-is-protected-by.patch using plaintext: 
patching file drivers/net/phy/realtek/realtek_main.c

Applying /home/mgta29/src/openwrt/target/linux/generic/pending-6.12/720-04-net-phy-realtek-setup-aldps.patch using plaintext: 
patching file drivers/net/phy/realtek/realtek_main.c

Applying /home/mgta29/src/openwrt/target/linux/generic/pending-6.12/720-05-net-phy-realtek-detect-early-version-of-RTL8221B.patch using plaintext: 
patching file drivers/net/phy/realtek/realtek_main.c

Applying /home/mgta29/src/openwrt/target/linux/generic/pending-6.12/720-06-net-phy-realtek-mark-existing-MMDs-as-present.patch using plaintext: 
patching file drivers/net/phy/realtek/realtek_main.c

Applying /home/mgta29/src/openwrt/target/linux/generic/pending-6.12/720-07-net-phy-realtek-disable-MDIO-broadcast.patch using plaintext: 
patching file drivers/net/phy/realtek/realtek_main.c

Applying /home/mgta29/src/openwrt/target/linux/generic/pending-6.12/720-08-net-phy-realtek-rate-adapter-in-C22-mode.patch using plaintext: 
patching file drivers/net/phy/realtek/realtek_main.c

Applying /home/mgta29/src/openwrt/target/linux/generic/pending-6.12/731-net-permit-ieee80211_ptr-even-with-no-CFG82111-suppo.patch using plaintext: 
patching file include/linux/netdevice.h
patching file net/batman-adv/hard-interface.c
patching file net/wireless/Kconfig

Applying /home/mgta29/src/openwrt/target/linux/generic/pending-6.12/732-00-net-ethernet-mtk_eth_soc-compile-out-netsys-v2-code-.patch using plaintext: 
patching file drivers/net/ethernet/mediatek/mtk_eth_soc.h

Applying /home/mgta29/src/openwrt/target/linux/generic/pending-6.12/732-01-net-ethernet-mtk_eth_soc-work-around-issue-with-send.patch using plaintext: 
patching file drivers/net/ethernet/mediatek/mtk_eth_soc.c
patching file drivers/net/ethernet/mediatek/mtk_eth_soc.h

Applying /home/mgta29/src/openwrt/target/linux/generic/pending-6.12/732-03-net-ethernet-mtk_eth_soc-optimize-dma-ring-address-i.patch using plaintext: 
patching file drivers/net/ethernet/mediatek/mtk_eth_soc.c
patching file drivers/net/ethernet/mediatek/mtk_eth_soc.h

Applying /home/mgta29/src/openwrt/target/linux/generic/pending-6.12/732-04-net-ethernet-mtk_eth_soc-shrink-struct-mtk_tx_buf.patch using plaintext: 
patching file drivers/net/ethernet/mediatek/mtk_eth_soc.c
patching file drivers/net/ethernet/mediatek/mtk_eth_soc.h

Applying /home/mgta29/src/openwrt/target/linux/generic/pending-6.12/732-05-net-ethernet-mtk_eth_soc-add-support-for-sending-fra.patch using plaintext: 
patching file drivers/net/ethernet/mediatek/mtk_eth_soc.c
patching file drivers/net/ethernet/mediatek/mtk_eth_soc.h

Applying /home/mgta29/src/openwrt/target/linux/generic/pending-6.12/733-01-net-ethernet-mtk_eth_soc-use-napi_build_skb.patch using plaintext: 
patching file drivers/net/ethernet/mediatek/mtk_eth_soc.c

Applying /home/mgta29/src/openwrt/target/linux/generic/pending-6.12/734-net-ethernet-mediatek-enlarge-DMA-reserve-buffer.patch using plaintext: 
patching file drivers/net/ethernet/mediatek/mtk_eth_soc.h
patching file drivers/net/ethernet/mediatek/mtk_eth_soc.c

Applying /home/mgta29/src/openwrt/target/linux/generic/pending-6.12/736-03-net-ethernet-mtk_eth_soc-improve-keeping-track-of-of.patch using plaintext: 
patching file drivers/net/ethernet/mediatek/mtk_ppe.c
patching file drivers/net/ethernet/mediatek/mtk_ppe.h

Applying /home/mgta29/src/openwrt/target/linux/generic/pending-6.12/736-04-net-ethernet-mediatek-fix-ppe-flow-accounting-for-L2.patch using plaintext: 
patching file drivers/net/ethernet/mediatek/mtk_ppe.c
patching file drivers/net/ethernet/mediatek/mtk_ppe.h
patching file drivers/net/ethernet/mediatek/mtk_ppe_debugfs.c
patching file drivers/net/ethernet/mediatek/mtk_ppe_offload.c

Applying /home/mgta29/src/openwrt/target/linux/generic/pending-6.12/736-05-net-ethernet-mtk_eth_soc-zero-initialize-PPE-flow-ta.patch using plaintext: 
patching file drivers/net/ethernet/mediatek/mtk_ppe.c

Applying /home/mgta29/src/openwrt/target/linux/generic/pending-6.12/737-net-ethernet-mtk_eth_soc-add-paths-and-SerDes-modes-.patch using plaintext: 
patching file drivers/net/ethernet/mediatek/mtk_eth_path.c
patching file drivers/net/ethernet/mediatek/mtk_eth_soc.c
patching file drivers/net/ethernet/mediatek/mtk_eth_soc.h

Applying /home/mgta29/src/openwrt/target/linux/generic/pending-6.12/738-01-net-ethernet-mtk_eth_soc-reduce-rx-ring-size-for-older.patch using plaintext: 
patching file drivers/net/ethernet/mediatek/mtk_eth_soc.c

Applying /home/mgta29/src/openwrt/target/linux/generic/pending-6.12/738-02-net-ethernet-mtk_eth_soc-do-not-enable-page-pool-sta.patch using plaintext: 
patching file drivers/net/ethernet/mediatek/Kconfig
patching file drivers/net/ethernet/mediatek/mtk_eth_soc.c

Applying /home/mgta29/src/openwrt/target/linux/generic/pending-6.12/739-01-dt-bindings-phy-mediatek-xfi-tphy-add-new-bindings.patch using plaintext: 
patching file Documentation/devicetree/bindings/phy/mediatek,xfi-tphy.yaml

Applying /home/mgta29/src/openwrt/target/linux/generic/pending-6.12/739-03-net-pcs-pcs-mtk-lynxi-add-platform-driver-for-MT7988.patch using plaintext: 
patching file drivers/net/pcs/pcs-mtk-lynxi.c
patching file include/linux/pcs/pcs-mtk-lynxi.h

Applying /home/mgta29/src/openwrt/target/linux/generic/pending-6.12/739-04-dt-bindings-net-pcs-add-bindings-for-MediaTek-USXGMI.patch using plaintext: 
patching file Documentation/devicetree/bindings/net/pcs/mediatek,usxgmii.yaml

Applying /home/mgta29/src/openwrt/target/linux/generic/pending-6.12/739-05-net-pcs-add-driver-for-MediaTek-USXGMII-PCS.patch using plaintext: 
patching file MAINTAINERS
patching file drivers/net/pcs/Kconfig
patching file drivers/net/pcs/Makefile
patching file drivers/net/pcs/pcs-mtk-usxgmii.c
patching file include/linux/pcs/pcs-mtk-usxgmii.h

Applying /home/mgta29/src/openwrt/target/linux/generic/pending-6.12/740-net-phy-motorcomm-Add-missing-include.patch using plaintext: 
patching file drivers/net/phy/motorcomm.c

Applying /home/mgta29/src/openwrt/target/linux/generic/pending-6.12/741-net-phy-broadcom-update-dependency-condition.patch using plaintext: 
patching file drivers/net/phy/Kconfig

Applying /home/mgta29/src/openwrt/target/linux/generic/pending-6.12/750-net-sfp-add-quirk-for-QINIYEK-BJ-SFP-10G-T-copper-SF.patch using plaintext: 
patching file drivers/net/phy/sfp.c

Applying /home/mgta29/src/openwrt/target/linux/generic/pending-6.12/760-01-net-dsa-mxl862xx-store-firmware-version-for-feature-.patch using plaintext: 
patching file drivers/net/dsa/mxl862xx/mxl862xx.c
patching file drivers/net/dsa/mxl862xx/mxl862xx.h

Applying /home/mgta29/src/openwrt/target/linux/generic/pending-6.12/760-02-net-dsa-mxl862xx-move-phylink-stubs-to-mxl862xx-phyl.patch using plaintext: 
patching file drivers/net/dsa/mxl862xx/Makefile
patching file drivers/net/dsa/mxl862xx/mxl862xx-phylink.c
patching file drivers/net/dsa/mxl862xx/mxl862xx-phylink.h
patching file drivers/net/dsa/mxl862xx/mxl862xx.c

Applying /home/mgta29/src/openwrt/target/linux/generic/pending-6.12/760-03-net-dsa-mxl862xx-move-API-macros-to-mxl862xx-host.h.patch using plaintext: 
patching file drivers/net/dsa/mxl862xx/mxl862xx-host.h
patching file drivers/net/dsa/mxl862xx/mxl862xx.c

Applying /home/mgta29/src/openwrt/target/linux/generic/pending-6.12/760-04-net-dsa-mxl862xx-add-support-for-SerDes-ports.patch using plaintext: 
patching file drivers/net/dsa/mxl862xx/mxl862xx-api.h
patching file drivers/net/dsa/mxl862xx/mxl862xx-cmd.h
patching file drivers/net/dsa/mxl862xx/mxl862xx-phylink.c
patching file drivers/net/dsa/mxl862xx/mxl862xx-phylink.h
patching file drivers/net/dsa/mxl862xx/mxl862xx.c
patching file drivers/net/dsa/mxl862xx/mxl862xx.h

Applying /home/mgta29/src/openwrt/target/linux/generic/pending-6.12/760-05-net-dsa-mxl862xx-add-SerDes-ethtool-statistics.patch using plaintext: 
patching file drivers/net/dsa/mxl862xx/mxl862xx-api.h
patching file drivers/net/dsa/mxl862xx/mxl862xx-cmd.h
patching file drivers/net/dsa/mxl862xx/mxl862xx-phylink.c
patching file drivers/net/dsa/mxl862xx/mxl862xx-phylink.h
patching file drivers/net/dsa/mxl862xx/mxl862xx.c

Applying /home/mgta29/src/openwrt/target/linux/generic/pending-6.12/760-06-net-dsa-mxl862xx-add-SerDes-self-test-via-PRBS-and-B.patch using plaintext: 
patching file drivers/net/dsa/mxl862xx/mxl862xx-api.h
patching file drivers/net/dsa/mxl862xx/mxl862xx-cmd.h
patching file drivers/net/dsa/mxl862xx/mxl862xx-phylink.c
patching file drivers/net/dsa/mxl862xx/mxl862xx-phylink.h
patching file drivers/net/dsa/mxl862xx/mxl862xx.c

Applying /home/mgta29/src/openwrt/target/linux/generic/pending-6.12/760-07-net-dsa-mxl862xx-trap-link-local-and-multicast-snoop.patch using plaintext: 
patching file drivers/net/dsa/mxl862xx/mxl862xx-api.h
patching file drivers/net/dsa/mxl862xx/mxl862xx-cmd.h
patching file drivers/net/dsa/mxl862xx/mxl862xx.c
patching file drivers/net/dsa/mxl862xx/mxl862xx.h

Applying /home/mgta29/src/openwrt/target/linux/generic/pending-6.12/760-08-net-dsa-mxl862xx-warn-about-old-firmware-default-PCE.patch using plaintext: 
patching file drivers/net/dsa/mxl862xx/mxl862xx.c

Applying /home/mgta29/src/openwrt/target/linux/generic/pending-6.12/760-09-net-dsa-add-802.1Q-VLAN-based-tag-driver-for-MxL862x.patch using plaintext: 
patching file drivers/net/dsa/mxl862xx/Kconfig
patching file drivers/net/dsa/mxl862xx/mxl862xx-api.h
patching file drivers/net/dsa/mxl862xx/mxl862xx-cmd.h
patching file drivers/net/dsa/mxl862xx/mxl862xx.c
patching file drivers/net/dsa/mxl862xx/mxl862xx.h
patching file include/net/dsa.h
patching file net/dsa/Kconfig
patching file net/dsa/Makefile
patching file net/dsa/tag_mxl862xx_8021q.c

Applying /home/mgta29/src/openwrt/target/linux/generic/pending-6.12/760-10-net-dsa-mxl862xx-add-link-aggregation-support.patch using plaintext: 
patching file drivers/net/dsa/mxl862xx/mxl862xx-api.h
patching file drivers/net/dsa/mxl862xx/mxl862xx-cmd.h
patching file drivers/net/dsa/mxl862xx/mxl862xx.c
patching file drivers/net/dsa/mxl862xx/mxl862xx.h

Applying /home/mgta29/src/openwrt/target/linux/generic/pending-6.12/760-11-net-dsa-mxl862xx-add-support-for-mirror-port.patch using plaintext: 
patching file drivers/net/dsa/mxl862xx/mxl862xx-api.h
patching file drivers/net/dsa/mxl862xx/mxl862xx-cmd.h
patching file drivers/net/dsa/mxl862xx/mxl862xx.c
patching file drivers/net/dsa/mxl862xx/mxl862xx.h

Applying /home/mgta29/src/openwrt/target/linux/generic/pending-6.12/760-12-net-dsa-wire-flash_update-devlink-callback-to-driver.patch using plaintext: 
patching file include/net/dsa.h
patching file net/dsa/devlink.c

Applying /home/mgta29/src/openwrt/target/linux/generic/pending-6.12/760-13-net-dsa-mxl862xx-add-SMDIO-clause-22-register-access.patch using plaintext: 
patching file drivers/net/dsa/mxl862xx/mxl862xx-host.c
patching file drivers/net/dsa/mxl862xx/mxl862xx-host.h

Applying /home/mgta29/src/openwrt/target/linux/generic/pending-6.12/760-14-net-dsa-mxl862xx-add-devlink-flash_update-and-info_g.patch using plaintext: 
patching file drivers/net/dsa/mxl862xx/Makefile
patching file drivers/net/dsa/mxl862xx/mxl862xx-cmd.h
patching file drivers/net/dsa/mxl862xx/mxl862xx-fw.c
patching file drivers/net/dsa/mxl862xx/mxl862xx-fw.h
patching file drivers/net/dsa/mxl862xx/mxl862xx-host.c
patching file drivers/net/dsa/mxl862xx/mxl862xx.c
patching file drivers/net/dsa/mxl862xx/mxl862xx.h

Applying /home/mgta29/src/openwrt/target/linux/generic/pending-6.12/760-15-net-dsa-mxl862xx-implement-port-MTU-configuration.patch using plaintext: 
patching file drivers/net/dsa/mxl862xx/mxl862xx.c
patching file drivers/net/dsa/mxl862xx/mxl862xx.h

Applying /home/mgta29/src/openwrt/target/linux/generic/pending-6.12/760-16-net-dsa-mxl862xx-support-BR_HAIRPIN_MODE-bridge-flag.patch using plaintext: 
patching file drivers/net/dsa/mxl862xx/mxl862xx.c
patching file drivers/net/dsa/mxl862xx/mxl862xx.h

Applying /home/mgta29/src/openwrt/target/linux/generic/pending-6.12/760-17-net-dsa-mxl862xx-support-BR_ISOLATED-bridge-flag.patch using plaintext: 
patching file drivers/net/dsa/mxl862xx/mxl862xx.c
patching file drivers/net/dsa/mxl862xx/mxl862xx.h

Applying /home/mgta29/src/openwrt/target/linux/generic/pending-6.12/760-18-DO-NOT-SUBMIT-net-dsa-mxl862xx-re-introduce-PCE-work.patch using plaintext: 
patching file drivers/net/dsa/mxl862xx/mxl862xx.c

Applying /home/mgta29/src/openwrt/target/linux/generic/pending-6.12/760-19-DO-NOT-SUBMIT-net-dsa-mxl862xx-legacy-SFP-API-fallba.patch using plaintext: 
patching file drivers/net/dsa/mxl862xx/mxl862xx-api.h
patching file drivers/net/dsa/mxl862xx/mxl862xx-cmd.h
patching file drivers/net/dsa/mxl862xx/mxl862xx-phylink.c

Applying /home/mgta29/src/openwrt/target/linux/generic/pending-6.12/760-27-DO-NOT-SUBMIT-net-dsa-mxl862xx-increase-CMD-timeout.patch using plaintext: 
patching file drivers/net/dsa/mxl862xx/mxl862xx-host.c

Applying /home/mgta29/src/openwrt/target/linux/generic/pending-6.12/770-01-net-phylink-keep-and-use-MAC-supported_interfaces-in.patch using plaintext: 
patching file drivers/net/phy/phylink.c

Applying /home/mgta29/src/openwrt/target/linux/generic/pending-6.12/770-02-net-phylink-introduce-internal-phylink-PCS-handling.patch using plaintext: 
patching file drivers/net/phy/phylink.c
patching file include/linux/phylink.h

Applying /home/mgta29/src/openwrt/target/linux/generic/pending-6.12/770-03-net-phylink-add-phylink_release_pcs-to-externally-re.patch using plaintext: 
patching file drivers/net/phy/phylink.c
patching file include/linux/phylink.h

Applying /home/mgta29/src/openwrt/target/linux/generic/pending-6.12/770-04-net-pcs-implement-Firmware-node-support-for-PCS-driv.patch using plaintext: 
patching file drivers/net/pcs/Kconfig
patching file drivers/net/pcs/Makefile
patching file drivers/net/pcs/pcs.c
patching file include/linux/pcs/pcs-provider.h
patching file include/linux/pcs/pcs.h

Applying /home/mgta29/src/openwrt/target/linux/generic/pending-6.12/770-05-net-phylink-support-late-PCS-provider-attach.patch using plaintext: 
patching file drivers/net/pcs/pcs.c
patching file drivers/net/phy/phylink.c
patching file include/linux/pcs/pcs.h

Applying /home/mgta29/src/openwrt/target/linux/generic/pending-6.12/770-06-dt-bindings-net-ethernet-controller-permit-to-define.patch using plaintext: 
patching file Documentation/devicetree/bindings/net/ethernet-controller.yaml

Applying /home/mgta29/src/openwrt/target/linux/generic/pending-6.12/770-07-net-phylink-add-.pcs_link_down-PCS-OP.patch using plaintext: 
patching file drivers/net/phy/phylink.c
patching file include/linux/phylink.h

Applying /home/mgta29/src/openwrt/target/linux/generic/pending-6.12/780-ARM-kirkwood-add-missing-linux-if_ether.h-for-ETH_AL.patch using plaintext: 
patching file arch/arm/mach-mvebu/kirkwood.c

Applying /home/mgta29/src/openwrt/target/linux/generic/pending-6.12/790-bus-mhi-core-add-SBL-state-callback.patch using plaintext: 
patching file drivers/bus/mhi/host/main.c
patching file include/linux/mhi.h

Applying /home/mgta29/src/openwrt/target/linux/generic/pending-6.12/791-tg3-Fix-DMA-allocations-on-57766-devices.patch using plaintext: 
patching file drivers/net/ethernet/broadcom/tg3.c

Applying /home/mgta29/src/openwrt/target/linux/generic/pending-6.12/800-bcma-get-SoC-device-struct-copy-its-DMA-params-to-th.patch using plaintext: 
patching file drivers/bcma/host_soc.c
patching file drivers/bcma/main.c

Applying /home/mgta29/src/openwrt/target/linux/generic/pending-6.12/802-OPP-Provide-old-opp-to-config_clks-on-_set_opp.patch using plaintext: 
patching file drivers/devfreq/tegra30-devfreq.c
patching file drivers/opp/core.c
patching file drivers/ufs/core/ufshcd.c
patching file include/linux/pm_opp.h
patching file include/ufs/ufshcd.h

Applying /home/mgta29/src/openwrt/target/linux/generic/pending-6.12/804-nvmem-core-support-mac-base-fixed-layout-cells.patch using plaintext: 
patching file drivers/nvmem/Kconfig
patching file drivers/nvmem/core.c

Applying /home/mgta29/src/openwrt/target/linux/generic/pending-6.12/809-01-nvmem-core-generalize-mac-base-cells-handling.patch using plaintext: 
patching file drivers/nvmem/core.c
patching file drivers/nvmem/layouts.c
patching file include/linux/nvmem-provider.h

Applying /home/mgta29/src/openwrt/target/linux/generic/pending-6.12/809-02-nvmem-layouts-add-support-for-ascii-env-driver.patch using plaintext: 
patching file drivers/nvmem/layouts/Kconfig
patching file drivers/nvmem/layouts/Makefile
patching file drivers/nvmem/layouts/ascii-env.c

Applying /home/mgta29/src/openwrt/target/linux/generic/pending-6.12/809-03-nvmem-layouts-ascii-env-handle-CRLF-while-parsing.patch using plaintext: 
patching file drivers/nvmem/layouts/ascii-env.c

Applying /home/mgta29/src/openwrt/target/linux/generic/pending-6.12/810-pci_disable_common_quirks.patch using plaintext: 
patching file drivers/pci/Kconfig
patching file drivers/pci/quirks.c

Applying /home/mgta29/src/openwrt/target/linux/generic/pending-6.12/811-pci_disable_usb_common_quirks.patch using plaintext: 
patching file drivers/usb/host/pci-quirks.c
patching file drivers/usb/host/pci-quirks.h

Applying /home/mgta29/src/openwrt/target/linux/generic/pending-6.12/812-PCI-sysfs-enforce-single-creation-of-sysfs-entry-for.patch using plaintext: 
patching file drivers/pci/pci-sysfs.c
patching file include/linux/pci.h

Applying /home/mgta29/src/openwrt/target/linux/generic/pending-6.12/834-ledtrig-libata.patch using plaintext: 
patching file drivers/ata/Kconfig
patching file drivers/ata/libata-core.c
patching file include/linux/libata.h

Applying /home/mgta29/src/openwrt/target/linux/generic/pending-6.12/840-hwrng-bcm2835-set-quality-to-1000.patch using plaintext: 
patching file drivers/char/hw_random/bcm2835-rng.c

Applying /home/mgta29/src/openwrt/target/linux/generic/pending-6.12/850-0023-PCI-aardvark-Make-main-irq_chip-structure-a-static-d.patch using plaintext: 
patching file drivers/pci/controller/pci-aardvark.c

Applying /home/mgta29/src/openwrt/target/linux/generic/pending-6.12/890-usb-serial-add-support-for-CH348.patch using plaintext: 
patching file drivers/usb/serial/Kconfig
patching file drivers/usb/serial/Makefile
patching file drivers/usb/serial/ch348.c

Applying /home/mgta29/src/openwrt/target/linux/generic/pending-6.12/900-net-ag71xx-fix-qca9530-and-qca9550-mdio-probe.patch using plaintext: 
patching file drivers/net/ethernet/atheros/ag71xx.c

Applying /home/mgta29/src/openwrt/target/linux/generic/pending-6.12/920-mangle_bootargs.patch using plaintext: 
patching file init/Kconfig
patching file init/main.c

Applying /home/mgta29/src/openwrt/target/linux/generic/hack-6.12/200-tools_portability.patch using plaintext: 
patching file tools/scripts/Makefile.include
patching file tools/include/linux/types.h
patching file tools/objtool/include/objtool/objtool.h
patching file tools/include/asm-generic/bitops/fls.h
patching file tools/lib/string.c
patching file tools/arch/x86/include/asm/insn.h
patching file tools/arch/x86/include/asm/orc_types.h
patching file tools/include/linux/rbtree.h
patching file tools/lib/subcmd/exec-cmd.c
patching file tools/objtool/Makefile
patching file tools/arch/x86/lib/insn.c

Applying /home/mgta29/src/openwrt/target/linux/generic/hack-6.12/204-module_strip.patch using plaintext: 
patching file include/linux/module.h
patching file include/linux/moduleparam.h
patching file kernel/module/Kconfig
patching file kernel/module/main.c
patching file scripts/mod/modpost.c

Applying /home/mgta29/src/openwrt/target/linux/generic/hack-6.12/205-kconfig-abort-configuration-on-unset-symbol.patch using plaintext: 
patching file scripts/kconfig/conf.c

Applying /home/mgta29/src/openwrt/target/linux/generic/hack-6.12/210-darwin_scripts_include.patch using plaintext: 
patching file scripts/mod/elf.h
patching file scripts/mod/mk_elfconfig.c
patching file scripts/mod/modpost.h

Applying /home/mgta29/src/openwrt/target/linux/generic/hack-6.12/211-darwin-uuid-typedef-clash.patch using plaintext: 
patching file scripts/mod/file2alias.c

Applying /home/mgta29/src/openwrt/target/linux/generic/hack-6.12/214-spidev_h_portability.patch using plaintext: 
patching file include/uapi/linux/spi/spidev.h

Applying /home/mgta29/src/openwrt/target/linux/generic/hack-6.12/230-openwrt_lzma_options.patch using plaintext: 
patching file lib/decompress.c
patching file scripts/Makefile.lib

Applying /home/mgta29/src/openwrt/target/linux/generic/hack-6.12/249-udp-tunnel-selection.patch using plaintext: 
patching file net/ipv4/Kconfig

Applying /home/mgta29/src/openwrt/target/linux/generic/hack-6.12/250-netfilter_depends.patch using plaintext: 
patching file net/netfilter/Kconfig

Applying /home/mgta29/src/openwrt/target/linux/generic/hack-6.12/251-kconfig.patch using plaintext: 
patching file crypto/Kconfig
patching file drivers/bcma/Kconfig
patching file drivers/ssb/Kconfig
patching file lib/Kconfig
patching file net/netfilter/Kconfig
patching file sound/core/Kconfig
patching file net/Kconfig

Applying /home/mgta29/src/openwrt/target/linux/generic/hack-6.12/253-ksmbd-config.patch using plaintext: 
patching file init/Kconfig
patching file lib/Kconfig

Applying /home/mgta29/src/openwrt/target/linux/generic/hack-6.12/259-regmap_dynamic.patch using plaintext: 
patching file drivers/base/regmap/Kconfig
patching file drivers/base/regmap/Makefile
patching file drivers/base/regmap/regmap.c
patching file include/linux/regmap.h

Applying /home/mgta29/src/openwrt/target/linux/generic/hack-6.12/260-crypto_test_dependencies.patch using plaintext: 
patching file crypto/Kconfig
patching file crypto/algboss.c

Applying /home/mgta29/src/openwrt/target/linux/generic/hack-6.12/261-lib-arc4-unhide.patch using plaintext: 
patching file lib/crypto/Kconfig

Applying /home/mgta29/src/openwrt/target/linux/generic/hack-6.12/280-rfkill-stubs.patch using plaintext: 
patching file include/linux/rfkill.h
patching file net/Makefile
patching file net/rfkill/Kconfig
patching file net/rfkill/Makefile

Applying /home/mgta29/src/openwrt/target/linux/generic/hack-6.12/300-MIPS-r4k_cache-use-more-efficient-cache-blast.patch using plaintext: 
patching file arch/mips/include/asm/r4kcache.h

Applying /home/mgta29/src/openwrt/target/linux/generic/hack-6.12/301-01-mm-permit-to-declare-custom-execmem-alloc-free-funct.patch using plaintext: 
patching file include/linux/moduleloader.h
patching file mm/execmem.c

Applying /home/mgta29/src/openwrt/target/linux/generic/hack-6.12/301-02-mips-replace-mlong-calls-with-mno-long-calls-if-poss.patch using plaintext: 
patching file arch/mips/Makefile
patching file arch/mips/include/asm/module.h
patching file arch/mips/kernel/module.c

Applying /home/mgta29/src/openwrt/target/linux/generic/hack-6.12/402-mtd-blktrans-call-add-disks-after-mtd-device.patch using plaintext: 
patching file drivers/mtd/mtd_blkdevs.c
patching file drivers/mtd/mtdcore.c
patching file include/linux/mtd/blktrans.h

Applying /home/mgta29/src/openwrt/target/linux/generic/hack-6.12/420-mtd-support-OpenWrt-s-MTD_ROOTFS_ROOT_DEV.patch using plaintext: 
patching file drivers/mtd/mtdcore.c

Applying /home/mgta29/src/openwrt/target/linux/generic/hack-6.12/421-drivers-mtd-parsers-add-nvmem-support-to-cmdlinepart.patch using plaintext: 
patching file drivers/mtd/parsers/cmdlinepart.c

Applying /home/mgta29/src/openwrt/target/linux/generic/hack-6.12/430-mtk-bmt-support.patch using plaintext: 
patching file drivers/mtd/nand/Kconfig
patching file drivers/mtd/nand/Makefile

Applying /home/mgta29/src/openwrt/target/linux/generic/hack-6.12/499-LEGACY-block-partitions-populate-fwnode.patch using plaintext: 
patching file block/partitions/core.c
patching file drivers/mmc/core/bus.c
patching file drivers/mmc/core/block.c

Applying /home/mgta29/src/openwrt/target/linux/generic/hack-6.12/600-net-enable-fraglist-GRO-by-default.patch using plaintext: 
patching file include/linux/netdev_features.h

Applying /home/mgta29/src/openwrt/target/linux/generic/hack-6.12/610-net-page_pool-try-to-free-deferred-skbs-while-waitin.patch using plaintext: 
patching file net/core/page_pool.c

Applying /home/mgta29/src/openwrt/target/linux/generic/hack-6.12/645-netfilter-connmark-introduce-set-dscpmark.patch using plaintext: 
patching file include/uapi/linux/netfilter/xt_connmark.h
patching file net/netfilter/xt_connmark.c

Applying /home/mgta29/src/openwrt/target/linux/generic/hack-6.12/650-netfilter-add-xt_FLOWOFFLOAD-target.patch using plaintext: 
patching file net/netfilter/Kconfig
patching file net/netfilter/Makefile
patching file net/netfilter/xt_FLOWOFFLOAD.c
patching file net/netfilter/nf_flow_table_core.c
patching file include/uapi/linux/netfilter/xt_FLOWOFFLOAD.h
patching file include/net/netfilter/nf_flow_table.h

Applying /home/mgta29/src/openwrt/target/linux/generic/hack-6.12/651-wireless_mesh_header.patch using plaintext: 
patching file include/linux/netdevice.h

Applying /home/mgta29/src/openwrt/target/linux/generic/hack-6.12/660-fq_codel_defaults.patch using plaintext: 
patching file net/sched/sch_fq_codel.c

Applying /home/mgta29/src/openwrt/target/linux/generic/hack-6.12/661-kernel-ct-size-the-hashtable-more-adequately.patch using plaintext: 
patching file net/netfilter/nf_conntrack_core.c

Applying /home/mgta29/src/openwrt/target/linux/generic/hack-6.12/700-swconfig_switch_drivers.patch using plaintext: 
patching file drivers/net/phy/Kconfig
patching file drivers/net/phy/Makefile
patching file include/linux/platform_data/b53.h

Applying /home/mgta29/src/openwrt/target/linux/generic/hack-6.12/710-net-sched-sch_cake-configure-sync_time-via-debugfs.patch using plaintext: 
patching file net/sched/sch_cake.c

Applying /home/mgta29/src/openwrt/target/linux/generic/hack-6.12/711-net-dsa-mv88e6xxx-disable-ATU-violation.patch using plaintext: 
patching file drivers/net/dsa/mv88e6xxx/chip.c

Applying /home/mgta29/src/openwrt/target/linux/generic/hack-6.12/721-net-add-packet-mangeling.patch using plaintext: 
patching file include/linux/netdevice.h
patching file include/linux/skbuff.h
patching file net/Kconfig
patching file net/core/dev.c
patching file net/core/skbuff.c
patching file net/ethernet/eth.c

Applying /home/mgta29/src/openwrt/target/linux/generic/hack-6.12/722-net-phy-aquantia-enable-AQR112-and-AQR412.patch using plaintext: 
patching file drivers/net/phy/aquantia/aquantia_main.c

Applying /home/mgta29/src/openwrt/target/linux/generic/hack-6.12/723-net-phy-aquantia-fix-system-side-protocol-mi.patch using plaintext: 
patching file drivers/net/phy/aquantia/aquantia_main.c

Applying /home/mgta29/src/openwrt/target/linux/generic/hack-6.12/725-net-phy-aquantia-add-PHY_IDs-for-AQR112-variants.patch using plaintext: 
patching file drivers/net/phy/aquantia/aquantia_main.c

Applying /home/mgta29/src/openwrt/target/linux/generic/hack-6.12/730-net-ethernet-mtk_eth_soc-add-hw-dump-for-forced-rese.patch using plaintext: 
patching file drivers/net/ethernet/mediatek/mtk_eth_soc.c
patching file drivers/net/ethernet/mediatek/mtk_eth_soc.h

Applying /home/mgta29/src/openwrt/target/linux/generic/hack-6.12/735-net-phy-realtek-rtl8261n.patch using plaintext: 
patching file drivers/net/phy/Kconfig
patching file drivers/net/phy/Makefile

Applying /home/mgta29/src/openwrt/target/linux/generic/hack-6.12/750-net-pcs-mtk-lynxi-workaround-2500BaseX-no-an.patch using plaintext: 
patching file drivers/net/pcs/pcs-mtk-lynxi.c

Applying /home/mgta29/src/openwrt/target/linux/generic/hack-6.12/755-net-phy-motorcomm-yt8821-bus-collision-workaround.patch using plaintext: 
patching file drivers/net/phy/motorcomm.c

Applying /home/mgta29/src/openwrt/target/linux/generic/hack-6.12/760-net-usb-r8152-add-LED-configuration-from-OF.patch using plaintext: 
patching file drivers/net/usb/r8152.c

Applying /home/mgta29/src/openwrt/target/linux/generic/hack-6.12/761-dt-bindings-net-add-RTL8152-binding-documentation.patch using plaintext: 
patching file Documentation/devicetree/bindings/net/realtek,rtl8152.yaml

Applying /home/mgta29/src/openwrt/target/linux/generic/hack-6.12/766-net-phy-mediatek-ge-add-LED-configuration-interface.patch using plaintext: 
patching file drivers/net/phy/mediatek/mtk-ge.c

Applying /home/mgta29/src/openwrt/target/linux/generic/hack-6.12/770-r8169-LED-uses-original-network-port-name.patch using plaintext: 
patching file drivers/net/ethernet/realtek/r8169.h
patching file drivers/net/ethernet/realtek/r8169_leds.c
patching file drivers/net/ethernet/realtek/r8169_main.c

Applying /home/mgta29/src/openwrt/target/linux/generic/hack-6.12/773-bgmac-add-srab-switch.patch using plaintext: 
patching file drivers/net/ethernet/broadcom/bgmac-bcma.c
patching file drivers/net/ethernet/broadcom/bgmac.c
patching file drivers/net/ethernet/broadcom/bgmac.h

Applying /home/mgta29/src/openwrt/target/linux/generic/hack-6.12/780-usb-net-MeigLink_modem_support.patch using plaintext: 
patching file drivers/net/usb/qmi_wwan.c
patching file drivers/usb/serial/option.c

Applying /home/mgta29/src/openwrt/target/linux/generic/hack-6.12/781-usb-net-rndis-support-asr.patch using plaintext: 
patching file drivers/net/usb/rndis_host.c

Applying /home/mgta29/src/openwrt/target/linux/generic/hack-6.12/800-GPIO-add-named-gpio-exports.patch using plaintext: 
patching file drivers/gpio/gpiolib-of.c
patching file include/linux/gpio/consumer.h
patching file drivers/gpio/gpiolib-sysfs.c

Applying /home/mgta29/src/openwrt/target/linux/generic/hack-6.12/810-bcma-ssb-fallback-sprom.patch using plaintext: 
patching file drivers/bcma/Kconfig
patching file drivers/bcma/Makefile
patching file drivers/bcma/bcma_private.h
patching file drivers/bcma/main.c
patching file drivers/bcma/sprom.c
patching file drivers/ssb/Kconfig
patching file drivers/ssb/Makefile
patching file drivers/ssb/main.c
patching file drivers/ssb/sprom.c
patching file drivers/ssb/ssb_private.h

Applying /home/mgta29/src/openwrt/target/linux/generic/hack-6.12/901-debloat_sock_diag.patch using plaintext: 
patching file net/Kconfig
patching file net/core/Makefile
patching file net/core/sock.c
patching file net/core/sock_diag.c
patching file net/ipv4/Kconfig
patching file net/netlink/Kconfig
patching file net/packet/Kconfig
patching file net/unix/Kconfig
patching file net/xdp/Kconfig

Applying /home/mgta29/src/openwrt/target/linux/generic/hack-6.12/902-debloat_proc.patch using plaintext: 
patching file fs/locks.c
patching file fs/proc/Kconfig
patching file fs/proc/consoles.c
patching file fs/proc/proc_tty.c
patching file include/net/snmp.h
patching file ipc/msg.c
patching file ipc/sem.c
patching file ipc/shm.c
patching file ipc/util.c
patching file kernel/exec_domain.c
patching file kernel/irq/proc.c
patching file kernel/time/timer_list.c
patching file mm/vmalloc.c
patching file mm/vmstat.c
patching file net/8021q/vlanproc.c
patching file net/core/net-procfs.c
patching file net/core/sock.c
patching file net/ipv4/fib_trie.c
patching file net/ipv4/proc.c
patching file net/ipv4/route.c
patching file net/ipv4/inet_timewait_sock.c

Applying /home/mgta29/src/openwrt/target/linux/generic/hack-6.12/904-debloat_dma_buf.patch using plaintext: 
patching file drivers/base/Kconfig
patching file drivers/dma-buf/heaps/Makefile
patching file drivers/dma-buf/Makefile
patching file drivers/dma-buf/dma-buf.c
patching file kernel/sched/core.c
patching file fs/d_path.c
patching file net/Kconfig

Applying /home/mgta29/src/openwrt/target/linux/generic/hack-6.12/910-kobject_uevent.patch using plaintext: 
patching file include/linux/kobject.h
patching file lib/kobject_uevent.c

Applying /home/mgta29/src/openwrt/target/linux/generic/hack-6.12/911-kobject_add_broadcast_uevent.patch using plaintext: 
patching file include/linux/kobject.h
patching file lib/kobject_uevent.c

Applying /home/mgta29/src/openwrt/target/linux/generic/hack-6.12/920-device_tree_cmdline.patch using plaintext: 
patching file drivers/of/fdt.c

Applying /home/mgta29/src/openwrt/target/linux/generic/hack-6.12/930-Revert-Revert-Revert-driver-core-Set-fw_devlink-on-b.patch using plaintext: 
patching file drivers/base/core.c

Applying /home/mgta29/src/openwrt/target/linux/bmips/patches-6.12/100-irqchip-add-support-for-bcm6345-style-external-inter.patch using plaintext: 
patching file Documentation/devicetree/bindings/interrupt-controller/brcm,bcm6345-ext-intc.txt
patching file drivers/irqchip/Kconfig
patching file drivers/irqchip/Makefile
patching file drivers/irqchip/irq-bcm6345-ext.c
patching file include/linux/irqchip/irq-bcm6345-ext.h

Applying /home/mgta29/src/openwrt/target/linux/bmips/patches-6.12/110-net-dsa-b53-bcm531x5-fix-cpu-rgmii-mode-interpretation.patch using plaintext: 
patching file drivers/net/dsa/b53/Kconfig
patching file drivers/net/dsa/b53/b53_common.c

Applying /home/mgta29/src/openwrt/target/linux/bmips/patches-6.12/200-mips-bmips-automatically-detect-CPU-frequency.patch using plaintext: 
patching file arch/mips/bmips/setup.c

Applying /home/mgta29/src/openwrt/target/linux/bmips/patches-6.12/201-mips-bmips-automatically-detect-RAM-size.patch using plaintext: 
patching file arch/mips/bmips/setup.c

Applying /home/mgta29/src/openwrt/target/linux/bmips/patches-6.12/202-mips-bmips-tweak-Kconfig-options.patch using plaintext: 
patching file arch/mips/Kconfig
patching file drivers/irqchip/Kconfig

Applying /home/mgta29/src/openwrt/target/linux/bmips/patches-6.12/500-net-broadcom-add-BCM6368-enetsw-controller-driver.patch using plaintext: 
patching file drivers/net/ethernet/broadcom/Kconfig
patching file drivers/net/ethernet/broadcom/Makefile

Applying /home/mgta29/src/openwrt/target/linux/bmips/patches-6.12/501-net-broadcom-add-BCM6348-enet-controller-driver.patch using plaintext: 
patching file drivers/net/ethernet/broadcom/Kconfig
patching file drivers/net/ethernet/broadcom/Makefile

Applying /home/mgta29/src/openwrt/target/linux/bmips/patches-6.12/502-net-mdio-mux-bcm6368-allow-disabling.patch using plaintext: 
patching file drivers/net/mdio/Kconfig

Applying /home/mgta29/src/openwrt/target/linux/bmips/patches-6.12/600-mips-bmips-add-pci-support.patch using plaintext: 
patching file arch/mips/Kconfig
patching file arch/mips/pci/Makefile

Applying /home/mgta29/src/openwrt/target/linux/bmips/patches-6.12/601-pci-controllers-add-bcm6328-pcie-support.patch using plaintext: 
patching file drivers/pci/controller/Kconfig
patching file drivers/pci/controller/Makefile

Applying /home/mgta29/src/openwrt/target/linux/bmips/patches-6.12/602-pci-controllers-add-bcm6318-pcie-support.patch using plaintext: 
patching file drivers/pci/controller/Kconfig
patching file drivers/pci/controller/Makefile

Applying /home/mgta29/src/openwrt/target/linux/bmips/patches-6.12/603-pci-controllers-add-bcm6348-pci-support.patch using plaintext: 
patching file drivers/pci/controller/Kconfig
patching file drivers/pci/controller/Makefile

Applying /home/mgta29/src/openwrt/target/linux/bmips/patches-6.12/700-leds-add-support-for-Sercomm-MSP430-LED-controller.patch using plaintext: 
patching file drivers/leds/Kconfig
patching file drivers/leds/Makefile

Applying /home/mgta29/src/openwrt/target/linux/bmips/patches-6.12/800-jffs2-work-around-unaligned-accesses-failing-on-bcm6.patch using plaintext: 
patching file fs/jffs2/nodelist.h

Applying /home/mgta29/src/openwrt/target/linux/bmips/patches-6.12/998-bmips-tc7200u-gmac-init.patch using plaintext: 
patching file arch/mips/bmips/setup.c
Hunk #3 succeeded at 293 with fuzz 1.
touch /home/mgta29/src/openwrt/build_dir/target-mips_mips32_musl/linux-bmips_bcm63268/linux-6.12.87/.prepared_36fb2890c165073412f2a151600f3418
make[3]: Leaving directory '/home/mgta29/src/openwrt/target/linux/bmips'
make[2]: Leaving directory '/home/mgta29/src/openwrt/target/linux'
time: target/linux/prepare#6.27#4.51#4.49
make[1]: Leaving directory '/home/mgta29/src/openwrt'
